Datetime,Adj Close,Close,High,Low,Open,Volume,15m_Return_%,SMA20,SMA50
2026-06-04 09:30:00,311.8900146484375,311.8900146484375,313.5400085449219,310.4359130859375,313.30499267578125,5517795,,,
2026-06-04 09:45:00,312.3800048828125,312.3800048828125,312.4700012207031,310.8399963378906,311.8999938964844,1457485,0.15710353373361574,,
2026-06-04 10:00:00,311.397705078125,311.397705078125,312.3699951171875,310.79998779296875,312.364990234375,1445792,-0.314456683953257,,
2026-06-04 10:15:00,310.25,310.25,311.875,309.90008544921875,311.42498779296875,1218937,-0.36856568285789093,,
2026-06-04 10:30:00,310.42010498046875,310.42010498046875,310.8500061035156,310.05999755859375,310.260009765625,944619,0.054828357927072524,,
2026-06-04 10:45:00,310.42999267578125,310.42999267578125,310.760009765625,309.79998779296875,310.42999267578125,1038787,0.003185262537397371,,
2026-06-04 11:00:00,310.8550109863281,310.8550109863281,311.3500061035156,310.42498779296875,310.42999267578125,899030,0.13691277279086478,,
2026-06-04 11:15:00,310.3999938964844,310.3999938964844,311.29998779296875,310.2300109863281,310.8599853515625,719304,-0.14637598679847486,,
2026-06-04 11:30:00,310.19000244140625,310.19000244140625,310.57000732421875,309.6499938964844,310.4100036621094,796684,-0.06765188763120378,,
2026-06-04 11:45:00,310.3699951171875,310.3699951171875,310.4200134277344,309.9700012207031,310.17999267578125,842807,0.058026588337667384,,
2026-06-04 12:00:00,310.8550109863281,310.8550109863281,310.95989990234375,310.260009765625,310.3999938964844,833069,0.1562702183751652,,
2026-06-04 12:15:00,310.6300048828125,310.6300048828125,311.1099853515625,310.5799865722656,310.8500061035156,630271,-0.0723829745583604,,
2026-06-04 12:30:00,311.4100036621094,311.4100036621094,311.4898986816406,310.4800109863281,310.6300048828125,1024144,0.2511022010224462,,
2026-06-04 12:45:00,311.4049987792969,311.4049987792969,311.7900085449219,311.0,311.4100036621094,1139043,-0.0016071682841456436,,
2026-06-04 13:00:00,311.07000732421875,311.07000732421875,311.70001220703125,310.9599914550781,311.4100036621094,762184,-0.10757420606325452,,
2026-06-04 13:15:00,311.6650085449219,311.6650085449219,311.7049865722656,310.9800109863281,311.07000732421875,589236,0.19127566357850512,,
2026-06-04 13:30:00,311.69000244140625,311.69000244140625,311.9750061035156,311.6300048828125,311.6700134277344,570318,0.00801947469208919,,
2026-06-04 13:45:00,311.239990234375,311.239990234375,311.69000244140625,311.18499755859375,311.6799011230469,529930,-0.14437813324341686,,
2026-06-04 14:00:00,311.3164978027344,311.3164978027344,311.4649963378906,310.989990234375,311.2300109863281,593320,0.024581535393886078,,
2026-06-04 14:15:00,311.4200134277344,311.4200134277344,311.6499938964844,311.2349853515625,311.32000732421875,513349,0.03325092814887576,311.06421813964846,
2026-06-04 14:30:00,311.9549865722656,311.9549865722656,311.9750061035156,311.35919189453125,311.4100036621094,655391,0.1717850881332028,311.06746673583984,
2026-06-04 14:45:00,311.7300109863281,311.7300109863281,311.989990234375,311.4400939941406,311.9551086425781,633051,-0.07211796432861073,311.03496704101565,
2026-06-04 15:00:00,311.82501220703125,311.82501220703125,311.89990234375,311.6600036621094,311.7250061035156,585660,0.030475481139125016,311.05633239746095,
2026-06-04 15:15:00,311.94000244140625,311.94000244140625,312.07000732421875,311.7145080566406,311.82501220703125,738837,0.03687652685753218,311.1408325195313,
2026-06-04 15:30:00,311.4100036621094,311.4100036621094,311.9599914550781,311.0400085449219,311.94000244140625,912485,-0.16990407615209424,311.1903274536133,
2026-06-04 15:45:00,311.1600036621094,311.1600036621094,311.95001220703125,310.260009765625,311.4100036621094,3237992,-0.08028001575416388,311.22682800292966,
2026-06-05 09:30:00,313.6899108886719,313.6899108886719,314.2699890136719,312.3999938964844,312.989990234375,3837240,0.8130566900589553,311.3685729980469,
2026-06-05 09:45:00,313.6600036621094,313.6600036621094,314.5,312.9700012207031,313.69000244140625,2421141,-0.009534009709710745,311.5315734863281,
2026-06-05 10:00:00,313.55999755859375,313.55999755859375,313.75,312.5,313.6700134277344,2311317,-0.0318836008251,311.7000732421875,
2026-06-05 10:15:00,313.42498779296875,313.42498779296875,315.1700134277344,313.1499938964844,313.57501220703125,2091001,-0.04305707573548645,311.8528228759766,
2026-06-05 10:30:00,314.15509033203125,314.15509033203125,314.75,313.1000061035156,313.4200134277344,1419507,0.2329433094035105,312.01782684326173,
2026-06-05 10:45:00,312.9800109863281,312.9800109863281,314.260009765625,312.239990234375,314.1499938964844,1271956,-0.3740443436587859,312.1353271484375,
2026-06-05 11:00:00,313.0,313.0,313.489990234375,312.9700012207031,313.0,871124,0.006386674218861188,312.214826965332,
2026-06-05 11:15:00,313.42999267578125,313.42999267578125,313.57000732421875,312.6199951171875,313.01141357421875,1183891,0.13737785168730365,312.3160766601562,
2026-06-05 11:30:00,313.5,313.5,314.14990234375,313.3550109863281,313.4200134277344,1414933,0.02233587271629478,312.4375762939453,
2026-06-05 11:45:00,313.42999267578125,313.42999267578125,313.6210021972656,312.8699951171875,313.5,792621,-0.022330884918264626,312.5258255004883,
2026-06-05 12:00:00,313.1400146484375,313.1400146484375,313.54998779296875,312.6499938964844,313.4200134277344,1041699,-0.09251763842642591,312.5983261108398,
2026-06-05 12:15:00,312.0,312.0,313.2449951171875,311.8500061035156,313.1379089355469,1285582,-0.36405907744412325,312.6363265991211,
2026-06-05 12:30:00,311.05999755859375,311.05999755859375,312.1499938964844,310.79998779296875,312.0050048828125,1675947,-0.3012828337840556,312.6235015869141,
2026-06-05 12:45:00,310.8800048828125,310.8800048828125,311.67999267578125,310.6600036621094,311.0400085449219,2905797,-0.05786429537515403,312.596501159668,
2026-06-05 13:00:00,310.5150146484375,310.5150146484375,311.0,309.5799865722656,310.8999938964844,2053357,-0.11740550329462085,312.5245025634766,
2026-06-05 13:15:00,311.510009765625,311.510009765625,311.5199890136719,310.3599853515625,310.5150146484375,1087006,0.32043381809219174,312.5135025024414,
2026-06-05 13:30:00,311.7099914550781,311.7099914550781,312.0,311.3800048828125,311.4949951171875,986883,0.06419751635062809,312.50775146484375,
2026-06-05 13:45:00,312.5199890136719,312.5199890136719,312.6416931152344,311.6653137207031,311.7200012207031,954486,0.25985614218289044,312.53675079345703,
2026-06-05 14:00:00,312.0398864746094,312.0398864746094,312.6499938964844,311.8900146484375,312.5400085449219,978458,-0.15362298602970004,312.56824493408203,
2026-06-05 14:15:00,311.5260009765625,311.5260009765625,312.79998779296875,311.4700012207031,312.0,1515700,-0.16468583675397497,312.5865447998047,
2026-06-05 14:30:00,310.0899963378906,310.0899963378906,312.0199890136719,310.0199890136719,311.5400085449219,1992976,-0.46095819744430555,312.40654907226565,
2026-06-05 14:45:00,309.4700012207031,309.4700012207031,310.57000732421875,309.4599914550781,310.1000061035156,4699244,-0.19994038005403114,312.1970489501953,
2026-06-05 15:00:00,308.4649963378906,308.4649963378906,309.67999267578125,308.239990234375,309.4700012207031,2124919,-0.324750340533253,311.94229888916016,
2026-06-05 15:15:00,308.9100036621094,308.9100036621094,308.9100036621094,307.1499938964844,308.44000244140625,2439476,0.14426509636487062,311.7165496826172,311.59940551757813
2026-06-05 15:30:00,308.1000061035156,308.1000061035156,308.9800109863281,307.92999267578125,308.8800048828125,1935809,-0.26221150140535165,311.4137954711914,311.5236053466797
2026-06-05 15:45:00,307.3900146484375,307.3900146484375,308.82000732421875,307.3599853515625,308.0899963378906,5340785,-0.23044188283448674,311.13429565429686,311.4238055419922
2026-06-08 09:30:00,311.489990234375,311.489990234375,315.1700134277344,308.5220031738281,308.739013671875,6266305,1.3338024628505307,311.0587951660156,311.4256512451172
2026-06-08 09:45:00,310.9200134277344,310.9200134277344,312.7699890136719,310.6050109863281,311.4949951171875,1760237,-0.1829839880927664,310.9332962036133,311.43905151367187
2026-06-08 10:00:00,310.92999267578125,310.92999267578125,312.42999267578125,310.7449951171875,310.9599914550781,1459231,0.00320958690849249,310.80479583740237,311.4492492675781
2026-06-08 10:15:00,311.9750061035156,311.9750061035156,312.2762145996094,309.9169006347656,310.9100036621094,1375952,0.33609283515600996,310.73204650878904,311.4801495361328
2026-06-08 10:30:00,312.8699951171875,312.8699951171875,312.9599914550781,311.7799987792969,311.9599914550781,1336093,0.2868784345419373,310.7185455322266,311.52044921875
2026-06-08 10:45:00,315.2699890136719,315.2699890136719,315.3599853515625,312.8900146484375,312.8900146484375,2011571,0.7670898245085711,310.88204498291014,311.61784912109374
2026-06-08 11:00:00,314.2850036621094,314.2850036621094,315.3500061035156,314.2619934082031,315.260009765625,1213280,-0.3124259796005502,311.0432952880859,311.69974914550784
2026-06-08 11:15:00,313.92999267578125,313.92999267578125,314.5950012207031,313.875,314.2900085449219,958504,-0.1129582965116005,311.1957946777344,311.7709490966797
2026-06-08 11:30:00,314.1799011230469,314.1799011230469,314.2998962402344,313.32000732421875,313.92999267578125,1519122,0.07960642598545675,311.37903900146483,311.8374468994141
2026-06-08 11:45:00,313.6099853515625,313.6099853515625,314.6000061035156,313.4599914550781,314.20001220703125,931927,-0.18139790911104736,311.4840377807617,311.89704650878906
2026-06-08 12:00:00,314.0450134277344,314.0450134277344,314.3900146484375,313.3200988769531,313.6199951171875,1570776,0.1387162706838474,311.60078887939454,311.9497467041016
2026-06-08 12:15:00,313.6650085449219,313.6650085449219,314.989990234375,313.6300964355469,314.04998779296875,950410,-0.12100331690187982,311.65803985595704,311.99494689941406
2026-06-08 12:30:00,313.2850036621094,313.2850036621094,313.7911071777344,312.8599853515625,313.67999267578125,1116518,-0.12114991231420014,311.72029571533204,312.03924682617185
2026-06-08 12:45:00,313.5,313.5,314.0899963378906,313.2099914550781,313.2799987792969,1004354,0.06862643770926269,311.8189956665039,312.0759466552734
2026-06-08 13:00:00,313.4599914550781,313.4599914550781,314.5,312.5899963378906,313.510009765625,1958320,-0.012761896306823228,311.9874954223633,312.11134643554686
2026-06-08 13:15:00,314.57000732421875,314.57000732421875,314.69000244140625,312.2099914550781,313.4649963378906,1450273,0.3541172396476888,312.24249572753905,312.1779467773438
2026-06-08 13:30:00,308.8299865722656,308.8299865722656,317.3999938964844,308.7200012207031,314.56500244140625,7026268,-1.8247196548643152,312.2607452392578,312.1282165527344
2026-06-08 13:45:00,308.4549865722656,308.4549865722656,310.2900085449219,307.57000732421875,308.8450012207031,4318798,-0.12142603254371442,312.2379943847656,312.068916015625
2026-06-08 14:00:00,304.7200012207031,304.7200012207031,309.0400085449219,303.7099914550781,308.5,5515754,-1.2108688509360421,312.068994140625,311.92421630859377
2026-06-08 14:15:00,304.8599853515625,304.8599853515625,306.0,303.72369384765625,304.7200012207031,3067008,0.04593860931301208,311.94249267578124,311.78681579589846
2026-06-08 14:30:00,302.8299865722656,302.8299865722656,305.5299987792969,302.67999267578125,304.8999938964844,2711671,-0.6658790516426372,311.5094924926758,311.60691528320314
2026-06-08 14:45:00,303.80999755859375,303.80999755859375,304.2900085449219,302.7699890136719,302.8299865722656,2053638,0.3236175510294981,311.15399169921875,311.4443151855469
2026-06-08 15:00:00,304.25,304.25,304.7699890136719,303.5,303.8500061035156,2481684,0.1448281639650162,310.8199920654297,311.3011151123047
2026-06-08 15:15:00,302.7049865722656,302.7049865722656,304.8800048828125,302.05010986328125,304.25,2647134,-0.5078104939143402,310.3564910888672,311.1320147705078
2026-06-08 15:30:00,302.8299865722656,302.8299865722656,303.2445068359375,301.7900085449219,302.7099914550781,2324818,0.04129433129445026,309.85449066162107,310.91481628417966
2026-06-08 15:45:00,301.57000732421875,301.57000732421875,302.8500061035156,301.1700134277344,302.8500061035156,4974017,-0.4160681913665809,309.16949157714845,310.6730163574219
2026-06-09 09:30:00,297.2699890136719,297.2699890136719,300.7200012207031,297.05999755859375,300.2749938964844,5624533,-1.4258773107777678,308.31874084472656,310.34721618652344
2026-06-09 09:45:00,296.1499938964844,296.1499938964844,298.25,295.94000244140625,297.239990234375,2901642,-0.3767602376895107,307.4297409057617,310.00171630859376
2026-06-09 10:00:00,294.0350036621094,294.0350036621094,296.2298889160156,293.5,296.1700134277344,3423784,-0.7141618362194735,306.42249603271483,309.5993145751953
2026-06-09 10:15:00,292.5299987792969,292.5299987792969,294.0299987792969,292.2099914550781,294.010009765625,3608395,-0.5118454823637153,305.3684967041016,309.1903143310547
2026-06-09 10:30:00,293.2900085449219,293.2900085449219,293.8800048828125,291.79998779296875,292.5191955566406,2860573,0.2598057528446551,304.33074645996095,308.7961145019531
2026-06-09 10:45:00,293.1199951171875,293.1199951171875,293.32049560546875,291.9100036621094,293.2900085449219,2613532,-0.05796768481062253,303.3034957885742,308.38991455078127
2026-06-09 11:00:00,293.489990234375,293.489990234375,293.7300109863281,292.5,293.1400146484375,1729985,0.12622650223488296,302.3137451171875,307.9897143554688
2026-06-09 11:15:00,291.5799865722656,291.5799865722656,293.69000244140625,291.5,293.4849853515625,1954916,-0.6507900526979138,301.2177444458008,307.55271423339843
2026-06-09 11:30:00,291.2099914550781,291.2099914550781,291.9800109863281,291.1199951171875,291.55999755859375,1916351,-0.12689317999395877,300.1052444458008,307.11411376953123
2026-06-09 11:45:00,291.1700134277344,291.1700134277344,291.8800048828125,290.8999938964844,291.2300109863281,2029891,-0.013728247147015704,298.93524475097655,306.69751403808596
2026-06-09 12:00:00,291.0299987792969,291.0299987792969,291.5,290.3370056152344,291.1650085449219,2101261,-0.048086905237665345,298.0452453613281,306.2969140625
2026-06-09 12:15:00,289.5,289.5,291.1050109863281,289.4800109863281,291.0,2481972,-0.5257185808041576,297.09749603271484,305.86931396484374
2026-06-09 12:30:00,288.44219970703125,288.44219970703125,289.8599853515625,287.7799987792969,289.5,3350622,-0.3653887022344593,296.2836059570312,305.4278576660156
2026-06-09 12:45:00,289.1600036621094,289.1600036621094,289.4100036621094,287.80999755859375,288.44000244140625,1969214,0.24885538794503503,295.4986068725586,304.9808575439453
2026-06-09 13:00:00,290.010009765625,290.010009765625,290.20001220703125,289.18011474609375,289.2099914550781,1584084,0.2939570109111278,294.85760803222655,304.54685791015623
2026-06-09 13:15:00,290.4599914550781,290.4599914550781,291.1300048828125,289.6300964355469,290.010009765625,1599405,0.15516074421595416,294.19010772705076,304.10565795898435
2026-06-09 13:30:00,290.05499267578125,290.05499267578125,290.7699890136719,289.9100036621094,290.44000244140625,1192581,-0.13943358507586545,293.48035736083983,303.6659600830078
2026-06-09 13:45:00,289.67999267578125,289.67999267578125,290.1600036621094,289.5,290.05499267578125,1188503,-0.12928582836675417,292.8291076660156,303.2290399169922
2026-06-09 14:00:00,289.9750061035156,289.9750061035156,290.1099853515625,289.3399963378906,289.69000244140625,1059711,0.10184114719464787,292.1863586425781,302.82674011230466
2026-06-09 14:15:00,290.95001220703125,290.95001220703125,290.95001220703125,289.45001220703125,289.9750061035156,1347656,0.3362379801683968,291.6553588867188,302.45634033203123
2026-06-09 14:30:00,290.5,290.5,291.79998779296875,290.42999267578125,290.94000244140625,1319546,-0.15466993921657846,291.31685943603514,302.09704040527345
2026-06-09 14:45:00,291.32000732421875,291.32000732421875,291.5,290.3699951171875,290.4800109863281,1125472,0.2822744661682419,291.0753601074219,301.7452404785156
2026-06-09 15:00:00,291.05499267578125,291.05499267578125,291.9200134277344,290.9700012207031,291.3299865722656,1309518,-0.09097028757882875,290.92635955810545,301.40434020996094
2026-06-09 15:15:00,291.1300048828125,291.1300048828125,291.2699890136719,290.2900085449219,291.0799865722656,1305796,0.025772520286171385,290.8563598632812,301.07914001464843
2026-06-09 15:30:00,289.2099914550781,289.2099914550781,291.25,289.1400146484375,291.1199951171875,2001677,-0.659503794020555,290.65235900878906,300.6335400390625
2026-06-09 15:45:00,290.3599853515625,290.3599853515625,291.67999267578125,288.79998779296875,289.2099914550781,5034143,0.39763283789004955,290.5143585205078,300.22233947753904
2026-06-10 09:30:00,289.92498779296875,289.92498779296875,291.0,287.3800048828125,290.7650146484375,4667700,-0.14981319070775934,290.3361083984375,299.8022393798828
2026-06-10 09:45:00,289.489990234375,289.489990234375,290.3800048828125,288.3900146484375,289.8999938964844,2346021,-0.15003796737395048,290.23160858154296,299.3525390625
2026-06-10 10:00:00,290.739990234375,290.739990234375,291.19000244140625,289.3500061035156,289.489990234375,1959675,0.43179385891305433,290.20810852050784,298.9099389648438
2026-06-10 10:15:00,289.7349853515625,289.7349853515625,290.8999938964844,289.2900085449219,290.739990234375,1632394,-0.34567136154965983,290.13635711669923,298.39923889160156
2026-06-10 10:30:00,288.7449951171875,288.7449951171875,290.6199951171875,288.7099914550781,289.7099914550781,2509424,-0.34168819246103155,290.02210693359376,297.8884387207031
2026-06-10 10:45:00,289.6700134277344,289.6700134277344,289.8800048828125,288.44500732421875,288.7300109863281,1274804,0.3203582144069461,290.03060760498045,297.4032391357422
2026-06-10 11:00:00,290.42999267578125,290.42999267578125,290.6499938964844,289.1000061035156,289.67999267578125,1075704,0.26236034550275456,290.12999725341797,296.92824096679686
2026-06-10 11:15:00,289.989990234375,289.989990234375,290.6000061035156,289.6400146484375,290.42498779296875,1247562,-0.15150034517869004,290.17149658203124,296.4558410644531
2026-06-10 11:30:00,291.385009765625,291.385009765625,291.5199890136719,289.739990234375,289.95001220703125,1133775,0.48105782207259473,290.24024658203126,296.0026409912109
2026-06-10 11:45:00,291.2950134277344,291.2950134277344,291.5400085449219,290.1000061035156,291.3699951171875,1512352,-0.030885713016948202,290.28199768066406,295.5552410888672
2026-06-10 12:00:00,290.9150085449219,290.9150085449219,291.6400146484375,290.510009765625,291.29998779296875,1081373,-0.13045361756828244,290.3249984741211,295.10784118652344
2026-06-10 12:15:00,291.7300109863281,291.7300109863281,291.739990234375,290.55999755859375,290.9100036621094,812751,0.28015139042933956,290.42749938964846,294.67244140625
2026-06-10 12:30:00,292.8599853515625,292.8599853515625,292.9800109863281,291.35650634765625,291.739990234375,2590410,0.3873356606041156,290.5717483520508,294.2604412841797
2026-06-10 12:45:00,292.29998779296875,292.29998779296875,292.8999938964844,291.79998779296875,292.8399963378906,1067025,-0.1912168225787103,290.63924713134764,293.8150408935547
2026-06-10 13:00:00,292.1300048828125,292.1300048828125,292.87091064453125,291.8299865722656,292.3052978515625,816350,-0.058153580997288845,290.72074737548826,293.4810412597656
2026-06-10 13:15:00,293.15008544921875,293.15008544921875,293.2294921875,291.7200012207031,292.1099853515625,1011972,0.34918719383703056,290.81225128173827,293.17494323730466
2026-06-10 13:30:00,292.70001220703125,292.70001220703125,293.19500732421875,292.527587890625,293.1600036621094,1007305,-0.1535299713448235,290.8945022583008,292.9345434570312
2026-06-10 13:45:00,294.0199890136719,294.0199890136719,294.07000732421875,292.5104064941406,292.7049865722656,2862884,0.45096575045817655,291.03900146484375,292.7177435302734
2026-06-10 14:00:00,294.489990234375,294.489990234375,294.6600036621094,293.8699951171875,294.010009765625,1435260,0.15985349236962154,291.3030014038086,292.55094360351563
2026-06-10 14:15:00,294.30999755859375,294.30999755859375,294.7449951171875,293.989990234375,294.4800109863281,1060131,-0.061120133705727664,291.50050201416013,292.36094360351564
2026-06-10 14:30:00,293.6099853515625,293.6099853515625,294.29998779296875,293.3599853515625,294.29998779296875,972838,-0.23784859938096314,291.6847518920898,292.14814331054686
2026-06-10 14:45:00,292.8699951171875,292.8699951171875,293.7099914550781,292.7300109863281,293.6199951171875,986615,-0.25203169895224864,291.85375213623047,291.9514434814453
2026-06-10 15:00:00,292.8299865722656,292.8299865722656,293.3599853515625,292.5899963378906,292.8800048828125,1130819,-0.013660854846486714,291.958251953125,291.75144348144534
2026-06-10 15:15:00,291.92999267578125,291.92999267578125,292.8799133300781,291.6199951171875,292.8399963378906,1525028,-0.3073434886294635,292.06800231933596,291.55864318847654
2026-06-10 15:30:00,292.1499938964844,292.1499938964844,292.5852966308594,291.739990234375,291.9200134277344,1235693,0.07536095167428591,292.2382522583008,291.4562432861328
2026-06-10 15:45:00,291.5,291.5,292.94000244140625,291.3900146484375,292.1400146484375,3695978,-0.2224863631914653,292.3297515869141,291.3632434082031
2026-06-11 09:30:00,292.04901123046875,292.04901123046875,293.7850036621094,290.3800048828125,293.7200012207031,2670367,0.1883400447577177,292.41070251464845,291.32352355957033
2026-06-11 09:45:00,291.5950012207031,291.5950012207031,293.95001220703125,291.5,292.0450134277344,1660216,-0.15545678715116473,292.49095306396487,291.30482360839846
2026-06-11 10:00:00,290.2200012207031,290.2200012207031,291.7799987792969,290.04998779296875,291.5950012207031,1413797,-0.471544434658977,292.4327026367188,291.24342346191406
2026-06-11 10:15:00,290.5799865722656,290.5799865722656,291.3299865722656,289.75,290.2200012207031,1369570,0.12403878094147114,292.39695129394534,291.19262329101565
2026-06-11 10:30:00,290.5400085449219,290.5400085449219,291.135009765625,289.8800048828125,290.6099853515625,1416250,-0.013758011284714655,292.3782012939453,291.13362365722656
2026-06-11 10:45:00,289.8999938964844,289.8999938964844,290.989990234375,289.6000061035156,290.5400085449219,1038056,-0.2202845149082311,292.2867004394531,291.10002380371094
2026-06-11 11:00:00,290.79998779296875,290.79998779296875,290.95989990234375,289.7900085449219,289.9100036621094,951547,0.310449781108213,292.18370056152344,291.0918237304688
2026-06-11 11:15:00,291.19000244140625,291.19000244140625,291.82000732421875,290.6003112792969,290.80999755859375,879517,0.1341178352163963,292.1282012939453,291.0922235107422
2026-06-11 11:30:00,292.6700134277344,292.6700134277344,293.07000732421875,291.0614929199219,291.17999267578125,1097467,0.5082629808438988,292.1552017211914,291.1250238037109
2026-06-11 11:45:00,293.3949890136719,293.3949890136719,293.56500244140625,292.4100036621094,292.69000244140625,973636,0.24771092106314896,292.1674468994141,291.2029235839844
2026-06-11 12:00:00,293.4901123046875,293.4901123046875,293.94439697265625,291.5044860839844,293.409912109375,894470,0.03242157997838113,292.2069519042969,291.3038818359375
2026-06-11 12:15:00,292.9849853515625,292.9849853515625,293.8599853515625,292.5552062988281,293.5199890136719,877207,-0.17211038189954841,292.1552017211914,291.38038146972656
2026-06-11 12:30:00,293.9400939941406,293.9400939941406,294.5,292.9100036621094,292.9599914550781,946436,0.3259923512572094,292.12770690917966,291.4589831542969
2026-06-11 12:45:00,293.75,293.75,294.1700134277344,293.6300048828125,293.9200134277344,557343,-0.0646709986234173,292.09970703125,291.5247833251953
2026-06-11 13:00:00,293.3699951171875,293.3699951171875,293.8999938964844,293.0600891113281,293.760009765625,685357,-0.12936336436170093,292.08770751953125,291.5910833740234
2026-06-11 13:15:00,295.9549865722656,295.9549865722656,296.0,293.1199951171875,293.3800048828125,1430770,0.8811369595058682,292.24195709228513,291.7165832519531
2026-06-11 13:30:00,296.57049560546875,296.57049560546875,297.0,295.7749938964844,295.989990234375,1842057,0.20797386803037554,292.4289825439453,291.8484930419922
2026-06-11 13:45:00,295.7799987792969,295.7799987792969,296.82000732421875,295.45001220703125,296.6000061035156,773612,-0.2665460111121343,292.6214828491211,291.9450927734375
2026-06-11 14:00:00,295.7799987792969,295.7799987792969,295.989990234375,295.1300048828125,295.7699890136719,742314,0.0,292.80298309326173,292.0506927490234
2026-06-11 14:15:00,295.5400085449219,295.5400085449219,296.45001220703125,295.45001220703125,295.7650146484375,803027,-0.08113808755340068,293.00498352050784,292.1350927734375
2026-06-11 14:30:00,295.4599914550781,295.4599914550781,295.7900085449219,295.239990234375,295.54010009765625,598374,-0.027074875661581288,293.17553253173827,292.22319274902344
2026-06-11 14:45:00,295.2099914550781,295.2099914550781,296.07000732421875,295.1499938964844,295.4519958496094,668617,-0.08461382496114389,293.35628204345704,292.30479248046873
2026-06-11 15:00:00,295.3599853515625,295.3599853515625,295.5050048828125,295.0199890136719,295.20001220703125,869083,0.05080922083464667,293.61328125,292.42779235839845
2026-06-11 15:15:00,295.3999938964844,295.3999938964844,295.6099853515625,295.0899963378906,295.3800048828125,993901,0.013545688957927737,293.8542816162109,292.5285925292969
2026-06-11 15:30:00,296.019287109375,296.019287109375,296.17999267578125,295.260009765625,295.4100036621094,1473720,0.2096456417354009,294.1282455444336,292.650478515625
2026-06-11 15:45:00,295.3599853515625,295.3599853515625,296.0400085449219,294.70001220703125,296.0199890136719,4188116,-0.22272256792811307,294.4012451171875,292.76787841796875
2026-06-12 09:30:00,292.3949890136719,292.3949890136719,297.1400146484375,291.8774108886719,296.0799865722656,3957276,-1.0038585065480166,294.48099517822266,292.8009783935547
2026-06-12 09:45:00,291.135009765625,291.135009765625,292.8799133300781,291.0,292.3900146484375,1794118,-0.43091684036622446,294.4782455444336,292.82897888183595
2026-06-12 10:00:00,291.95001220703125,291.95001220703125,292.2099914550781,290.6099853515625,291.1000061035156,1988474,0.279939689171127,294.44224548339844,292.8930792236328
2026-06-12 10:15:00,291.9949951171875,291.9949951171875,293.2099914550781,291.7200012207031,291.9700012207031,1358070,0.015407743886086678,294.3722457885742,292.93957885742185
2026-06-12 10:30:00,291.1099853515625,291.1099853515625,292.3299865722656,290.8900146484375,291.9800109863281,1067378,-0.30309073115100116,294.253239440918,292.9531787109375
2026-06-12 10:45:00,291.739990234375,291.739990234375,291.8399963378906,290.010009765625,291.1199951171875,1548385,0.2164147279426487,294.1909896850586,292.9881787109375
2026-06-12 11:00:00,292.7650146484375,292.7650146484375,292.8800048828125,291.6000061035156,291.7449951171875,894718,0.35134861464793943,294.1322357177734,293.0157788085937
2026-06-12 11:15:00,292.875,292.875,292.989990234375,292.25,292.7650146484375,1027203,0.037567791935311234,294.08848571777344,293.04737854003906
2026-06-12 11:30:00,291.8550109863281,291.8550109863281,292.8599853515625,291.5,292.8599853515625,1219788,-0.3482676956626074,294.01273651123046,293.06617858886716
2026-06-12 11:45:00,291.335205078125,291.335205078125,292.07000732421875,291.0299987792969,291.8599853515625,747263,-0.17810415741926766,293.78174743652346,293.05828247070315
2026-06-12 12:00:00,291.94500732421875,291.94500732421875,292.19989013671875,290.80999755859375,291.3349914550781,1037317,0.20931292733064044,293.55047302246095,293.03998291015625
2026-06-12 12:15:00,291.5799865722656,291.5799865722656,292.1600036621094,291.4700012207031,291.9700012207031,649731,-0.12503065399154245,293.34047241210936,293.0255828857422
2026-06-12 12:30:00,290.9800109863281,290.9800109863281,291.7200012207031,290.8399963378906,291.57000732421875,749268,-0.20576706686581403,293.10047302246096,293.0025830078125
2026-06-12 12:45:00,291.2099914550781,291.2099914550781,291.5,290.75,290.989990234375,779107,0.07903651799670008,292.88397216796875,292.9637811279297
2026-06-12 13:00:00,291.510009765625,291.510009765625,291.7900085449219,291.125,291.17999267578125,869123,0.10302473107044463,292.6864730834961,292.9399810791016
2026-06-12 13:15:00,291.4601135253906,291.4601135253906,292.2449951171875,291.4100036621094,291.5199890136719,673104,-0.017116475785683427,292.49897918701174,292.88878356933594
2026-06-12 13:30:00,290.4100036621094,290.4100036621094,291.510009765625,290.3900146484375,291.4800109863281,608460,-0.36029282037240984,292.25148010253906,292.80718383789065
2026-06-12 13:45:00,289.8800048828125,289.8800048828125,290.63800048828125,289.80999755859375,290.4100036621094,942201,-0.18250017995713463,291.9754806518555,292.718583984375
2026-06-12 14:00:00,290.2699890136719,290.2699890136719,290.5899963378906,289.6199951171875,289.8999938964844,898856,0.13453295304621804,291.6880157470703,292.6517840576172
2026-06-12 14:15:00,290.2250061035156,290.2250061035156,290.3699951171875,289.9200134277344,290.2799072265625,633905,-0.015496920749236143,291.43126678466797,292.59888427734376
2026-06-12 14:30:00,290.64019775390625,290.64019775390625,290.70001220703125,290.2200012207031,290.2200012207031,590905,0.1430585379133431,291.34352722167966,292.5550885009766
2026-06-12 14:45:00,290.4800109863281,290.4800109863281,290.739990234375,290.4200134277344,290.6400146484375,707087,-0.05511514539835449,291.31077728271487,292.5260888671875
2026-06-12 15:00:00,290.6199951171875,290.6199951171875,290.9700012207031,290.3599853515625,290.4599914550781,791893,0.04819062433385479,291.24427642822263,292.49548889160155
2026-06-12 15:15:00,290.6400146484375,290.6400146484375,290.8900146484375,290.44000244140625,290.6300048828125,952489,0.006888559488804624,291.17652740478513,292.4782891845703
2026-06-12 15:30:00,290.55059814453125,290.55059814453125,290.7650146484375,290.19000244140625,290.6400146484375,1003990,-0.030765379644781543,291.14855804443357,292.44832092285156
2026-06-12 15:45:00,291.0799865722656,291.0799865722656,291.6400146484375,290.5,290.54998779296875,3019727,0.18220180275485554,291.1155578613281,292.4380206298828
2026-06-15 09:30:00,295.05999755859375,295.05999755859375,295.82000732421875,291.70001220703125,294.1199951171875,5081263,1.367325535910724,291.2303070068359,292.5348205566406
2026-06-15 09:45:00,295.3583068847656,295.3583068847656,295.92999267578125,294.6600036621094,295.05999755859375,1710728,0.10110124335394044,291.3544723510742,292.6303869628906
2026-06-15 10:00:00,295.8599853515625,295.8599853515625,296.32861328125,295.05999755859375,295.3500061035156,1522489,0.16985419238355615,291.5547210693359,292.7367864990234
2026-06-15 10:15:00,295.67999267578125,295.67999267578125,296.2998962402344,295.3800048828125,295.885009765625,1312190,-0.060837113733835935,291.77196044921874,292.8523864746094
2026-06-15 10:30:00,296.20001220703125,296.20001220703125,296.3399963378906,295.3999938964844,295.7099914550781,1200955,0.17587241075869287,291.9847106933594,292.96038696289065
2026-06-15 10:45:00,296.4830017089844,296.4830017089844,296.70001220703125,296.1600036621094,296.2200012207031,988815,0.09554000347418157,292.2298614501953,293.06624694824217
2026-06-15 11:00:00,296.30999755859375,296.30999755859375,296.8999938964844,296.1700134277344,296.5,956987,-0.05835213128354555,292.4963607788086,293.13904663085935
2026-06-15 11:15:00,296.5299987792969,296.5299987792969,296.8500061035156,296.2900085449219,296.32000732421875,901579,0.0742469786763067,292.76236114501955,293.20174682617187
2026-06-15 11:30:00,297.0299987792969,297.0299987792969,297.2099914550781,296.2200012207031,296.5400085449219,1082897,0.16861700403274504,293.0383605957031,293.27254455566407
2026-06-15 11:45:00,297.4800109863281,297.4800109863281,297.7799987792969,297.0299987792969,297.0299987792969,1151676,0.1515039588191991,293.33935546875,293.36244506835936
2026-06-15 12:00:00,297.07501220703125,297.07501220703125,297.7699890136719,296.8901062011719,297.4800109863281,903960,-0.1361431909169486,293.67260589599607,293.4251434326172
2026-06-15 12:15:00,297.239990234375,297.239990234375,297.3550109863281,296.8700866699219,297.07501220703125,629261,0.05553413130174878,294.04060516357424,293.4949432373047
2026-06-15 12:30:00,296.9599914550781,296.9599914550781,297.364990234375,296.8500061035156,297.2300109863281,554427,-0.09419956550129616,294.3751052856445,293.5667431640625
2026-06-15 12:45:00,296.94500732421875,296.94500732421875,296.9800109863281,296.55999755859375,296.9700012207031,571395,-0.005045841625317404,294.7111053466797,293.58654357910154
2026-06-15 13:00:00,296.70001220703125,296.70001220703125,296.9200134277344,296.25,296.9200134277344,749069,-0.08250521515588138,295.01409606933595,293.5891339111328
2026-06-15 13:15:00,296.6600036621094,296.6600036621094,297.2099914550781,296.54998779296875,296.69000244140625,946242,-0.013484510709749209,295.323095703125,293.6067340087891
2026-06-15 13:30:00,296.5899963378906,296.5899963378906,297.0,296.3900146484375,296.6600036621094,782832,-0.02359850446792544,295.62159576416013,293.62293395996096
2026-06-15 13:45:00,295.760009765625,295.760009765625,296.6199951171875,295.6300048828125,296.5799865722656,740944,-0.2798430771481786,295.87759552001955,293.627333984375
2026-06-15 14:00:00,295.6400146484375,295.6400146484375,295.8263854980469,295.1600036621094,295.75,1004823,-0.04057178564559338,296.13206634521487,293.6309344482422
2026-06-15 14:15:00,295.07000732421875,295.07000732421875,295.739990234375,294.9599914550781,295.6400146484375,905867,-0.19280452441343687,296.3315673828125,293.628134765625
2026-06-15 14:30:00,296.2099914550781,296.2099914550781,296.2900085449219,295.010009765625,295.07501220703125,1009657,0.3863436142483856,296.3890670776367,293.6451348876953
2026-06-15 14:45:00,296.3949890136719,296.3949890136719,296.4049987792969,296.1549987792969,296.20001220703125,681063,0.062454867806782666,296.440901184082,293.66503479003904
2026-06-15 15:00:00,296.3949890136719,296.3949890136719,296.4649963378906,296.1600036621094,296.3900146484375,666375,0.0,296.4676513671875,293.672548828125
2026-06-15 15:15:00,296.5,296.5,296.6099853515625,295.9700012207031,296.3807067871094,850936,0.03542940677829787,296.50865173339844,293.6953491210937
2026-06-15 15:30:00,296.3200988769531,296.3200988769531,296.6700134277344,295.8700866699219,296.4949951171875,1161525,-0.06067491502423916,296.51465606689453,293.7738513183594
2026-06-15 15:45:00,296.4200134277344,296.4200134277344,296.5299987792969,295.6099853515625,296.3299865722656,17040859,0.033718452160313994,296.51150665283205,293.8795513916016
2026-06-16 09:30:00,295.3999938964844,295.3999938964844,296.4800109863281,293.9700012207031,295.2449951171875,2670804,-0.3441129090626216,296.46600646972655,293.9485510253906
2026-06-16 09:45:00,297.0799865722656,297.0799865722656,297.95001220703125,295.25,295.40008544921875,1477877,0.5687179114736152,296.493505859375,294.05025085449216
2026-06-16 10:00:00,297.4200134277344,297.4200134277344,297.79998779296875,296.864990234375,297.0849914550781,1267295,0.11445633190980686,296.51300659179685,294.17645141601565
2026-06-16 10:15:00,297.5350036621094,297.5350036621094,298.0,296.7099914550781,297.43499755859375,1332044,0.038662574535508476,296.51575622558596,294.2923516845703
2026-06-16 10:30:00,297.3299865722656,297.3299865722656,297.8900146484375,296.95001220703125,297.5350036621094,1306449,-0.06890520016816781,296.5285049438477,294.3836511230469
2026-06-16 10:45:00,297.54998779296875,297.54998779296875,298.0,297.2699890136719,297.2699890136719,1099081,0.07399227479185644,296.5440048217773,294.47715087890623
2026-06-16 11:00:00,298.1300048828125,298.1300048828125,298.2300109863281,297.489990234375,297.5400085449219,1011887,0.19493097416871663,296.6025054931641,294.60265075683594
2026-06-16 11:15:00,298.20001220703125,298.20001220703125,298.45001220703125,297.2049865722656,298.1099853515625,1180251,0.02348214640330859,296.6652557373047,294.73994689941406
2026-06-16 11:30:00,298.0849914550781,298.0849914550781,298.43701171875,297.5,298.2200012207031,813648,-0.038571679156496064,296.73450469970703,294.86274658203126
2026-06-16 11:45:00,298.1700134277344,298.1700134277344,298.57000732421875,298.0,298.0849914550781,970067,0.028522728447755163,296.8100051879883,294.99454711914063
2026-06-16 12:00:00,299.0950012207031,299.0950012207031,299.20001220703125,298.0400085449219,298.1700134277344,1422719,0.31022160221116923,296.9352554321289,295.15684692382814
2026-06-16 12:15:00,298.94000244140625,298.94000244140625,299.2749938964844,298.7300109863281,299.090087890625,739645,-0.051822591037720134,297.094255065918,295.3114471435547
2026-06-16 12:30:00,299.0799865722656,299.0799865722656,299.260009765625,298.8041076660156,298.94000244140625,814914,0.04682683137624544,297.26625366210936,295.4628466796875
2026-06-16 12:45:00,299.4700012207031,299.4700012207031,299.7699890136719,299.0299987792969,299.06500244140625,778812,0.13040479669248484,297.4862533569336,295.62304443359375
2026-06-16 13:00:00,299.6650085449219,299.6650085449219,299.70001220703125,299.0899963378906,299.45001220703125,610766,0.06511748202620016,297.6590042114258,295.80814453125
2026-06-16 13:15:00,300.2749938964844,300.2749938964844,300.4800109863281,299.6700134277344,299.6700134277344,1594132,0.203555748642259,297.8530044555664,296.01604431152344
2026-06-16 13:30:00,299.8399963378906,299.8399963378906,300.4599914550781,299.82000732421875,300.260009765625,699494,-0.14486639494986076,298.02525482177737,296.2074444580078
2026-06-16 13:45:00,299.6000061035156,299.6000061035156,299.95001220703125,299.3500061035156,299.8399963378906,655674,-0.08003943346656106,298.1802551269531,296.3949444580078
2026-06-16 14:00:00,298.9901123046875,298.9901123046875,299.760009765625,298.9100036621094,299.5899963378906,653619,-0.2035693546072248,298.31375579833986,296.56194274902344
2026-06-16 14:15:00,298.7250061035156,298.7250061035156,299.07989501953125,298.5679931640625,298.9700012207031,569908,-0.08866721348353979,298.4290054321289,296.7268426513672
2026-06-16 14:30:00,299.53509521484375,299.53509521484375,299.63031005859375,298.6300048828125,298.7200927734375,749325,0.271182222705324,298.63576049804686,296.9051446533203
2026-06-16 14:45:00,299.17559814453125,299.17559814453125,299.57000732421875,299.1650085449219,299.5400085449219,891065,-0.12001834711710124,298.7405410766602,297.0758563232422
2026-06-16 15:00:00,298.9200134277344,298.9200134277344,299.25,298.7200012207031,299.17498779296875,776668,-0.08542966685184394,298.81554107666017,297.24324462890627
2026-06-16 15:15:00,298.3399963378906,298.3399963378906,299.1300048828125,298.2200012207031,298.92999267578125,1010479,-0.1940375564662422,298.85579071044924,297.38844482421877
2026-06-16 15:30:00,298.57000732421875,298.57000732421875,298.7149963378906,298.2300109863281,298.3299865722656,802962,0.07709693274502438,298.91779174804685,297.4586450195313
2026-06-16 15:45:00,299.25,299.25,299.489990234375,298.54998779296875,298.57000732421875,3659560,0.22774982720981107,299.00279235839844,297.53647888183593
2026-06-17 09:30:00,301.25,301.25,302.07000732421875,299.5201110839844,300.8450012207031,2904323,0.6683375104427736,299.15879211425784,297.6442791748047
2026-06-17 09:45:00,300.29998779296875,300.29998779296875,301.32000732421875,299.22198486328125,301.2300109863281,1528483,-0.3153567492219955,299.2637908935547,297.73667907714844
2026-06-17 10:00:00,300.45001220703125,300.45001220703125,300.5150146484375,299.3700866699219,300.3399963378906,1062316,0.04995818187176759,299.38204193115234,297.8216790771484
2026-06-17 10:15:00,300.45001220703125,300.45001220703125,300.9674987792969,299.92999267578125,300.45001220703125,940974,0.0,299.4960418701172,297.90101928710936
2026-06-17 10:30:00,299.6000061035156,299.6000061035156,300.53948974609375,298.67999267578125,300.45001220703125,1279790,-0.28291098984210006,299.5212921142578,297.9668194580078
2026-06-17 10:45:00,298.5400085449219,298.5400085449219,299.8500061035156,298.3500061035156,299.5799865722656,1073957,-0.35380425133486604,299.5012924194336,298.0070196533203
2026-06-17 11:00:00,297.45001220703125,297.45001220703125,298.69000244140625,297.0899963378906,298.54998779296875,988878,-0.3651089658646578,299.4197937011719,298.015419921875
2026-06-17 11:15:00,297.42999267578125,297.42999267578125,298.1400146484375,297.20001220703125,297.44500732421875,714169,-0.006730385082676094,299.31779327392576,298.01441955566406
2026-06-17 11:30:00,296.82000732421875,296.82000732421875,297.4599914550781,296.6700134277344,297.42999267578125,893087,-0.20508535338849,299.1755432128906,298.00931945800784
2026-06-17 11:45:00,298.55499267578125,298.55499267578125,298.7699890136719,296.6400146484375,296.8330078125,918525,0.5845243948354728,299.0895431518555,298.0356195068359
2026-06-17 12:00:00,298.42999267578125,298.42999267578125,299.1600036621094,298.1499938964844,298.55999755859375,1515913,-0.04186833349517638,299.01904296875,298.06501953125
2026-06-17 12:15:00,298.614990234375,298.614990234375,298.8760070800781,298.33099365234375,298.44000244140625,422719,0.061990270125011904,298.969792175293,298.0984191894531
2026-06-17 12:30:00,298.4599914550781,298.4599914550781,298.7449951171875,298.2300109863281,298.6297912597656,576928,-0.05190589366435017,298.9432861328125,298.13361877441406
2026-06-17 12:45:00,298.20001220703125,298.20001220703125,298.5299987792969,298.0950012207031,298.4700012207031,464315,-0.0871069005863756,298.91703643798826,298.1644189453125
2026-06-17 13:00:00,296.7049865722656,296.7049865722656,298.2099914550781,296.5899963378906,298.2099914550781,945963,-0.5013499576008273,298.77553100585936,298.16671875
2026-06-17 13:15:00,296.80999755859375,296.80999755859375,297.239990234375,296.57000732421875,296.70001220703125,625995,0.03539239011156603,298.6572509765625,298.1877185058594
2026-06-17 13:30:00,296.8500061035156,296.8500061035156,297.1099853515625,296.42999267578125,296.79998779296875,539710,0.01347951391494906,298.5537506103516,298.21191833496096
2026-06-17 13:45:00,297.54998779296875,297.54998779296875,297.6000061035156,296.8500061035156,296.8599853515625,461501,0.23580315818119146,298.51425018310545,298.26151794433594
2026-06-17 14:00:00,295.8299865722656,295.8299865722656,297.5299987792969,295.6499938964844,297.5299987792969,1573935,-0.5780545425193795,298.3772491455078,298.2539178466797
2026-06-17 14:15:00,295.8349914550781,295.8349914550781,296.5299987792969,295.3299865722656,295.8599853515625,764735,0.0016918105126828564,298.20649871826174,298.24271789550784
2026-06-17 14:30:00,296.29998779296875,296.29998779296875,296.4200134277344,295.20001220703125,295.82000732421875,1168167,0.15718097970882638,297.95899810791013,298.2408178710937
2026-06-17 14:45:00,294.5899963378906,294.5899963378906,296.32000732421875,294.3800048828125,296.2799987792969,1015070,-0.5771149259286901,297.6734985351562,298.2026177978516
2026-06-17 15:00:00,295.5400085449219,295.5400085449219,295.8399963378906,294.3900146484375,294.5899963378906,1151796,0.3224862415021068,297.4279983520508,298.18701599121096
2026-06-17 15:15:00,295.18499755859375,295.18499755859375,295.6549987792969,294.82501220703125,295.5299987792969,980763,-0.12012281791423662,297.1647476196289,298.1623156738281
2026-06-17 15:30:00,294.94000244140625,294.94000244140625,295.44000244140625,294.6000061035156,295.1600036621094,1537856,-0.08299714389748969,296.93174743652344,298.1531158447266
2026-06-17 15:45:00,295.8800048828125,295.8800048828125,296.2200012207031,294.5899963378906,294.92999267578125,2899579,0.31870971506924306,296.79874725341796,298.1291162109375
2026-06-18 09:30:00,297.69000244140625,297.69000244140625,300.45989990234375,295.6199951171875,298.44000244140625,14949133,0.6117336517249994,296.81074676513674,298.13451599121095
2026-06-18 09:45:00,298.2749938964844,298.2749938964844,298.70001220703125,297.1499938964844,297.70001220703125,3600045,0.19651027924367792,296.8529968261719,298.1493157958984
2026-06-18 10:00:00,298.989990234375,298.989990234375,299.42999267578125,298.0199890136719,298.30999755859375,5846597,0.23971045260964274,296.9614959716797,298.1825158691406
2026-06-18 10:15:00,299.6099853515625,299.6099853515625,299.6300048828125,298.2200012207031,298.9649963378906,1793920,0.20736316847982383,297.0142456054688,298.2237158203125
2026-06-18 10:30:00,299.7099914550781,299.7099914550781,299.760009765625,298.5,299.614990234375,1297806,0.03337876185878219,297.07824554443357,298.2553155517578
2026-06-18 10:45:00,299.17999267578125,299.17999267578125,300.57000732421875,299.13018798828125,299.69000244140625,2573388,-0.17683720743634224,297.1064956665039,298.2749151611328
2026-06-18 11:00:00,298.07000732421875,298.07000732421875,299.2300109863281,297.8699951171875,299.2300109863281,1788324,-0.3710092181081759,297.0869964599609,298.2746154785156
2026-06-18 11:15:00,297.1099853515625,297.1099853515625,298.1600036621094,296.9599914550781,298.0899963378906,2481129,-0.32207936023969097,297.0324951171875,298.2534149169922
2026-06-18 11:30:00,296.19000244140625,296.19000244140625,297.3900146484375,296.1400146484375,297.1000061035156,722485,-0.30964388795875486,297.00674591064455,298.19531494140625
2026-06-18 11:45:00,297.3800048828125,297.3800048828125,297.6199951171875,295.95001220703125,296.19000244140625,1607882,0.40176995563570017,297.03524627685545,298.1641149902344
2026-06-18 12:00:00,297.0849914550781,297.0849914550781,297.7300109863281,296.69000244140625,297.3999938964844,1749021,-0.09920419089730625,297.04699554443357,298.1242150878906
2026-06-18 12:15:00,297.489990234375,297.489990234375,297.5199890136719,296.94000244140625,297.0849914550781,1057744,0.13632421392721916,297.0439956665039,298.08461486816407
2026-06-18 12:30:00,297.489990234375,297.489990234375,297.69000244140625,297.0306091308594,297.4849853515625,911274,0.0,297.1269958496094,298.04111450195313
2026-06-18 12:45:00,297.1300048828125,297.1300048828125,297.5,296.8399963378906,297.4949951171875,693046,-0.12100755096966509,297.1917465209961,297.9782147216797
2026-06-18 13:00:00,298.19500732421875,298.19500732421875,298.23199462890625,297.0299987792969,297.1300048828125,616227,0.35842978625679756,297.28649749755857,297.94531494140625
2026-06-18 13:15:00,297.82000732421875,297.82000732421875,298.3598937988281,297.5799865722656,298.20001220703125,1099082,-0.1257566326696602,297.447998046875,297.9097149658203
2026-06-18 13:30:00,297.55999755859375,297.55999755859375,297.9849853515625,297.5,297.82501220703125,613695,-0.08730433121705294,297.5489974975586,297.88111267089846
2026-06-18 13:45:00,297.5700988769531,297.5700988769531,297.8599853515625,297.3500061035156,297.56048583984375,558866,0.0033947165083425546,297.6682525634766,297.8580145263672
2026-06-18 14:00:00,297.55999755859375,297.55999755859375,297.6300048828125,297.0199890136719,297.57501220703125,624192,-0.003394601271267117,297.79925231933595,297.8185125732422
2026-06-18 14:15:00,297.1099853515625,297.1099853515625,297.67999267578125,297.010009765625,297.55999755859375,587960,-0.15123410765004452,297.8607513427734,297.77720031738284
2026-06-18 14:30:00,297.6449890136719,297.6449890136719,297.6499938964844,297.0600891113281,297.1400146484375,751634,0.18006922974207473,297.8585006713867,297.75169982910154
2026-06-18 14:45:00,297.70001220703125,297.70001220703125,298.07000732421875,297.5899963378906,297.6449890136719,589722,0.018486181656118816,297.8297515869141,297.73890014648435
2026-06-18 15:00:00,297.1099853515625,297.1099853515625,297.760009765625,297.05999755859375,297.7099914550781,485300,-0.1981951062395071,297.7357513427734,297.70969970703123
2026-06-18 15:15:00,297.3800048828125,297.3800048828125,297.5,297.04010009765625,297.1099853515625,946675,0.09088201156568498,297.62425231933594,297.6722998046875
2026-06-18 15:30:00,297.54998779296875,297.54998779296875,297.68499755859375,297.05999755859375,297.3599853515625,895708,0.05716016792158829,297.5162521362305,297.5982995605469
2026-06-18 15:45:00,297.8900146484375,297.8900146484375,299.2394104003906,297.5199890136719,297.5400085449219,4354813,0.11427554004987961,297.4517532348633,297.55010009765624
2026-06-22 09:30:00,301.5899963378906,301.5899963378906,301.9800109863281,297.5,297.5,3993489,1.2420630123570087,297.62775268554685,297.5728997802734
2026-06-22 09:45:00,301.739990234375,301.739990234375,302.05999755859375,300.5,301.625,1538822,0.04973437392012947,297.8592529296875,297.5986993408203
2026-06-22 10:00:00,301.8500061035156,301.8500061035156,302.4200134277344,301.5199890136719,301.7449951171875,1925875,0.03646048674394997,298.14225311279296,297.6436993408203
2026-06-22 10:15:00,301.20001220703125,301.20001220703125,301.92498779296875,300.8800048828125,301.8500061035156,1210581,-0.21533671801929888,298.33325347900393,297.6968994140625
2026-06-22 10:30:00,299.70001220703125,299.70001220703125,301.2300109863281,299.55999755859375,301.2099914550781,1336600,-0.49800794794422343,298.46400451660156,297.7418994140625
2026-06-22 10:45:00,299.79998779296875,299.79998779296875,300.1300048828125,299.3699951171875,299.6700134277344,944951,0.03335855250763409,298.5795043945312,297.78929931640624
2026-06-22 11:00:00,300.1098937988281,300.1098937988281,300.389892578125,299.0350036621094,299.80499267578125,941079,0.10337092010603843,298.7104995727539,297.85509704589845
2026-06-22 11:15:00,299.94000244140625,299.94000244140625,300.235107421875,299.20001220703125,300.0950012207031,1089016,-0.05660971561829431,298.8509994506836,297.88279724121094
2026-06-22 11:30:00,301.04998779296875,301.04998779296875,301.260009765625,299.75,299.94000244140625,771939,0.3700691280014601,298.9937484741211,297.93519714355466
2026-06-22 11:45:00,300.8900146484375,300.8900146484375,301.4299011230469,300.260009765625,301.0899963378906,711428,-0.053138399275165504,299.14724884033205,297.98069763183594
2026-06-22 12:00:00,300.7903137207031,300.7903137207031,300.9590148925781,300.32000732421875,300.885009765625,811127,-0.033135339453149726,299.3087646484375,298.0273040771484
2026-06-22 12:15:00,300.5398864746094,300.5398864746094,300.95001220703125,300.1499938964844,300.7900085449219,656728,-0.08325641972842801,299.45725402832034,298.0741015625
2026-06-22 12:30:00,300.17498779296875,300.17498779296875,300.67999267578125,299.9100036621094,300.5199890136719,815905,-0.1214143939165524,299.58800354003904,298.14350158691406
2026-06-22 12:45:00,299.9200134277344,299.9200134277344,300.4800109863281,299.9150085449219,300.19000244140625,658257,-0.0849419090874548,299.72850494384767,298.20570190429686
2026-06-22 13:00:00,299.6050109863281,299.6050109863281,300.04998779296875,299.45001220703125,299.92999267578125,652309,-0.10502881678555731,299.82650604248045,298.26080200195315
2026-06-22 13:15:00,299.80999755859375,299.80999755859375,300.1300048828125,299.6199951171875,299.6199951171875,564318,0.0684189398537649,299.93200531005857,298.3060021972656
2026-06-22 13:30:00,299.3301086425781,299.3301086425781,299.8599853515625,299.25,299.81500244140625,683662,-0.16006434739449515,300.0430114746094,298.3760046386719
2026-06-22 13:45:00,299.30999755859375,299.30999755859375,299.81988525390625,299.25,299.3299865722656,552153,-0.006718697319019196,300.13951110839844,298.4455047607422
2026-06-22 14:00:00,298.69500732421875,298.69500732421875,299.3265075683594,298.5830078125,299.30999755859375,625804,-0.20546932591337663,300.19676208496094,298.4934051513672
2026-06-22 14:15:00,298.9200134277344,298.9200134277344,299.20001220703125,298.6300048828125,298.697509765625,593772,0.07532971693477997,300.2482620239258,298.58000549316404
2026-06-22 14:30:00,298.8599853515625,298.8599853515625,299.0400085449219,298.590087890625,298.9200134277344,502681,-0.020081651771497455,300.11176147460935,298.6464050292969
2026-06-22 14:45:00,299.07000732421875,299.07000732421875,299.239990234375,298.660400390625,298.875,578390,0.07027437025708405,299.97826232910154,298.7241052246094
2026-06-22 15:00:00,299.0899963378906,299.0899963378906,299.3399963378906,298.885009765625,299.0899963378906,880020,0.006683723938327724,299.8402618408203,298.8071051025391
2026-06-22 15:15:00,299.05999755859375,299.05999755859375,299.29998779296875,298.9100036621094,299.0899963378906,965367,-0.010030017608142483,299.73326110839844,298.8707049560547
2026-06-22 15:30:00,297.2699890136719,297.2699890136719,299.0899963378906,296.9599914550781,299.05999755859375,2116312,-0.5985449607218585,299.6117599487305,298.8623046875
2026-06-22 15:45:00,296.7900085449219,296.7900085449219,297.67999267578125,296.7900085449219,297.2799987792969,3982779,-0.16146280704034677,299.4612609863281,298.8326049804688
2026-06-23 09:30:00,300.510009765625,300.510009765625,300.5776062011719,296.20001220703125,296.5,4412573,1.2534118782978165,299.481266784668,298.8630053710938
2026-06-23 09:45:00,299.1099853515625,299.1099853515625,301.6400146484375,298.15850830078125,300.4700012207031,1976941,-0.46588278878111344,299.4397659301758,298.85300537109373
2026-06-23 10:00:00,299.42999267578125,299.42999267578125,299.989990234375,298.7950134277344,299.0849914550781,1473782,0.10698650659977105,299.35876617431643,298.8474053955078
2026-06-23 10:15:00,300.506591796875,300.506591796875,300.55999755859375,298.8999938964844,299.42999267578125,1397185,0.35954952657648587,299.33959503173827,298.8739373779297
2026-06-23 10:30:00,300.3500061035156,300.3500061035156,300.8800048828125,299.55999755859375,300.5199890136719,1211335,-0.05210724078399398,299.3175796508789,298.91953735351564
2026-06-23 10:45:00,300.0899963378906,300.0899963378906,300.4800109863281,299.5400085449219,300.3699951171875,1066636,-0.08656892303687824,299.29508514404296,298.9791375732422
2026-06-23 11:00:00,299.1477966308594,299.1477966308594,300.32000732421875,299.1000061035156,300.0899963378906,1149969,-0.3139723811287465,299.2437255859375,299.0382934570313
2026-06-23 11:15:00,298.54998779296875,298.54998779296875,299.2900085449219,298.3999938964844,299.1300048828125,1060666,-0.19983728599154427,299.1752243041992,299.0616931152344
2026-06-23 11:30:00,297.760009765625,297.760009765625,298.5899963378906,297.3500061035156,298.5450134277344,1082737,-0.26460494377630317,299.0829742431641,299.0751934814453
2026-06-23 11:45:00,298.06500244140625,298.06500244140625,298.2349853515625,297.4599914550781,297.7699890136719,919099,0.10242902531516496,298.9957244873047,299.0866937255859
2026-06-23 12:00:00,298.17999267578125,298.17999267578125,298.7699890136719,297.95001220703125,298.07000732421875,900525,0.038578911792108705,298.93821868896487,299.1004937744141
2026-06-23 12:15:00,298.6199035644531,298.6199035644531,298.885009765625,298.19000244140625,298.19000244140625,929769,0.14753199392227856,298.9037139892578,299.1302917480469
2026-06-23 12:30:00,298.5799865722656,298.5799865722656,298.8500061035156,298.19500732421875,298.5849914550781,794195,-0.013367157282895281,298.89796295166013,299.1379913330078
2026-06-23 12:45:00,298.989990234375,298.989990234375,299.2799987792969,298.4200134277344,298.5799865722656,923064,0.13731786474246999,298.9014617919922,299.16139099121096
2026-06-23 13:00:00,299.0400085449219,299.0400085449219,299.3949890136719,297.8800048828125,299.010009765625,938454,0.01672909200327588,298.9104629516602,299.1909912109375
2026-06-23 13:15:00,299.3949890136719,299.3949890136719,299.4700012207031,298.9100036621094,299.04998779296875,708965,0.11870668091447101,298.9267120361328,299.22748901367186
2026-06-23 13:30:00,299.3399963378906,299.3399963378906,299.79998779296875,299.0400085449219,299.3949890136719,763133,-0.018367934601182245,298.9392120361328,299.2630889892578
2026-06-23 13:45:00,298.9599914550781,298.9599914550781,300.0849914550781,298.8900146484375,299.3299865722656,917527,-0.1269475804975828,298.93421173095703,299.30008911132813
2026-06-23 14:00:00,298.760009765625,298.760009765625,299.3800048828125,298.45001220703125,298.989990234375,805526,-0.06689245891391415,299.0087127685547,299.3223895263672
2026-06-23 14:15:00,298.5199890136719,298.5199890136719,298.8599853515625,298.3399963378906,298.7699890136719,861887,-0.08033898249683036,299.0952117919922,299.3387890625
2026-06-23 14:30:00,297.8999938964844,297.8999938964844,298.635009765625,297.7250061035156,298.5249938964844,915679,-0.2076896489364044,298.96471099853517,299.3545892333984
2026-06-23 14:45:00,297.5199890136719,297.5199890136719,298.2200012207031,297.45001220703125,297.8949890136719,1075108,-0.1275612254441838,298.8852111816406,299.3573889160156
2026-06-23 15:00:00,296.8689880371094,296.8689880371094,298.86761474609375,296.7900085449219,297.5199890136719,1280507,-0.21880915588921024,298.75716094970704,299.3437689208984
2026-06-23 15:15:00,295.840087890625,295.840087890625,296.8800048828125,295.30999755859375,296.8599853515625,1825673,-0.34658391005656375,298.52383575439455,299.3027703857422
2026-06-23 15:30:00,295.70001220703125,295.70001220703125,296.4200134277344,295.4849853515625,295.8399963378906,1633376,-0.04734844577437558,298.2913360595703,299.184970703125
2026-06-23 15:45:00,294.2799987792969,294.2799987792969,296.5,294.2120056152344,295.7300109863281,6171971,-0.4802209567513205,298.00083618164064,299.03577087402346
2026-06-24 09:30:00,295.67999267578125,295.67999267578125,296.4599914550781,293.20001220703125,295.375,2881299,0.4757353208820536,297.8274459838867,298.91237060546877
2026-06-24 09:45:00,294.7699890136719,294.7699890136719,296.2799987792969,294.4800109863281,295.69000244140625,1312574,-0.3077663976768341,297.63844604492186,298.78377014160156
2026-06-24 10:00:00,294.875,294.875,295.5,294.2300109863281,294.7200012207031,1033005,0.03562472105098635,297.49419555664065,298.68726989746096
2026-06-24 10:15:00,295.4649963378906,295.4649963378906,296.20941162109375,294.7250061035156,294.8999938964844,891569,0.2000835397679035,297.3641952514648,298.6005700683594
2026-06-24 10:30:00,296.4849853515625,296.4849853515625,296.6000061035156,295.1099853515625,295.4599914550781,836531,0.34521483976579503,297.2794448852539,298.52807189941404
2026-06-24 10:45:00,297.0799865722656,297.0799865722656,297.260009765625,296.45001220703125,296.4700012207031,928195,0.20068511057906857,297.2024490356445,298.47087158203124
2026-06-24 11:00:00,297.4800109863281,297.4800109863281,297.5899963378906,296.6499938964844,297.1099853515625,969444,0.13465209106746645,297.14745025634767,298.39947204589845
2026-06-24 11:15:00,298.7850036621094,298.7850036621094,298.8800048828125,297.1129150390625,297.4700012207031,1367244,0.4386824753214169,297.1372009277344,298.35737182617186
2026-06-24 11:30:00,298.1700134277344,298.1700134277344,299.5,298.1610107421875,298.760009765625,1317430,-0.20583035521771764,297.093701171875,298.3049658203125
2026-06-24 11:45:00,299.4750061035156,299.4750061035156,299.70001220703125,298.0799865722656,298.2300109863281,855910,0.43766730959267086,297.0977020263672,298.28366821289063
2026-06-24 12:00:00,298.7300109863281,298.7300109863281,299.5,298.5899963378906,299.4649963378906,777339,-0.24876704299322538,297.06720275878905,298.2547686767578
2026-06-24 12:15:00,298.07000732421875,298.07000732421875,298.8999938964844,297.839599609375,298.75,840793,-0.22093651050666407,297.02270355224607,298.2177685546875
2026-06-24 12:30:00,297.31500244140625,297.31500244140625,298.04998779296875,297.2200012207031,298.04998779296875,876775,-0.2532978375081041,296.95045318603513,298.1719683837891
2026-06-24 12:45:00,297.3450012207031,297.3450012207031,297.6000061035156,296.8699951171875,297.2749938964844,780942,0.010089897600362718,296.8917037963867,298.12266845703124
2026-06-24 13:00:00,296.6099853515625,296.6099853515625,297.385009765625,296.3121032714844,297.3599853515625,677466,-0.24719294628230415,296.82720336914065,298.0682659912109
2026-06-24 13:15:00,296.4200134277344,296.4200134277344,296.94000244140625,295.79998779296875,296.6099853515625,1068705,-0.06404771693810929,296.77220458984374,298.0104663085938
2026-06-24 13:30:00,295.8999938964844,295.8999938964844,296.8644104003906,295.760009765625,296.4100036621094,1074758,-0.175433340426856,296.7237548828125,297.9545660400391
2026-06-24 13:45:00,295.6099853515625,295.6099853515625,296.32000732421875,295.5899963378906,295.9161071777344,820575,-0.09800897293135158,296.7122497558594,297.88836547851565
2026-06-24 14:00:00,295.57000732421875,295.57000732421875,296.4949951171875,295.3800048828125,295.6099853515625,1117423,-0.013523909652846111,296.70574951171875,297.82256591796875
2026-06-24 14:15:00,296.0,296.0,296.2099914550781,295.56500244140625,295.57000732421875,956357,0.14547913019793413,296.79174957275393,297.7611657714844
2026-06-24 14:30:00,295.20001220703125,295.20001220703125,296.17999267578125,294.8800048828125,296.0,1308373,-0.27026614627322365,296.7677505493164,297.68336608886716
2026-06-24 14:45:00,295.1700134277344,295.1700134277344,295.25,294.1600036621094,295.19000244140625,1549108,-0.010162187688478319,296.78775177001955,297.60556640625
2026-06-24 15:00:00,295.0400085449219,295.0400085449219,295.44000244140625,294.7900085449219,295.19000244140625,1226253,-0.044044068468473974,296.79600219726564,297.560966796875
2026-06-24 15:15:00,294.9400939941406,294.9400939941406,295.239990234375,294.80999755859375,295.0299987792969,1101681,-0.03386474643694015,296.76975708007814,297.5239685058594
2026-06-24 15:30:00,295.0350036621094,295.0350036621094,295.1400146484375,294.4700012207031,294.92999267578125,1900765,0.03217930349295184,296.69725799560547,297.4144683837891
2026-06-24 15:45:00,293.260009765625,293.260009765625,295.3699951171875,292.94000244140625,295.04998779296875,5715104,-0.6016214599801173,296.5062591552734,297.29746887207034
2026-06-25 09:30:00,278.1600036621094,278.1600036621094,288.79998779296875,277.8800048828125,287.510009765625,9578191,-5.149016436159714,295.5402587890625,296.8720690917969
2026-06-25 09:45:00,278.9700012207031,278.9700012207031,279.94000244140625,277.6700134277344,278.1199951171875,5568483,0.2911984282174762,294.5495086669922,296.44133728027344
2026-06-25 10:00:00,278.4599914550781,278.4599914550781,280.1798095703125,277.9599914550781,278.94500732421875,3869460,-0.18281885629040096,293.5640075683594,296.0035369873047
2026-06-25 10:15:00,279.6300048828125,279.6300048828125,279.7799987792969,277.4599914550781,278.44500732421875,3727708,0.4201729022616618,292.5717575073242,295.59433715820313
2026-06-25 10:30:00,279.7300109863281,279.7300109863281,280.0899963378906,278.5899963378906,279.635009765625,2471128,0.03576372412450457,291.6217575073242,295.2059814453125
2026-06-25 10:45:00,277.6050109863281,277.6050109863281,279.989990234375,277.4599914550781,279.7300109863281,2477038,-0.7596610719412089,290.5985076904297,294.7870819091797
2026-06-25 11:00:00,277.0199890136719,277.0199890136719,278.1000061035156,276.779296875,277.6099853515625,2480258,-0.21073898146782843,289.583757019043,294.3722814941406
2026-06-25 11:15:00,277.6400146484375,277.6400146484375,278.0,276.44000244140625,277.0199890136719,2685077,0.22381981783090588,288.5985076904297,293.9637817382812
2026-06-25 11:30:00,279.25,279.25,279.4700012207031,277.5899963378906,277.6600036621094,2090482,0.5798823176123014,287.7305084228516,293.58518188476563
2026-06-25 11:45:00,277.8550109863281,277.8550109863281,279.6449890136719,277.6300048828125,279.25,1779469,-0.4995484381994153,286.80225830078126,293.1698840332031
2026-06-25 12:00:00,276.4750061035156,276.4750061035156,278.19000244140625,276.30450439453125,277.8900146484375,2171195,-0.4966636656700052,285.8310089111328,292.7277844238281
2026-06-25 12:15:00,274.56500244140625,274.56500244140625,276.6499938964844,274.4599914550781,276.4800109863281,3117160,-0.6908413491070631,284.778759765625,292.2392846679688
2026-06-25 12:30:00,274.7449951171875,274.7449951171875,275.0,273.75,274.56500244140625,3043945,0.06555557852632177,283.7375091552734,291.7533843994141
2026-06-25 12:45:00,275.1199951171875,275.1199951171875,275.1600036621094,274.1199951171875,274.7749938964844,3140380,0.13649020242936238,282.6935089111328,291.26788452148435
2026-06-25 13:00:00,277.1700134277344,277.1700134277344,277.5398864746094,275.1099853515625,275.135009765625,3960958,0.7451360667819484,281.792008972168,290.82448486328127
2026-06-25 13:15:00,278.0400085449219,278.0400085449219,278.3900146484375,277.0199890136719,277.1899108886719,3438882,0.3138850074105637,280.93550872802734,290.4060852050781
2026-06-25 13:30:00,277.06500244140625,277.06500244140625,278.1099853515625,276.9800109863281,278.04998779296875,1629011,-0.3506711529100315,280.03675842285156,289.97218505859377
2026-06-25 13:45:00,276.7882080078125,276.7882080078125,277.07000732421875,276.19000244140625,277.05999755859375,2430593,-0.09990234463203018,279.12916412353513,289.53754943847656
2026-06-25 14:00:00,278.2900085449219,278.2900085449219,278.8599853515625,276.2200012207031,276.7950134277344,2187403,0.5425811120779445,278.29191436767576,289.1453497314453
2026-06-25 14:15:00,279.3450012207031,279.3450012207031,280.17999267578125,278.07000732421875,278.2799987792969,2196485,0.3790982943647325,277.5961639404297,288.78184997558594
2026-06-25 14:30:00,279.7699890136719,279.7699890136719,280.2200927734375,278.80999755859375,279.3500061035156,1890503,0.15213724645568583,277.6766632080078,288.4398699951172
2026-06-25 14:45:00,279.42498779296875,279.42498779296875,279.75,279.0299987792969,279.739990234375,1396703,-0.12331602182186208,277.6994125366211,288.11156799316404
2026-06-25 15:00:00,276.5299987792969,276.5299987792969,279.42999267578125,276.29998779296875,279.42999267578125,2981721,-1.0360523003106747,277.60291290283203,287.72816772460936
2026-06-25 15:15:00,276.7250061035156,276.7250061035156,278.07000732421875,276.0400085449219,276.5299987792969,3102268,0.0705194102193607,277.45766296386716,287.37706787109374
2026-06-25 15:30:00,275.375,275.375,277.05999755859375,275.3299865722656,276.70001220703125,4431924,-0.48785114237583915,277.23991241455076,286.9709680175781
2026-06-25 15:45:00,275.04998779296875,275.04998779296875,277.45001220703125,273.8999938964844,275.3599853515625,11193084,-0.1180253134929643,277.11216125488284,286.5765679931641
2026-06-26 09:30:00,276.8999938964844,276.8999938964844,278.17999267578125,274.2099914550781,275.0,7382993,0.6726072298203878,277.1061614990234,286.2170678710938
2026-06-26 09:45:00,275.70001220703125,275.70001220703125,277.25,275.44000244140625,276.9200134277344,3830859,-0.43336284431328975,277.0091613769531,285.82176818847654
2026-06-26 10:00:00,278.19000244140625,278.19000244140625,278.3500061035156,275.4599914550781,275.7369079589844,3138370,0.9031520218088396,276.95616149902344,285.45586853027345
2026-06-26 10:15:00,278.260009765625,278.260009765625,278.92999267578125,276.94000244140625,278.2099914550781,2674582,0.025165291205420104,276.9764114379883,285.0794689941406
2026-06-26 10:30:00,279.3550109863281,279.3550109863281,280.0,278.0799865722656,278.2799987792969,3237207,0.39351727962111394,277.1204116821289,284.71696899414064
2026-06-26 10:45:00,279.849609375,279.849609375,280.2200012207031,278.9200134277344,279.3699951171875,2421515,0.17705012232485107,277.38464202880857,284.33826110839846
2026-06-26 11:00:00,279.5899963378906,279.5899963378906,280.4700012207031,279.1700134277344,279.8500061035156,2311100,-0.09276876880021101,277.62689208984375,283.96666076660154
2026-06-26 11:15:00,279.0299987792969,279.0299987792969,280.0,278.3599853515625,279.5899963378906,2414668,-0.2002924160122599,277.82239227294923,283.55776062011716
2026-06-26 11:30:00,278.125,278.125,279.45001220703125,277.56500244140625,279.0259094238281,4022419,-0.32433744875320913,277.8701416015625,283.1456604003906
2026-06-26 11:45:00,277.1650085449219,277.1650085449219,278.3699951171875,277.0,278.1300048828125,2882801,-0.34516546699437933,277.8263916015625,282.72756042480466
2026-06-26 12:00:00,276.0050048828125,276.0050048828125,277.32000732421875,275.55999755859375,277.17999267578125,2667188,-0.4185245706877727,277.7733917236328,282.3013604736328
2026-06-26 12:15:00,275.8999938964844,275.8999938964844,276.6000061035156,275.25,276.0050048828125,3657845,-0.03804676888837788,277.7289810180664,281.8724603271484
2026-06-26 12:30:00,278.1199951171875,278.1199951171875,278.1600036621094,275.8999938964844,275.8999938964844,2046981,0.8046398223321649,277.72048034667966,281.5026605224609
2026-06-26 12:45:00,278.9100036621094,278.9100036621094,279.3699951171875,277.92999267578125,278.1050109863281,2445078,0.2840531277116476,277.69873046875,281.15246032714845
2026-06-26 13:00:00,278.8599853515625,278.8599853515625,279.3699951171875,278.42999267578125,278.9100036621094,1674372,-0.017933494636312997,277.65323028564455,280.81166015625
2026-06-26 13:15:00,279.19500732421875,279.19500732421875,279.29998779296875,278.5,278.8699951171875,1804938,0.1201398516297969,277.64173126220703,280.4833605957031
2026-06-26 13:30:00,279.4200134277344,279.4200134277344,279.8599853515625,279.0199890136719,279.17999267578125,1485854,0.08059101975785854,277.7862319946289,280.1603607177734
2026-06-26 13:45:00,279.19500732421875,279.19500732421875,279.7200012207031,278.64080810546875,279.4371032714844,1569245,-0.08052612293422134,277.90973205566405,279.82426086425784
2026-06-26 14:00:00,281.05010986328125,281.05010986328125,281.29998779296875,278.8900146484375,279.2099914550781,2840319,0.664446888517678,278.1934875488281,279.5412628173828
2026-06-26 14:15:00,280.19000244140625,280.19000244140625,281.2998962402344,279.5,281.05999755859375,2361830,-0.30603347648339163,278.45048828125,279.2416625976563
2026-06-26 14:30:00,281.1700134277344,281.1700134277344,281.82000732421875,280.0899963378906,280.19500732421875,3219269,0.34976657903169617,278.6639892578125,278.9642626953125
2026-06-26 14:45:00,280.7200012207031,280.7200012207031,281.3299865722656,280.260009765625,281.1650085449219,3284698,-0.16004985792943405,278.9149887084961,278.67986083984374
2026-06-26 15:00:00,281.45001220703125,281.45001220703125,281.8299865722656,280.3699951171875,280.7149963378906,3833782,0.2600495095303801,279.07798919677737,278.40816101074216
2026-06-26 15:15:00,280.1499938964844,280.1499938964844,281.82000732421875,279.4100036621094,281.44500732421875,5232321,-0.4619002501909941,279.1724884033203,278.14596069335937
2026-06-26 15:30:00,281.260009765625,281.260009765625,281.4200134277344,280.0,280.1499938964844,5514668,0.39622198583761925,279.26773834228516,278.2079608154297
2026-06-26 15:45:00,281.20001220703125,281.20001220703125,285.95001220703125,281.010009765625,281.25,18008359,-0.021331706076432866,279.3352584838867,278.25256103515625
2026-06-29 09:30:00,284.0150146484375,284.0150146484375,288.36968994140625,283.7349853515625,286.8599853515625,4206617,1.0010676810830788,279.55650939941404,278.36366149902346
2026-06-29 09:45:00,283.9599914550781,283.9599914550781,285.239990234375,283.5220031738281,284.0400085449219,2652751,-0.01937333961991028,279.8030090332031,278.45026123046875
2026-06-29 10:00:00,281.82501220703125,281.82501220703125,284.0400085449219,281.7250061035156,283.9750061035156,1873670,-0.7518591746346837,279.9880096435547,278.49216125488283
2026-06-29 10:15:00,280.8699951171875,280.8699951171875,282.375,280.45001220703125,281.79998779296875,1896421,-0.33886881876268315,280.17325897216796,278.5574609375
2026-06-29 10:30:00,281.5249938964844,281.5249938964844,282.2900085449219,280.3299865722656,280.8800048828125,2871579,0.23320354280762512,280.4492584228516,278.64756103515623
2026-06-29 10:45:00,281.81500244140625,281.81500244140625,282.8299865722656,281.2699890136719,281.5400085449219,1808324,0.10301342730105745,280.74500885009763,278.73106079101564
2026-06-29 11:00:00,281.95001220703125,281.95001220703125,282.19970703125,280.7099914550781,281.82000732421875,2067061,0.0479072315012985,280.93650970458987,278.7850610351563
2026-06-29 11:15:00,282.3301086425781,282.3301086425781,282.42498779296875,281.5799865722656,281.95001220703125,1119010,0.13480986667515626,281.1075149536133,278.87456298828124
2026-06-29 11:30:00,282.67999267578125,282.67999267578125,282.75,281.8500061035156,282.3424987792969,1669529,0.1239272831669691,281.2985153198242,278.99866271972655
2026-06-29 11:45:00,281.5050048828125,281.5050048828125,283.03448486328125,281.4700927734375,282.67999267578125,2046381,-0.4156600479031436,281.4140151977539,279.1374627685547
2026-06-29 12:00:00,280.4100036621094,280.4100036621094,281.6199951171875,280.3500061035156,281.5299987792969,1709471,-0.38898108442475543,281.46351470947263,279.2507629394531
2026-06-29 12:15:00,280.55999755859375,280.55999755859375,281.5,280.2200012207031,280.4200134277344,1978748,0.05349092205180206,281.5317642211914,279.35956298828125
2026-06-29 12:30:00,280.1600036621094,280.1600036621094,280.79998779296875,279.92999267578125,280.55999755859375,1188548,-0.1425698246239948,281.4872589111328,279.41936279296874
2026-06-29 12:45:00,280.30999755859375,280.30999755859375,280.760009765625,279.875,280.17999267578125,1369030,0.05353865452730755,281.4932586669922,279.4647625732422
2026-06-29 13:00:00,280.1000061035156,280.1000061035156,280.489990234375,279.8500061035156,280.32000732421875,1337902,-0.07491400838610662,281.43975830078125,279.52546264648436
2026-06-29 13:15:00,281.4800109863281,281.4800109863281,281.5400085449219,280.1099853515625,280.1099853515625,1329036,0.49268291779418494,281.4777587890625,279.6192987060547
2026-06-29 13:30:00,281.5,281.5,281.8900146484375,281.32000732421875,281.4700012207031,1039972,0.007101397218867156,281.4802581787109,279.6834985351563
2026-06-29 13:45:00,282.0199890136719,282.0199890136719,282.29998779296875,281.45001220703125,281.5,1371868,0.1847207863843181,281.5737579345703,279.73699829101565
2026-06-29 14:00:00,281.42999267578125,281.42999267578125,282.0299987792969,281.0,282.0299987792969,887168,-0.2092037305419625,281.58225708007814,279.7701983642578
2026-06-29 14:15:00,281.54998779296875,281.54998779296875,281.67999267578125,280.8599853515625,281.42999267578125,907515,0.042637643574017225,281.599755859375,279.8126983642578
2026-06-29 14:30:00,282.1499938964844,282.1499938964844,282.34991455078125,281.489990234375,281.54998779296875,1555767,0.2131081973112403,281.50650482177736,279.92509826660154
2026-06-29 14:45:00,282.07000732421875,282.07000732421875,282.2622985839844,281.4549865722656,282.1499938964844,1186318,-0.028348954100976265,281.41200561523436,280.0319982910156
2026-06-29 15:00:00,282.6499938964844,282.6499938964844,283.0775146484375,281.94000244140625,282.07501220703125,1410733,0.20561795199975919,281.45325469970703,280.1774981689453
2026-06-29 15:15:00,282.67999267578125,282.67999267578125,282.8900146484375,282.29998779296875,282.6499938964844,1501591,0.010613401714021364,281.5437545776367,280.33009826660157
2026-06-29 15:30:00,281.7900085449219,281.7900085449219,282.739990234375,281.6499938964844,282.7099914550781,2701088,-0.3148380337904322,281.55700531005857,280.42789855957034
2026-06-29 15:45:00,281.6300048828125,281.6300048828125,282.4200134277344,281.4700012207031,281.79998779296875,3843663,-0.05678116940185385,281.5477554321289,280.54649841308594
2026-06-30 09:30:00,283.2698974609375,283.2698974609375,284.84930419921875,280.69500732421875,281.1700134277344,3769429,0.5822861732390328,281.6137496948242,280.6480963134766
2026-06-30 09:45:00,285.30999755859375,285.30999755859375,285.34368896484375,282.82000732421875,283.2699890136719,2019537,0.720196574342169,281.762744140625,280.7890960693359
2026-06-30 10:00:00,285.8550109863281,285.8550109863281,285.9800109863281,284.739990234375,285.30999755859375,1819219,0.1910250017167492,281.92149505615237,280.9190960693359
2026-06-30 10:15:00,286.0249938964844,286.0249938964844,286.2898864746094,285.5,285.8500061035156,1498412,0.05946472988866969,282.1474945068359,281.0426037597656
2026-06-30 10:30:00,285.5707092285156,285.5707092285156,286.260009765625,285.260009765625,286.010009765625,1068286,-0.1588269129141784,282.40552978515626,281.16221801757814
2026-06-30 10:45:00,286.9700012207031,286.9700012207031,287.0799865722656,285.4100036621094,285.5899963378906,2015216,0.48999843014985167,282.72602996826174,281.3210180664062
2026-06-30 11:00:00,286.9599914550781,286.9599914550781,287.34991455078125,286.6400146484375,286.9800109863281,1136639,-0.0034880878079346367,283.06602935791017,281.49771789550783
2026-06-30 11:15:00,288.2699890136719,288.2699890136719,288.6600036621094,286.6199035644531,286.9599914550781,1549461,0.45650878087610813,283.4640289306641,281.7198175048828
2026-06-30 11:30:00,288.45001220703125,288.45001220703125,289.159912109375,288.1600036621094,288.2799987792969,1328498,0.062449509217143984,283.8815292358398,281.9687176513672
2026-06-30 11:45:00,288.73980712890625,288.73980712890625,289.3800048828125,288.45001220703125,288.45001220703125,1283489,0.10046625398199005,284.24451904296876,282.22551391601564
2026-06-30 12:00:00,288.260009765625,288.260009765625,289.20001220703125,287.80999755859375,288.739990234375,1087894,-0.16616945479466239,284.58251953125,282.4283142089844
2026-06-30 12:15:00,288.1449890136719,288.1449890136719,288.5,287.94171142578125,288.260009765625,724631,-0.039901737340064525,284.88876953125,282.61301391601563
2026-06-30 12:30:00,288.7074890136719,288.7074890136719,288.75,288.125,288.1600036621094,790244,0.1952142225084108,285.25264434814454,282.8099639892578
2026-06-30 12:45:00,289.18499755859375,289.18499755859375,289.2200012207031,288.6199951171875,288.7099914550781,919134,0.1653952748344789,285.63439483642577,283.0097637939453
2026-06-30 13:00:00,289.0,289.0,289.6600036621094,288.9150085449219,289.20001220703125,936209,-0.06397204563015624,285.9768951416016,283.2013635253906
2026-06-30 13:15:00,288.42999267578125,288.42999267578125,288.9800109863281,288.32000732421875,288.9800109863281,727482,-0.1972343682417832,286.2948944091797,283.38606323242186
2026-06-30 13:30:00,288.375,288.375,288.57501220703125,288.2250061035156,288.44500732421875,757837,-0.019066212660856507,286.58114471435545,283.5325610351563
2026-06-30 13:45:00,288.4200134277344,288.4200134277344,288.7200012207031,288.1600036621094,288.3900146484375,693212,0.015609337749245,286.86814575195314,283.6971612548828
2026-06-30 14:00:00,288.94000244140625,288.94000244140625,289.19000244140625,288.0899963378906,288.4200134277344,1198860,0.18028881126939122,287.2256454467773,283.85256103515627
2026-06-30 14:15:00,288.0899963378906,288.0899963378906,289.0,287.8550109863281,288.92999267578125,850140,-0.2941808321220596,287.54864501953125,283.9999609375
2026-06-30 14:30:00,287.4549865722656,287.4549865722656,288.17999267578125,287.1400146484375,288.0849914550781,1012683,-0.220420623311135,287.75789947509764,284.1200604248047
2026-06-30 14:45:00,286.9849853515625,286.9849853515625,287.510009765625,286.67999267578125,287.4501037597656,831908,-0.16350428507350134,287.8416488647461,284.25676025390624
2026-06-30 15:00:00,287.55059814453125,287.55059814453125,287.7099914550781,286.9700012207031,286.9700012207031,1175097,0.19708793903481236,287.9264282226562,284.38257202148435
2026-06-30 15:15:00,287.5299987792969,287.5299987792969,288.1400146484375,287.2749938964844,287.55999755859375,1324853,-0.0071637358319831534,288.0016784667969,284.50917175292966
2026-06-30 15:30:00,287.9100036621094,287.9100036621094,288.07000732421875,287.5,287.5299987792969,1438212,0.13216182117545827,288.11864318847654,284.58707153320313
2026-06-30 15:45:00,289.0899963378906,289.0899963378906,289.9100036621094,287.4200134277344,287.9100036621094,6936703,0.4098477513015064,288.2246429443359,284.6896716308594
2026-07-01 09:30:00,291.1199951171875,291.1199951171875,293.3949890136719,290.3299865722656,293.3299865722656,3939465,0.7022030526868228,288.4326431274414,284.8755712890625
2026-07-01 09:45:00,292.5,292.5,292.64990234375,289.19500732421875,291.0,1943971,0.4740330124892278,288.64414367675784,285.10817138671877
2026-07-01 10:00:00,292.95001220703125,292.95001220703125,293.19000244140625,291.6343994140625,292.510009765625,1487179,0.15385032719017477,288.8691436767578,285.3366717529297
2026-07-01 10:15:00,293.05999755859375,293.05999755859375,293.4798889160156,291.94000244140625,292.9400939941406,1384807,0.037544067922667956,289.0851531982422,285.56157165527344
2026-07-01 10:30:00,294.8299865722656,294.8299865722656,294.8399963378906,292.7300109863281,293.05999755859375,1559178,0.6039681390900054,289.41365203857424,285.8191711425781
2026-07-01 10:45:00,294.6400146484375,294.6400146484375,295.0799865722656,294.0,294.82000732421875,2200269,-0.06443439693389896,289.7384033203125,286.0653692626953
2026-07-01 11:00:00,294.6099853515625,294.6099853515625,295.3500061035156,294.2850036621094,294.635009765625,1099938,-0.01019185968709202,290.03352813720704,286.30396911621096
2026-07-01 11:15:00,295.751708984375,295.751708984375,296.5899963378906,294.510009765625,294.6099853515625,1906555,0.38753731698879523,290.3618637084961,286.5889031982422
2026-07-01 11:30:00,294.94000244140625,294.94000244140625,295.7900085449219,294.7250061035156,295.7799987792969,1135569,-0.274455402390128,290.6588638305664,286.87950317382814
2026-07-01 11:45:00,295.239990234375,295.239990234375,295.4200134277344,294.6300048828125,294.94000244140625,870993,0.1017114635130989,290.9993637084961,287.17310302734376
2026-07-01 12:00:00,295.2850036621094,295.2850036621094,295.7099914550781,295.0400085449219,295.25,741802,0.015246385727984979,291.34486389160156,287.47560302734377
2026-07-01 12:15:00,294.94500732421875,294.94500732421875,295.4649963378906,294.9200134277344,295.2699890136719,656566,-0.11514175582031383,291.6711135864258,287.76830322265624
2026-07-01 12:30:00,294.6000061035156,294.6000061035156,295.0599060058594,294.2701110839844,294.94500732421875,785219,-0.11697137165772586,291.95411376953126,288.05830322265626
2026-07-01 12:45:00,294.2300109863281,294.2300109863281,294.8500061035156,294.1099853515625,294.6000061035156,975992,-0.12559236575762078,292.2611145019531,288.31330322265626
2026-07-01 13:00:00,294.44500732421875,294.44500732421875,294.6099853515625,293.9200134277344,294.2300109863281,1059466,0.07307083909282586,292.6106155395508,288.57220336914065
2026-07-01 13:15:00,294.0899963378906,294.0899963378906,294.44500732421875,293.94000244140625,294.44500732421875,745748,-0.12056953845279716,292.9658660888672,288.813603515625
2026-07-01 13:30:00,294.1050109863281,294.1050109863281,294.6000061035156,293.9200134277344,294.0799865722656,659799,0.005105460445609111,293.29358673095703,289.0671038818359
2026-07-01 13:45:00,293.7149963378906,293.7149963378906,294.989990234375,293.1099853515625,294.1099853515625,2012236,-0.13261067777441404,293.6028366088867,289.3104040527344
2026-07-01 14:00:00,294.54998779296875,294.54998779296875,294.8399963378906,292.70001220703125,293.7300109863281,1837267,0.2842862861920592,293.93483581542966,289.55840393066404
2026-07-01 14:15:00,294.80499267578125,294.80499267578125,295.1000061035156,294.31500244140625,294.57501220703125,993028,0.08657439938233313,294.22058563232423,289.8131036376953
2026-07-01 14:30:00,295.3699951171875,295.3699951171875,295.5299987792969,294.7200012207031,294.80999755859375,1158383,0.19165294192544646,294.4330856323242,290.0675036621094
2026-07-01 14:45:00,294.7200012207031,294.7200012207031,295.4599914550781,294.67999267578125,295.3599853515625,1032212,-0.2200609091070671,294.54408569335936,290.3083038330078
2026-07-01 15:00:00,294.55999755859375,294.55999755859375,294.94000244140625,294.4200134277344,294.7300109863281,988456,-0.0542900588513362,294.6245849609375,290.56370361328123
2026-07-01 15:15:00,294.0151062011719,294.0151062011719,294.8396911621094,294.0,294.57000732421875,1227693,-0.18498484585079966,294.6723403930664,290.81140563964846
2026-07-01 15:30:00,294.2099914550781,294.2099914550781,294.3500061035156,293.95001220703125,294.0,1510420,0.06628409554334525,294.641340637207,291.03020751953125
2026-07-01 15:45:00,294.25,294.25,295.54998779296875,293.7500915527344,294.20001220703125,4721233,0.013598635696898675,294.62183990478513,291.20900756835937
2026-07-02 09:30:00,300.3500061035156,300.3500061035156,301.1400146484375,293.67999267578125,294.0849914550781,4635901,2.073069194057986,294.9088409423828,291.4989074707031
2026-07-02 09:45:00,302.80999755859375,302.80999755859375,302.80999755859375,300.3800048828125,300.3800048828125,4738509,0.8190415865116707,295.2617553710937,291.8346075439453
2026-07-02 10:00:00,303.7300109863281,303.7300109863281,304.5199890136719,302.6188049316406,302.8500061035156,3255379,0.3038253146038672,295.70125579833984,292.1977935791016
2026-07-02 10:15:00,305.04998779296875,305.04998779296875,305.32000732421875,303.5899963378906,303.7449951171875,2958487,0.4345888647467433,296.1917556762695,292.55939331054685
2026-07-02 10:30:00,306.4200134277344,306.4200134277344,306.6398010253906,304.8500061035156,305.04400634765625,3218871,0.4491151252546288,296.7485061645508,292.94859375
2026-07-02 10:45:00,306.87799072265625,306.87799072265625,307.0400085449219,305.30010986328125,306.4200134277344,2785450,0.14946063404892573,297.3451553344727,293.3207537841797
2026-07-02 11:00:00,307.41448974609375,307.41448974609375,307.82000732421875,305.4100036621094,306.8999938964844,3117619,0.17482486188538093,297.9858795166016,293.7000433349609
2026-07-02 11:15:00,305.4150085449219,305.4150085449219,307.44000244140625,305.2799987792969,307.44000244140625,2199416,-0.6504186588027538,298.5451293945313,294.03354736328123
2026-07-02 11:30:00,305.67498779296875,305.67498779296875,306.8999938964844,305.4200134277344,305.4200134277344,1619967,0.08512327186718238,299.10662841796875,294.3818469238281
2026-07-02 11:45:00,305.625,305.625,306.1199951171875,305.2799987792969,305.7300109863281,1305109,-0.016353249354705834,299.6833786010742,294.7314471435547
2026-07-02 12:00:00,307.0544128417969,307.0544128417969,307.0849914550781,305.6105041503906,305.6400146484375,1644868,0.467701543328225,300.33084869384766,295.0983856201172
2026-07-02 12:15:00,308.0899963378906,308.0899963378906,308.45001220703125,306.95001220703125,307.0450134277344,2630702,0.33726383754246747,301.04959869384766,295.47648559570314
2026-07-02 12:30:00,307.45001220703125,307.45001220703125,308.4800109863281,307.04998779296875,308.0899963378906,1854110,-0.2077263586830247,301.6945999145508,295.8454858398438
2026-07-02 12:45:00,308.30999755859375,308.30999755859375,308.5299072265625,306.6700134277344,307.4501037597656,1760509,0.27971550412020374,302.3698501586914,296.2430859375
2026-07-02 13:00:00,308.2099914550781,308.2099914550781,308.45001220703125,307.0899963378906,308.29998779296875,1765007,-0.03243686688967351,303.01184997558596,296.63978576660156
2026-07-02 13:15:00,307.80499267578125,307.80499267578125,308.31988525390625,307.260009765625,308.2099914550781,1275073,-0.13140352049745285,303.66609954833984,297.0274853515625
2026-07-02 13:30:00,308.17999267578125,308.17999267578125,308.17999267578125,307.4200134277344,307.80499267578125,1306022,0.1218303825224254,304.3470993041992,297.41228515625
2026-07-02 13:45:00,307.32000732421875,307.32000732421875,308.29998779296875,307.10009765625,308.1700134277344,1576661,-0.27905294697934124,305.01234436035156,297.79688537597656
2026-07-02 14:00:00,307.6400146484375,307.6400146484375,307.82000732421875,307.1449890136719,307.3500061035156,1337055,0.10412837322404389,305.68384552001953,298.2005859375
2026-07-02 14:15:00,307.3299865722656,307.3299865722656,307.79998779296875,306.8200988769531,307.65008544921875,1330412,-0.10077625192098649,306.3378448486328,298.60748596191405
2026-07-02 14:30:00,307.54998779296875,307.54998779296875,307.8999938964844,307.1300048828125,307.3399963378906,1572539,0.0715846908259321,306.69784393310545,299.0074737548828
2026-07-02 14:45:00,307.6449890136719,307.6449890136719,308.1000061035156,307.3500061035156,307.54998779296875,1118455,0.030889684433055287,306.93959350585936,299.40977355957034
2026-07-02 15:00:00,307.7900085449219,307.7900085449219,308.30999755859375,307.3800048828125,307.6449890136719,1332226,0.04713859689864375,307.14259338378906,299.80737365722655
2026-07-02 15:15:00,307.42498779296875,307.42498779296875,308.04998779296875,307.2601013183594,307.7799987792969,1427355,-0.11859408746851541,307.26134338378904,300.1740734863281
2026-07-02 15:30:00,307.9800109863281,307.9800109863281,308.510009765625,307.31500244140625,307.44000244140625,2141007,0.18053938859814433,307.33934326171874,300.51127380371094
2026-07-02 15:45:00,308.2200012207031,308.2200012207031,309.4200134277344,307.2099914550781,307.9800109863281,6519605,0.07792396448276229,307.4064437866211,300.825673828125
2026-07-06 09:30:00,309.2900085449219,309.2900085449219,309.9100036621094,307.010009765625,307.67999267578125,4296993,0.34715700473071376,307.5002197265625,301.1524737548828
2026-07-06 09:45:00,309.6300048828125,309.6300048828125,309.95001220703125,308.3999938964844,309.3399963378906,1773303,0.10992800559259663,307.71096954345705,301.4838739013672
2026-07-06 10:00:00,309.8599853515625,309.8599853515625,309.9898986816406,308.8699951171875,309.6300048828125,1642794,0.07427589869304363,307.9202194213867,301.78447387695314
2026-07-06 10:15:00,311.7300109863281,311.7300109863281,311.75,309.4800109863281,309.8699951171875,2499785,0.6035066556412394,308.2254699707031,302.12627380371094
2026-07-06 10:30:00,311.3999938964844,311.3999938964844,311.8399963378906,311.2101135253906,311.70001220703125,1721559,-0.1058663196397247,308.4427490234375,302.4620739746094
2026-07-06 10:45:00,312.5201110839844,312.5201110839844,312.5799865722656,311.260009765625,311.3999938964844,1408668,0.35970366392246156,308.6642547607422,302.79744201660156
2026-07-06 11:00:00,312.875,312.875,313.2099914550781,312.4599914550781,312.54998779296875,1449152,0.11355714510170589,308.9355041503906,303.15614196777346
2026-07-06 11:15:00,313.5799865722656,313.5799865722656,313.6000061035156,312.6610107421875,312.8699951171875,1670949,0.22532531274970236,309.1990036010742,303.52294189453124
2026-07-06 11:30:00,314.0899963378906,314.0899963378906,314.1199951171875,313.3599853515625,313.5849914550781,1327726,0.16264104453855843,309.49300384521484,303.8990417480469
2026-07-06 11:45:00,313.70001220703125,313.70001220703125,314.20001220703125,313.3800048828125,314.1050109863281,1123940,-0.12416318106478474,309.78775482177736,304.2741418457031
2026-07-06 12:00:00,313.010009765625,313.010009765625,313.7900085449219,312.82000732421875,313.6400146484375,1521135,-0.2199561410762274,310.02925567626954,304.6423419189453
2026-07-06 12:15:00,312.25,312.25,313.0199890136719,312.2300109863281,313.0150146484375,844614,-0.24280685662227963,310.27575531005857,305.00274169921875
2026-07-06 12:30:00,312.57000732421875,312.57000732421875,312.75,311.8500061035156,312.2449951171875,4156676,0.10248433121498035,310.52225494384766,305.36524169921876
2026-07-06 12:45:00,312.5400085449219,312.5400085449219,312.9800109863281,312.44000244140625,312.55999755859375,711963,-0.009597459319177215,310.78275604248046,305.7342419433594
2026-07-06 13:00:00,312.7305908203125,312.7305908203125,312.8999938964844,312.3299865722656,312.5350036621094,658895,0.06097852120690028,311.04178619384766,306.10675354003905
2026-07-06 13:15:00,312.3800048828125,312.3800048828125,312.9100036621094,312.360107421875,312.7301025390625,745239,-0.11210477893460746,311.2785369873047,306.4800537109375
2026-07-06 13:30:00,312.3999938964844,312.3999938964844,312.5849914550781,312.1099853515625,312.3876037597656,699264,0.006398941468543917,311.5090362548828,306.8370538330078
2026-07-06 13:45:00,312.7200927734375,312.7200927734375,312.7349853515625,312.29998779296875,312.3900146484375,536519,0.10246443124426463,311.77379150390624,307.19535583496094
2026-07-06 14:00:00,312.9200134277344,312.9200134277344,312.9599914550781,312.4100036621094,312.7300109863281,598943,0.06392958396879145,312.0207916259766,307.5463562011719
2026-07-06 14:15:00,313.07000732421875,313.07000732421875,313.14990234375,312.7749938964844,312.92498779296875,666518,0.04793362202735185,312.26329193115237,307.91335632324217
2026-07-06 14:30:00,313.2799987792969,313.2799987792969,313.4750061035156,312.9100036621094,313.0799865722656,833694,0.06707491939994537,312.4627914428711,308.2877563476562
2026-07-06 14:45:00,313.2900085449219,313.2900085449219,313.46881103515625,313.0450134277344,313.2850036621094,702851,0.003195149918289175,312.6457916259766,308.6732543945312
2026-07-06 15:00:00,313.20001220703125,313.20001220703125,313.3900146484375,312.989990234375,313.29998779296875,942364,-0.028726207486995392,312.81279296875,309.0530548095703
2026-07-06 15:15:00,313.3999938964844,313.3999938964844,313.55999755859375,313.0199890136719,313.2049865722656,972974,0.06385111164073365,312.8962921142578,309.4360546875
2026-07-06 15:30:00,313.614990234375,313.614990234375,313.739990234375,313.3500061035156,313.4150085449219,1024003,0.06860125784229343,313.00704193115234,309.7013543701172
2026-07-06 15:45:00,312.80999755859375,312.80999755859375,313.69000244140625,312.04998779296875,313.61090087890625,3964388,-0.2566818235249735,313.0215362548828,309.9013543701172
2026-07-07 09:30:00,312.0899963378906,312.0899963378906,315.4800109863281,310.1499938964844,315.2900085449219,4038324,-0.23017206173797655,312.98228607177737,310.06855407714846
2026-07-07 09:45:00,311.5799865722656,311.5799865722656,312.8299865722656,311.1000061035156,312.07000732421875,1345322,-0.16341753071534848,312.88228607177734,310.1991540527344
2026-07-07 10:00:00,311.8699951171875,311.8699951171875,312.5498962402344,311.1099853515625,311.6000061035156,1815490,0.0930767563450674,312.7712860107422,310.30815368652344
2026-07-07 10:15:00,311.45001220703125,311.45001220703125,312.2650146484375,311.20001220703125,311.860107421875,1746094,-0.13466602005057782,312.6587860107422,310.39959411621095
2026-07-07 10:30:00,312.57000732421875,312.57000732421875,313.42999267578125,310.989990234375,311.45001220703125,2176057,0.35960670197148215,312.63678588867185,310.5027044677734
2026-07-07 10:45:00,312.7799987792969,312.7799987792969,313.0199890136719,312.010009765625,312.5799865722656,902983,0.0671822152342072,312.66328582763674,310.65000427246093
2026-07-07 11:00:00,313.32000732421875,313.32000732421875,313.8800048828125,312.67498779296875,312.80499267578125,903105,0.17264804240342269,312.7007858276367,310.80290466308594
2026-07-07 11:15:00,314.0799865722656,314.0799865722656,314.1300048828125,313.1401062011719,313.32501220703125,1222626,0.24255688442533785,312.7777847290039,310.97200439453127
2026-07-07 11:30:00,314.3900146484375,314.3900146484375,314.4200134277344,313.739990234375,314.1025085449219,1580038,0.09870991130489504,312.86075592041016,311.11871643066405
2026-07-07 11:45:00,314.2900085449219,314.2900085449219,314.7300109863281,314.1400146484375,314.3700866699219,1824284,-0.031809567370466585,312.9562561035156,311.2427166748047
2026-07-07 12:00:00,313.1199951171875,313.1199951171875,314.364990234375,313.1199951171875,314.2699890136719,1154787,-0.3722719131770136,312.9922561645508,311.35611633300783
2026-07-07 12:15:00,313.1700134277344,313.1700134277344,314.05999755859375,312.67999267578125,313.12109375,1377331,0.01597416687750819,313.01475219726564,311.4533166503906
2026-07-07 12:30:00,313.614990234375,313.614990234375,313.8999938964844,312.7799987792969,313.1400146484375,727160,0.14208793548597942,313.0495010375977,311.56141662597656
2026-07-07 12:45:00,313.6099853515625,313.6099853515625,314.010009765625,313.5400085449219,313.6300048828125,616288,-0.0015958684910999388,313.07649993896484,311.67751647949217
2026-07-07 13:00:00,312.80499267578125,312.80499267578125,313.6199951171875,312.2701110839844,313.6099853515625,843541,-0.2566859198946836,313.05274963378906,311.7700164794922
2026-07-07 13:15:00,312.8399963378906,312.8399963378906,313.239990234375,312.70001220703125,312.80499267578125,607530,0.011190250452819406,313.0302490234375,311.88041625976564
2026-07-07 13:30:00,312.7200012207031,312.7200012207031,313.0,312.55999755859375,312.82000732421875,566560,-0.03835670585352613,313.0062484741211,311.9820159912109
2026-07-07 13:45:00,311.8800048828125,311.8800048828125,312.93499755859375,311.8699035644531,312.7200012207031,595272,-0.2686097258287612,312.9302490234375,312.07301635742186
2026-07-07 14:00:00,312.1650085449219,312.1650085449219,312.4200134277344,311.8500061035156,311.8599853515625,853897,0.0913824732741153,312.85774993896484,312.1653167724609
2026-07-07 14:15:00,312.61920166015625,312.61920166015625,312.7200012207031,311.92999267578125,312.1650085449219,625629,0.1454977665022339,312.848210144043,312.2648010253906
2026-07-07 14:30:00,313.0350036621094,313.0350036621094,313.17999267578125,312.30999755859375,312.6199951171875,758622,0.13300590614555574,312.8954605102539,312.36970092773436
2026-07-07 14:45:00,312.0050048828125,312.0050048828125,313.0799865722656,311.8599853515625,313.0400085449219,994800,-0.329036295381413,312.9167114257813,312.46130126953125
2026-07-07 15:00:00,311.8799133300781,311.8799133300781,312.5098876953125,311.55999755859375,312.0299987792969,1163238,-0.040092803248892306,312.9172073364258,312.53929931640624
2026-07-07 15:15:00,311.8949890136719,311.8949890136719,312.2699890136719,311.55999755859375,311.8800048828125,1344015,0.004833810370397096,312.9394561767578,312.6127990722656
2026-07-07 15:30:00,311.7250061035156,311.7250061035156,312.32000732421875,311.55499267578125,311.8999938964844,1006990,-0.05450004525362484,312.89720611572267,312.6614990234375
2026-07-07 15:45:00,310.6600036621094,310.6600036621094,312.0784912109375,310.3299865722656,311.7250061035156,10955583,-0.3416480617703721,312.7912063598633,312.6820989990234
2026-07-08 09:30:00,307.9158020019531,307.9158020019531,312.0,307.82000732421875,311.6600036621094,3587606,-0.8833456601452294,312.52099609375,312.6432153320313
2026-07-08 09:45:00,309.1300048828125,309.1300048828125,309.6401062011719,307.051513671875,307.9150085449219,1409898,0.394329512472269,312.2734970092773,312.5912152099609
2026-07-08 10:00:00,309.92498779296875,309.92498779296875,310.239990234375,308.4200134277344,309.1499938964844,1254960,0.2571678250571585,312.0502456665039,312.5617150878906
2026-07-08 10:15:00,308.8500061035156,308.8500061035156,310.6600036621094,308.8059997558594,309.9110107421875,1350312,-0.3468522164373544,311.7782455444336,312.4883129882812
2026-07-08 10:30:00,310.2699890136719,310.2699890136719,310.4609069824219,308.7749938964844,308.82000732421875,1100654,0.45976457247676183,311.6357452392578,312.4362127685547
2026-07-08 10:45:00,308.8800048828125,308.8800048828125,310.55999755859375,308.70001220703125,310.2550048828125,1079699,-0.44799180716060816,311.4212448120117,312.34221313476564
2026-07-08 11:00:00,309.9700012207031,309.9700012207031,310.260009765625,308.760009765625,308.8800048828125,986591,0.35288666170028016,311.23899536132814,312.2598132324219
2026-07-08 11:15:00,310.06500244140625,310.06500244140625,310.8500061035156,309.8900146484375,309.95001220703125,982431,0.03064852093073167,311.06174621582034,312.1871130371094
2026-07-08 11:30:00,309.55999755859375,309.55999755859375,310.1199951171875,309.31500244140625,310.0799865722656,781257,-0.16287064932712925,310.8994964599609,312.11811279296876
2026-07-08 11:45:00,310.2250061035156,310.2250061035156,310.45001220703125,309.4599914550781,309.55499267578125,742485,0.21482379834816268,310.7687469482422,312.0776129150391
2026-07-08 12:00:00,310.4849853515625,310.4849853515625,311.2149963378906,310.0849914550781,310.25,881007,0.08380344683114327,310.65699615478513,312.0359124755859
2026-07-08 12:15:00,311.6000061035156,311.6000061035156,311.7900085449219,310.489990234375,310.489990234375,1083725,0.3591222779067982,310.6429962158203,312.0171124267578
2026-07-08 12:30:00,312.2099914550781,312.2099914550781,312.2900085449219,311.3399963378906,311.6000061035156,1099775,0.19575909486979626,310.64524536132814,312.00670043945314
2026-07-08 12:45:00,313.1000061035156,313.1000061035156,313.3399963378906,312.1099853515625,312.2099914550781,1172278,0.28506923954916275,310.6692855834961,312.0211004638672
2026-07-08 13:00:00,313.8900146484375,313.8900146484375,314.0799865722656,313.010009765625,313.1299133300781,1287526,0.25231827835248133,310.7120361328125,312.05090087890625
2026-07-08 13:15:00,314.1199035644531,314.1199035644531,314.19000244140625,313.2449951171875,313.885009765625,1069470,0.07323868402540068,310.81778106689455,312.0788970947266
2026-07-08 13:30:00,314.4849853515625,314.4849853515625,314.57000732421875,313.9100036621094,314.1300048828125,1346358,0.11622370405905968,310.9480346679687,312.1101965332031
2026-07-08 13:45:00,314.3900146484375,314.3900146484375,314.635009765625,311.150390625,314.4800109863281,1248405,-0.03019880361501137,311.07278594970705,312.1365966796875
2026-07-08 14:00:00,314.55999755859375,314.55999755859375,314.80999755859375,314.20001220703125,314.3999938964844,965212,0.05406752830439121,311.21453552246095,312.1621966552734
2026-07-08 14:15:00,314.125,314.125,314.625,314.1000061035156,314.57000732421875,734822,-0.13828762778799186,311.38778533935545,312.178896484375
2026-07-08 14:30:00,313.95001220703125,313.95001220703125,314.2200012207031,313.739990234375,314.125,837017,-0.05570642036411,311.6894958496094,312.193896484375
2026-07-08 14:45:00,313.8949890136719,313.8949890136719,314.3999938964844,313.8399963378906,313.94000244140625,808757,-0.017526100085984986,311.92774505615233,312.20379638671875
2026-07-08 15:00:00,313.93499755859375,313.93499755859375,314.19720458984375,313.7200012207031,313.8949890136719,934674,0.012745837404914973,312.1282455444336,312.21019653320315
2026-07-08 15:15:00,313.81500244140625,313.81500244140625,314.0799865722656,313.6499938964844,313.92999267578125,897499,-0.038222918158437036,312.3764953613281,312.23029663085936
2026-07-08 15:30:00,313.1000061035156,313.1000061035156,314.20001220703125,313.1000061035156,313.81500244140625,1162510,-0.22784007530810557,312.5179962158203,312.25049682617185
2026-07-08 15:45:00,313.260009765625,313.260009765625,313.9599914550781,312.75,313.1000061035156,3623998,0.05110305301510021,312.73699645996095,312.2840972900391
2026-07-09 09:30:00,310.885009765625,310.885009765625,312.07000732421875,308.1600036621094,310.44500732421875,3624446,-0.7581561405737403,312.78274688720705,312.2643975830078
2026-07-09 09:45:00,310.9750061035156,310.9750061035156,311.8599853515625,310.65008544921875,310.8500061035156,1524024,0.028948432720654615,312.8282470703125,312.2548974609375
2026-07-09 10:00:00,310.8550109863281,310.8550109863281,311.94500732421875,310.1600036621094,310.9945068359375,1337873,-0.03858674003773821,312.8929977416992,312.22059753417966
2026-07-09 10:15:00,312.0899963378906,312.0899963378906,312.29998779296875,310.3900146484375,310.8500061035156,1114973,0.39728661527569376,312.98624725341796,312.20679748535156
2026-07-09 10:30:00,311.6199951171875,311.6199951171875,312.3999938964844,311.5199890136719,312.07000732421875,1095056,-0.15059797693556254,313.0429977416992,312.17279724121096
2026-07-09 10:45:00,311.55999755859375,311.55999755859375,311.7200012207031,310.7012023925781,311.6099853515625,742269,-0.0192534367286612,313.04099731445314,312.1223974609375
2026-07-09 11:00:00,312.43499755859375,312.43499755859375,312.4599914550781,311.510009765625,311.54998779296875,831243,0.2808447833022809,313.05224761962893,312.08329711914064
2026-07-09 11:15:00,314.4599914550781,314.4599914550781,314.8500061035156,312.4200134277344,312.43499755859375,1410396,0.648132863574169,313.12024688720703,312.0866967773438
2026-07-09 11:30:00,314.6050109863281,314.6050109863281,315.0199890136719,314.29998779296875,314.46990966796875,1039357,0.04611700540313457,313.15599670410154,312.11639709472655
2026-07-09 11:45:00,314.7699890136719,314.7699890136719,314.92999267578125,314.4700012207031,314.6199951171875,5394175,0.052439732865838806,313.1885009765625,312.1483966064453
2026-07-09 12:00:00,314.5000915527344,314.5000915527344,315.2200012207031,314.239990234375,314.7900085449219,1055741,-0.08574434360252292,313.1892562866211,312.1660986328125
2026-07-09 12:15:00,314.8999938964844,314.8999938964844,315.2200012207031,314.1000061035156,314.5199890136719,995766,0.12715492125157102,313.2147552490234,312.19189880371096
2026-07-09 12:30:00,315.0,315.0,315.5,314.8599853515625,314.90008544921875,933745,0.031758051906627394,313.23675537109375,312.2357989501953
2026-07-09 12:45:00,314.7099914550781,314.7099914550781,315.1199951171875,314.4200134277344,314.989990234375,1296405,-0.0920662047371068,313.26600494384763,312.27319885253905
2026-07-09 13:00:00,315.04998779296875,315.04998779296875,315.17999267578125,314.6075134277344,314.71051025390625,1493911,0.10803480891046213,313.32100372314454,312.3197985839844
2026-07-09 13:15:00,314.7214050292969,314.7214050292969,315.0799865722656,314.30999755859375,315.04998779296875,828733,-0.10429543767759286,313.3623245239258,312.3766265869141
2026-07-09 13:30:00,314.8599853515625,314.8599853515625,314.8599853515625,314.43011474609375,314.7235107421875,1869507,0.04403269687129896,313.40857391357423,312.4305261230469
2026-07-09 13:45:00,314.9800109863281,314.9800109863281,315.0799865722656,314.6099853515625,314.8599853515625,584710,0.03812032025334311,313.4668243408203,312.4777423095703
2026-07-09 14:00:00,314.7950134277344,314.7950134277344,315.31988525390625,314.4800109863281,314.989990234375,928966,-0.058733110718500736,313.55157470703125,312.5129425048828
2026-07-09 14:15:00,314.55999755859375,314.55999755859375,314.9049987792969,314.2349853515625,314.7799987792969,704936,-0.07465679541158732,313.6165740966797,312.5640423583984
2026-07-09 14:30:00,314.69000244140625,314.69000244140625,314.7799987792969,314.3800048828125,314.55999755859375,771047,0.04132912125556221,313.80682373046875,312.620244140625
2026-07-09 14:45:00,314.44000244140625,314.44000244140625,314.7799987792969,314.25,314.6700134277344,619483,-0.0794432610062179,313.9800735473633,312.6711444091797
2026-07-09 15:00:00,315.1499938964844,315.1499938964844,315.1600036621094,314.4049987792969,314.44000244140625,643542,0.225795525240291,314.19482269287107,312.73964416503907
2026-07-09 15:15:00,315.4100036621094,315.4100036621094,315.69000244140625,315.1400146484375,315.1499938964844,1024209,0.08250349695719805,314.360823059082,312.83464416503904
2026-07-09 15:30:00,316.1394958496094,316.1394958496094,316.19000244140625,315.3900146484375,315.4200134277344,1225245,0.23128378270509398,314.5867980957031,312.9991180419922
2026-07-09 15:45:00,316.17999267578125,316.17999267578125,316.5299987792969,315.67999267578125,316.1297912597656,2930579,0.012809796530821593,314.8177978515625,313.1401177978516
2026-07-10 09:30:00,314.7349853515625,314.7349853515625,316.3900146484375,313.2099914550781,314.7200012207031,3077854,-0.4570204812739398,314.93279724121095,313.23631774902344
2026-07-10 09:45:00,314.3005065917969,314.3005065917969,315.17999267578125,314.0199890136719,314.7550048828125,1216355,-0.13804590528132543,314.92482299804686,313.34532775878904
2026-07-10 10:00:00,313.7699890136719,313.7699890136719,314.760009765625,313.4150085449219,314.29998779296875,1028205,-0.16879310309672046,314.88307189941406,313.4153277587891
2026-07-10 10:15:00,313.1300048828125,313.1300048828125,313.95001220703125,312.93011474609375,313.75,1024039,-0.2039660111762598,314.8010726928711,313.50032775878907
2026-07-10 10:30:00,312.9649963378906,312.9649963378906,313.3900146484375,312.1700134277344,313.1199951171875,1674713,-0.05269649741282967,314.7243179321289,313.5602276611328
2026-07-10 10:45:00,313.760009765625,313.760009765625,313.92999267578125,312.6499938964844,312.94000244140625,932758,0.2540263087045247,314.6673187255859,313.6341278076172
2026-07-10 11:00:00,313.8699951171875,313.8699951171875,314.1099853515625,313.0,313.7799987792969,879017,0.03505397378227304,314.61081848144534,313.72032775878904
2026-07-10 11:15:00,313.3399963378906,313.3399963378906,314.1000061035156,313.32000732421875,313.885009765625,684185,-0.16885933269887854,314.5423187255859,313.7826275634766
2026-07-10 11:30:00,313.17999267578125,313.17999267578125,313.80999755859375,312.91009521484375,313.3500061035156,783876,-0.05106391267613031,314.4488189697266,313.83652770996093
2026-07-10 11:45:00,313.2300109863281,313.2300109863281,313.4700012207031,312.32000732421875,313.1700134277344,710095,0.015971106621304187,314.37424926757814,313.8691278076172
2026-07-10 12:00:00,314.19158935546875,314.19158935546875,314.239990234375,313.05999755859375,313.25,610638,0.30698794349643954,314.34082946777346,313.908759765625
2026-07-10 12:15:00,314.3550109863281,314.3550109863281,314.5140075683594,314.05010986328125,314.2300109863281,483640,0.05201336903850606,314.30957946777346,313.93385986328127
2026-07-10 12:30:00,314.4601135253906,314.4601135253906,314.6400146484375,313.94000244140625,314.3699951171875,500966,0.03343434505234111,314.29283447265624,313.9452618408203
2026-07-10 12:45:00,314.70001220703125,314.70001220703125,314.7799987792969,314.3599853515625,314.4400939941406,404291,0.07628906539247637,314.2998352050781,313.95686401367186
2026-07-10 13:00:00,314.2799987792969,314.2799987792969,314.739990234375,314.14990234375,314.7099914550781,402641,-0.13346470017232548,314.27933502197266,313.95276428222655
2026-07-10 13:15:00,314.4599914550781,314.4599914550781,314.54400634765625,314.2200012207031,314.2749938964844,393670,0.05727143836080639,314.28033447265625,313.95416381835935
2026-07-10 13:30:00,313.9100036621094,313.9100036621094,314.55999755859375,313.8999938964844,314.4700012207031,366061,-0.17489913118162725,314.2183349609375,313.9411639404297
2026-07-10 13:45:00,314.1300048828125,314.1300048828125,314.4800109863281,313.8902893066406,313.8902893066406,331656,0.07008417002853928,314.15433502197266,313.94126403808593
2026-07-10 14:00:00,314.1700134277344,314.1700134277344,314.3699951171875,314.010009765625,314.1700134277344,415539,0.012736301626703472,314.0558609008789,313.9456640625
2026-07-10 14:15:00,314.840087890625,314.840087890625,314.8900146484375,314.1600036621094,314.1600036621094,417493,0.21328402910889555,313.9888656616211,313.9645660400391
2026-07-10 14:30:00,314.9549865722656,314.9549865722656,314.9800109863281,314.739990234375,314.8599853515625,408092,0.03649429855341335,313.99986572265624,313.9849658203125
2026-07-10 14:45:00,315.2699890136719,315.2699890136719,315.3999938964844,314.9314880371094,314.9556884765625,1356829,0.1000150671797595,314.04833984375,314.0140655517578
2026-07-10 15:00:00,316.0199890136719,316.0199890136719,316.1400146484375,315.2300109863281,315.2699890136719,847303,0.23789133952978325,314.16083984375,314.0724652099609
2026-07-10 15:15:00,316.1600036621094,316.1600036621094,316.4798889160156,315.92181396484375,316.0150146484375,964160,0.044305630436380916,314.31233978271484,314.1304650878906
2026-07-10 15:30:00,316.6600036621094,316.6600036621094,316.9100036621094,316.04998779296875,316.1499938964844,1527397,0.15814777144751435,314.4970901489258,314.2459649658203
2026-07-10 15:45:00,315.32989501953125,315.32989501953125,316.7699890136719,314.7799987792969,316.6600036621094,2462225,-0.42004314633855566,314.5755844116211,314.33306274414065
2026-07-13 09:30:00,322.42999267578125,322.42999267578125,322.4999084472656,316.45001220703125,317.0150146484375,6301363,2.251641144208749,315.00358428955076,314.5645623779297
2026-07-13 09:45:00,321.2149963378906,321.2149963378906,323.45001220703125,320.510009765625,322.42999267578125,2765562,-0.3768248505071181,315.39733428955077,314.7470623779297
2026-07-13 10:00:00,321.19000244140625,321.19000244140625,321.79998779296875,320.6300048828125,321.2200012207031,1527313,-0.0077810490697327594,315.797834777832,314.93846252441404
2026-07-13 10:15:00,320.19000244140625,320.19000244140625,321.45989990234375,319.3299865722656,321.1700134277344,1562236,-0.3113421938413019,316.1458343505859,315.11106262207034
2026-07-13 10:30:00,318.7699890136719,318.7699890136719,320.2950134277344,318.6300048828125,320.2099914550781,1030377,-0.44349087007931054,316.37475433349607,315.2377624511719
2026-07-13 10:45:00,319.07000732421875,319.07000732421875,319.55999755859375,318.3699951171875,318.777587890625,1125005,0.09411748937695474,316.6105041503906,315.3299627685547
2026-07-13 11:00:00,317.9200134277344,317.9200134277344,319.2200012207031,317.8900146484375,319.1400146484375,877386,-0.36042055664474715,316.7834991455078,315.3962628173828
2026-07-13 11:15:00,317.2200012207031,317.2200012207031,318.1600036621094,316.8500061035156,317.9200134277344,961429,-0.22018500800999874,316.9094985961914,315.44526306152346
2026-07-13 11:30:00,316.44000244140625,316.44000244140625,317.2300109863281,316.0899963378906,317.2200012207031,1032174,-0.2458857500458156,317.0174987792969,315.4840612792969
2026-07-13 11:45:00,317.1199951171875,317.1199951171875,317.25,316.4200134277344,316.4410095214844,919828,0.21488834235081633,317.15049896240237,315.5284613037109
2026-07-13 12:00:00,317.6650085449219,317.6650085449219,317.8999938964844,316.79998779296875,317.1000061035156,1017345,0.17186347001960645,317.33824920654297,315.5817614746094
2026-07-13 12:15:00,317.3699951171875,317.3699951171875,317.7099914550781,316.8599853515625,317.6600036621094,759404,-0.09286934972337901,317.50024871826173,315.63496154785156
2026-07-13 12:30:00,316.4800109863281,316.4800109863281,317.44000244140625,315.92999267578125,317.3399963378906,1029159,-0.2804247863856024,317.6157485961914,315.66356201171874
2026-07-13 12:45:00,316.6000061035156,316.6000061035156,316.82000732421875,316.17999267578125,316.5150146484375,520336,0.03791554380117024,317.70374450683596,315.7011340332031
2026-07-13 13:00:00,316.1000061035156,316.1000061035156,316.7300109863281,316.0199890136719,316.6650085449219,532426,-0.15792798179432577,317.76099548339846,315.7259344482422
2026-07-13 13:15:00,316.4700012207031,316.4700012207031,316.5799865722656,315.7799987792969,316.0950012207031,1533343,0.1170500189950463,317.82099609375,315.7557342529297
2026-07-13 13:30:00,316.3999938964844,316.3999938964844,316.6700134277344,316.1199951171875,316.489990234375,647006,-0.02212131448438015,317.8399963378906,315.7878338623047
2026-07-13 13:45:00,316.1549987792969,316.1549987792969,316.75,316.0299987792969,316.3949890136719,552523,-0.0774320865719269,317.83974609375,315.8197338867187
2026-07-13 14:00:00,316.3299865722656,316.3299865722656,316.5400085449219,315.8999938964844,316.1700134277344,586253,0.05534873515977701,317.8232452392578,315.85253356933595
2026-07-13 14:15:00,316.84051513671875,316.84051513671875,316.8450012207031,316.1499938964844,316.31500244140625,571258,0.16139113777520198,317.8987762451172,315.9005438232422
2026-07-13 14:30:00,316.94000244140625,316.94000244140625,317.1000061035156,316.6400146484375,316.8599853515625,614708,0.03139980524415886,317.62427673339846,315.9363439941406
2026-07-13 14:45:00,317.1600036621094,317.1600036621094,317.4800109863281,316.92999267578125,316.9599914550781,1690288,0.06941415378571847,317.42152709960936,315.9713439941406
2026-07-13 15:00:00,316.2900085449219,316.2900085449219,317.5199890136719,316.1700134277344,317.17999267578125,952226,-0.2743079540742932,317.17652740478513,315.9743542480469
2026-07-13 15:15:00,316.3299865722656,316.3299865722656,317.1300048828125,316.2300109863281,316.2699890136719,871281,0.012639674432857184,316.9835266113281,315.97735412597655
2026-07-13 15:30:00,316.8500061035156,316.8500061035156,316.9100036621094,316.04998779296875,316.32501220703125,955301,0.16439147514433206,316.8875274658203,316.0196545410156
2026-07-13 15:45:00,317.4200134277344,317.4200134277344,317.739990234375,316.7099914550781,316.8399963378906,3070381,0.17989815787868846,316.8050277709961,316.08204467773436
2026-07-14 09:30:00,314.79998779296875,314.79998779296875,315.68499755859375,311.9100036621094,313.6400146484375,3461139,-0.8254128674725525,316.64902648925784,316.10264465332034
2026-07-14 09:45:00,314.489990234375,314.489990234375,315.6000061035156,313.0299987792969,314.7799987792969,1230129,-0.09847445063995153,316.5125259399414,316.12984436035157
2026-07-14 10:00:00,314.260009765625,314.260009765625,314.5199890136719,313.0700988769531,314.4700012207031,1393869,-0.07312807271818711,316.40352630615234,316.15574462890623
2026-07-14 10:15:00,314.9419860839844,314.9419860839844,315.1499938964844,313.364990234375,314.260009765625,868877,0.217010213570612,316.2946258544922,316.17938415527345
2026-07-14 10:30:00,315.4849853515625,315.4849853515625,316.19000244140625,314.7099914550781,314.95001220703125,2336297,0.17241247327159925,316.18562469482424,316.21168395996096
2026-07-14 10:45:00,314.9501037597656,314.9501037597656,315.5199890136719,314.0205078125,315.4700012207031,842290,-0.16954264596802382,316.06463012695315,316.24388610839844
2026-07-14 11:00:00,315.6600036621094,315.6600036621094,316.04998779296875,314.7900085449219,315.0,729648,0.22540075201411547,316.0236297607422,316.293486328125
2026-07-14 11:15:00,314.29998779296875,314.29998779296875,315.84991455078125,314.260009765625,315.6600036621094,702761,-0.4308483347153502,315.9086288452148,316.3148858642578
2026-07-14 11:30:00,314.45001220703125,314.45001220703125,314.8699951171875,313.79998779296875,314.32000732421875,881668,0.04773287301600426,315.8261291503906,316.32005432128904
2026-07-14 11:45:00,313.260009765625,313.260009765625,314.510009765625,313.20001220703125,314.44000244140625,844094,-0.37843930520274904,315.6656295776367,316.298154296875
2026-07-14 12:00:00,314.06500244140625,314.06500244140625,314.239990234375,312.8699951171875,313.2850036621094,792857,0.2569726906359815,315.5488800048828,316.2902520751953
2026-07-14 12:15:00,313.2699890136719,313.2699890136719,314.0799865722656,312.8699951171875,314.06500244140625,650048,-0.25313658687032836,315.4046295166016,316.26165161132815
2026-07-14 12:30:00,313.4700012207031,313.4700012207031,313.8699951171875,313.1099853515625,313.260009765625,638877,0.0638465904956309,315.2616302490234,316.2454516601563
2026-07-14 12:45:00,314.1199951171875,314.1199951171875,314.2200012207031,313.3999938964844,313.4800109863281,690152,0.2073544179516995,315.1256042480469,316.23865173339846
2026-07-14 13:00:00,314.42999267578125,314.42999267578125,314.9700012207031,313.8999938964844,314.1199951171875,789581,0.09868762365099482,315.00010375976564,316.2490515136719
2026-07-14 13:15:00,314.8699951171875,314.8699951171875,314.95001220703125,314.25,314.44000244140625,527925,0.13993653648045612,314.8856033325195,316.2638513183594
2026-07-14 13:30:00,314.7749938964844,314.7749938964844,315.0199890136719,314.5899963378906,314.8900146484375,489180,-0.030171569910231177,314.80985260009766,316.27595092773436
2026-07-14 13:45:00,315.17999267578125,315.17999267578125,315.2349853515625,314.6199951171875,314.7749938964844,486841,0.12866294564366498,314.7523529052734,316.2827490234375
2026-07-14 14:00:00,315.2550048828125,315.2550048828125,315.3900146484375,315.0400085449219,315.20001220703125,444515,0.02379979972535473,314.67260284423827,316.28874938964844
2026-07-14 14:15:00,315.2200012207031,315.2200012207031,315.2699890136719,314.8599853515625,315.260009765625,508582,-0.01110328513972414,314.5626022338867,316.2877496337891
2026-07-14 14:30:00,315.18499755859375,315.18499755859375,315.44000244140625,314.82000732421875,315.2200012207031,542718,-0.01110451810603097,314.581852722168,316.2710498046875
2026-07-14 14:45:00,315.4800109863281,315.4800109863281,315.6000061035156,315.0400085449219,315.18499755859375,519686,0.09360008567016465,314.6313537597656,316.25744995117185
2026-07-14 15:00:00,315.4100036621094,315.4100036621094,315.8699951171875,315.1300048828125,315.4849853515625,647290,-0.022190732148097414,314.68885345458983,316.2324499511719
2026-07-14 15:15:00,315.7049865722656,315.7049865722656,315.8500061035156,315.32000732421875,315.4198913574219,515145,0.09352363803663,314.7270034790039,316.23995178222657
2026-07-14 15:30:00,315.34979248046875,315.34979248046875,315.760009765625,315.1499938964844,315.7049865722656,849777,-0.1125082298044644,314.7202438354492,316.0983477783203
2026-07-14 15:45:00,314.9200134277344,314.9200134277344,315.70001220703125,314.5899963378906,315.3399963378906,2167118,-0.13628645490895153,314.71873931884767,315.9724481201172
2026-07-15 09:30:00,321.1700134277344,321.1700134277344,321.19500732421875,317.32000732421875,317.625,3454516,1.984630932779452,314.9942398071289,315.97204833984375
2026-07-15 09:45:00,320.7650146484375,320.7650146484375,321.8179931640625,319.9200134277344,321.1700134277344,3245597,-0.12610105625193713,315.31749114990237,315.9835485839844
2026-07-15 10:00:00,324.7862854003906,324.7862854003906,324.9800109863281,320.75,320.7900085449219,3631865,1.253650045457877,315.8343048095703,316.10387451171874
2026-07-15 10:15:00,324.7099914550781,324.7099914550781,325.67999267578125,324.25,324.7799987792969,3219356,-0.023490507063261834,316.406803894043,316.21667419433595
2026-07-15 10:30:00,324.1600036621094,324.1600036621094,325.0849914550781,323.5400085449219,324.7099914550781,2245348,-0.16937815510515986,316.91155395507815,316.34147399902344
2026-07-15 10:45:00,323.9100036621094,323.9100036621094,325.3999938964844,323.681396484375,324.20001220703125,1581021,-0.07712240781579949,317.4435546875,316.47527404785154
2026-07-15 11:00:00,324.2300109863281,324.2300109863281,324.3699951171875,323.5400085449219,323.9150085449219,1081005,0.098795134636398,317.98155517578124,316.63107421875
2026-07-15 11:15:00,325.6199951171875,325.6199951171875,325.67999267578125,324.0199890136719,324.2449951171875,1370640,0.42870310697982195,318.5565551757812,316.80107421875
2026-07-15 11:30:00,326.57000732421875,326.57000732421875,327.1000061035156,325.1600036621094,325.6099853515625,2006929,0.29175487417145707,319.16355590820314,316.97917419433594
2026-07-15 11:45:00,326.2799987792969,326.2799987792969,327.0199890136719,325.2149963378906,326.5751037597656,1383520,-0.08880440285931046,319.7340560913086,317.1573742675781
2026-07-15 12:00:00,327.1700134277344,327.1700134277344,327.3599853515625,326.2549133300781,326.2900085449219,1478769,0.2727763429469343,320.3538070678711,317.37117431640627
2026-07-15 12:15:00,328.1700134277344,328.1700134277344,328.5299987792969,327.0869140625,327.17498779296875,2446506,0.3056514836194957,321.00330810546876,317.60257446289063
2026-07-15 12:30:00,328.20001220703125,328.20001220703125,328.5,327.30999755859375,328.1600036621094,2106487,0.00914123109041487,321.6505584716797,317.8445745849609
2026-07-15 12:45:00,327.9599914550781,327.9599914550781,328.3399963378906,327.3599853515625,328.17999267578125,1381039,-0.07313246283541242,322.2875579833984,318.0743743896484
2026-07-15 13:00:00,326.6400146484375,326.6400146484375,328.05999755859375,326.4599914550781,327.9700012207031,1285045,-0.40248104678385355,322.8603088378906,318.2791748046875
2026-07-15 13:15:00,326.989990234375,326.989990234375,327.2099914550781,325.9700012207031,326.6000061035156,1194731,0.10714412510486326,323.435807800293,318.4958746337891
2026-07-15 13:30:00,327.2275085449219,327.2275085449219,328.0,326.6499938964844,327.0,1136482,0.07263779248307678,324.0266830444336,318.71382507324216
2026-07-15 13:45:00,327.5851135253906,327.5851135253906,327.7099914550781,327.19000244140625,327.2250061035156,1026413,0.10928328796651066,324.62068939208984,318.9287170410156
2026-07-15 14:00:00,327.6099853515625,327.6099853515625,327.6700134277344,327.1600036621094,327.5899963378906,851445,0.007592477540940834,325.2336990356445,319.1421166992188
2026-07-15 14:15:00,327.7900085449219,327.7900085449219,327.8599853515625,327.2099914550781,327.6000061035156,882007,0.05495045981769309,325.87719879150393,319.354716796875
2026-07-15 14:30:00,327.6549987792969,327.6549987792969,327.8500061035156,327.4700012207031,327.7799987792969,717863,-0.04118788312807986,326.20144805908205,319.5820166015625
2026-07-15 14:45:00,327.5249938964844,327.5249938964844,327.70001220703125,327.0799865722656,327.6400146484375,990612,-0.03967736896944851,326.53944702148436,319.80591674804685
2026-07-15 15:00:00,327.8399963378906,327.8399963378906,328.7200012207031,327.4599914550781,327.5400085449219,1570521,0.09617661164076363,326.6921325683594,320.02571655273437
2026-07-15 15:15:00,327.05999755859375,327.05999755859375,327.9898986816406,326.8599853515625,327.80999755859375,1267321,-0.23792056735291167,326.8096328735352,320.21851623535156
2026-07-15 15:30:00,325.8699951171875,325.8699951171875,327.07000732421875,325.8599853515625,327.0400085449219,2902884,-0.3638483612454224,326.89513244628904,320.4399163818359
2026-07-15 15:45:00,327.57000732421875,327.57000732421875,328.3500061035156,325.7200012207031,325.8900146484375,5115238,0.5216841785080195,327.07813262939453,320.70151672363284
2026-07-16 09:30:00,327.8550109863281,327.8550109863281,328.9800109863281,326.7900085449219,328.0050048828125,4686533,0.08700542044048909,327.2593826293945,320.9734167480469
2026-07-16 09:45:00,331.1499938964844,331.1499938964844,331.1499938964844,327.7900085449219,327.885009765625,3936026,1.0050122156875174,327.5358825683594,321.2975769042969
2026-07-16 10:00:00,328.752197265625,328.752197265625,331.4100036621094,327.8900146484375,331.07501220703125,2661650,-0.7240817378993847,327.6449920654297,321.56292114257815
2026-07-16 10:15:00,330.3699951171875,330.3699951171875,330.6099853515625,328.3399963378906,328.67010498046875,1518759,0.4921025212967223,327.84949188232423,321.8713189697266
2026-07-16 10:30:00,330.7049865722656,330.7049865722656,331.1499938964844,330.19000244140625,330.3399963378906,1571614,0.10139887399862602,328.02624053955077,322.1722186279297
2026-07-16 10:45:00,330.20001220703125,330.20001220703125,330.8900146484375,329.7749938964844,330.69000244140625,1120259,-0.1526963262539205,328.12774047851565,322.49021911621094
2026-07-16 11:00:00,330.4700012207031,330.4700012207031,330.614990234375,329.3500061035156,330.17999267578125,1080768,0.08176529487908812,328.2412399291992,322.81061889648436
2026-07-16 11:15:00,330.6300048828125,330.6300048828125,330.92498779296875,329.82049560546875,330.4649963378906,1514915,0.048417000489719975,328.37474060058594,323.15801879882815
2026-07-16 11:30:00,331.2892150878906,331.2892150878906,331.6499938964844,330.4800109863281,330.65008544921875,1076644,0.1993800306514082,328.6072006225586,323.5025030517578
2026-07-16 11:45:00,331.8500061035156,331.8500061035156,332.2799987792969,331.2300109863281,331.30499267578125,1252282,0.1692753612508202,328.85020141601564,323.87410339355466
2026-07-16 12:00:00,330.69000244140625,330.69000244140625,331.95001220703125,330.6000061035156,331.8550109863281,1360716,-0.3495566191876298,329.02332611083983,324.21850341796875
2026-07-16 12:15:00,331.1400146484375,331.1400146484375,331.4599914550781,327.5,330.6499938964844,917229,0.13608279769843357,329.20107116699216,324.55890380859375
2026-07-16 12:30:00,330.43798828125,330.43798828125,331.3999938964844,329.8599853515625,331.1899108886719,990678,-0.21200287978873078,329.34247131347655,324.87906372070313
2026-07-16 12:45:00,332.0799865722656,332.0799865722656,332.0799865722656,330.3299865722656,330.4200134277344,2340635,0.49691571467203044,329.5569702148438,325.2232635498047
2026-07-16 13:00:00,331.7749938964844,331.7749938964844,332.3699951171875,331.7200012207031,332.05499267578125,1070109,-0.09184313662783383,329.7629699707031,325.5632635498047
2026-07-16 13:15:00,332.8999938964844,332.8999938964844,332.9700012207031,331.7200012207031,331.7799987792969,1288074,0.33908522965748755,330.03171997070314,325.91766357421875
2026-07-16 13:30:00,332.3500061035156,332.3500061035156,333.54998779296875,332.2900085449219,332.898193359375,1588746,-0.16521111536570432,330.25722045898436,326.25956359863284
2026-07-16 13:45:00,331.635009765625,331.635009765625,332.510009765625,330.7850036621094,332.3599853515625,1857156,-0.21513354137503438,330.48597106933596,326.5878637695312
2026-07-16 14:00:00,329.639892578125,329.639892578125,331.82000732421875,329.55999755859375,331.6600036621094,1459906,-0.6016002921133135,330.6744659423828,326.87696166992185
2026-07-16 14:15:00,331.260009765625,331.260009765625,332.0,329.3399963378906,329.6400146484375,1893004,0.4914809232672068,330.8589660644531,327.1925616455078
2026-07-16 14:30:00,331.9599914550781,331.9599914550781,332.0899963378906,330.9100036621094,331.239990234375,1074392,0.21130884164024533,331.0642150878906,327.5235614013672
2026-07-16 14:45:00,333.17999267578125,333.17999267578125,333.510009765625,331.8399963378906,331.9549865722656,2021575,0.3675145355184206,331.1657150268555,327.8730615234375
2026-07-16 15:00:00,334.19500732421875,334.19500732421875,334.67999267578125,333.010009765625,333.17999267578125,2394716,0.3046445377124396,331.43785552978517,328.2499658203125
2026-07-16 15:15:00,332.989990234375,332.989990234375,334.3599853515625,332.9700012207031,334.19000244140625,2484627,-0.36057303772785154,331.56885528564453,328.61136535644533
2026-07-16 15:30:00,332.2799987792969,332.2799987792969,333.1199951171875,332.1000061035156,333.0,2355196,-0.21321705633805532,331.6476058959961,328.83356506347656
2026-07-16 15:45:00,333.2699890136719,333.2699890136719,333.70001220703125,330.7699890136719,332.2799987792969,5848809,0.2979385572444704,331.8011047363281,329.08366455078124
2026-07-17 09:30:00,333.8399963378906,333.8399963378906,334.9800109863281,331.2950134277344,332.5400085449219,9504764,0.17103469949566463,331.9696044921875,329.2647387695313
2026-07-17 09:45:00,330.9800109863281,330.9800109863281,334.3999938964844,330.8900146484375,333.8901062011719,2808925,-0.8566934408505755,331.98710479736326,329.39013916015625
2026-07-17 10:00:00,330.5086975097656,330.5086975097656,330.989990234375,329.0006103515625,330.94000244140625,2524373,-0.14239937788326218,331.94807891845704,329.51711303710937
2026-07-17 10:15:00,331.8399963378906,331.8399963378906,331.8500061035156,329.8399963378906,330.42999267578125,1706492,0.4028029634789432,331.9475784301758,329.675712890625
2026-07-17 10:30:00,333.07000732421875,333.07000732421875,333.9700012207031,331.8500061035156,331.8800048828125,2346822,0.37066387412676427,332.0665786743164,329.85251281738283
2026-07-17 10:45:00,333.1700134277344,333.1700134277344,333.5899963378906,331.9100036621094,333.07000732421875,1426565,0.030025550579915183,332.16807861328124,330.0035131835937
2026-07-17 11:00:00,333.80499267578125,333.80499267578125,333.989990234375,332.510009765625,333.17999267578125,1332251,0.1905871544422677,332.3364288330078,330.148212890625
2026-07-17 11:15:00,334.6549987792969,334.6549987792969,334.7666931152344,333.3699951171875,333.7699890136719,1428151,0.25464151890060016,332.4651794433594,330.315712890625
2026-07-17 11:30:00,333.7099914550781,333.7099914550781,334.8699035644531,333.2099914550781,334.6698913574219,1396365,-0.28238255148310687,332.5619293212891,330.4465124511719
2026-07-17 11:45:00,332.3500061035156,332.3500061035156,333.739990234375,332.0199890136719,333.739990234375,1515932,-0.40753510125139947,332.5344299316406,330.5301123046875
2026-07-17 12:00:00,330.30499267578125,330.30499267578125,332.375,330.0,332.3699951171875,2158281,-0.6153192087192005,332.4321792602539,330.5722119140625
2026-07-17 12:15:00,331.7449951171875,331.7449951171875,331.92498779296875,330.30999755859375,330.3399963378906,1182324,0.43596145179063406,332.437678527832,330.64791198730467
2026-07-17 12:30:00,332.2550048828125,332.2550048828125,332.3699951171875,331.4800109863281,331.7200012207031,928427,0.1537354815088765,332.5684341430664,330.76021179199216
2026-07-17 12:45:00,330.5101013183594,330.5101013183594,333.5,330.45001220703125,332.2650146484375,1927782,-0.5251699865495008,332.53093872070315,330.8306140136719
2026-07-17 13:00:00,329.4849853515625,329.4849853515625,330.79998779296875,329.4200134277344,330.510009765625,1764177,-0.3101617659211686,332.40718841552734,330.8757635498047
2026-07-17 13:15:00,330.5400085449219,330.5400085449219,330.8500061035156,329.1600036621094,329.4849853515625,1653963,0.3202037240736866,332.2751892089844,330.9348614501953
2026-07-17 13:30:00,330.8800964355469,330.8800964355469,330.92999267578125,330.0799865722656,330.51080322265625,843359,0.10288857077305202,332.1094436645508,331.000263671875
2026-07-17 13:45:00,331.7799987792969,331.7799987792969,331.9200134277344,330.4599914550781,330.8900146484375,1163222,0.2719723408703967,332.0489440917969,331.0800634765625
2026-07-17 14:00:00,332.6050109863281,332.6050109863281,333.2300109863281,331.54998779296875,331.7950134277344,1750415,0.24866242994354693,332.06519470214846,331.17906372070314
2026-07-17 14:15:00,332.375,332.375,332.718994140625,332.05999755859375,332.6050109863281,820742,-0.06915439597438011,332.0204452514648,331.27606384277345
2026-07-17 14:30:00,333.5899963378906,333.5899963378906,333.7099914550781,332.1099853515625,332.375,1459026,0.36554985720664845,332.00794525146483,331.39106384277346
2026-07-17 14:45:00,333.92498779296875,333.92498779296875,334.6700134277344,333.5,333.6000061035156,1295320,0.10042011413879948,332.1551940917969,331.52836364746094
2026-07-17 15:00:00,333.6400146484375,333.6400146484375,334.625,333.6199951171875,333.9200134277344,1479487,-0.08534046715543697,332.31175994873047,331.68376403808594
2026-07-17 15:15:00,332.8299865722656,332.8299865722656,333.9549865722656,332.3599853515625,333.6300048828125,1558618,-0.24278504993635597,332.3612594604492,331.78896362304687
2026-07-17 15:30:00,333.9200134277344,333.9200134277344,334.0899963378906,332.260009765625,332.7799987792969,2080282,0.3275025987576008,332.403759765625,331.910263671875
2026-07-17 15:45:00,333.739990234375,333.739990234375,334.3800048828125,333.46051025390625,333.8999938964844,4289389,-0.05391207059182168,332.43225860595703,331.9620635986328
2026-07-20 09:30:00,330.5799865722656,330.5799865722656,333.7099914550781,330.0199890136719,333.0249938964844,4559974,-0.9468459742838164,332.27100830078126,331.9986193847656
2026-07-20 09:45:00,328.8999938964844,328.8999938964844,330.8699951171875,328.3999938964844,330.639892578125,2072510,-0.5081955181863385,331.98325805664064,331.9692193603516
2026-07-20 10:00:00,327.1700134277344,327.1700134277344,329.0,327.1199951171875,328.8800048828125,2056393,-0.5259898147929043,331.65625915527346,331.8985198974609
2026-07-20 10:15:00,327.0199890136719,327.0199890136719,327.3900146484375,326.1099853515625,327.1600036621094,2489491,-0.045855184737353394,331.38975830078124,331.83491943359377
2026-07-20 10:30:00,327.9649963378906,327.9649963378906,328.0199890136719,326.5899963378906,327.0199890136719,1562844,0.28897540088268503,331.2727584838867,331.7848193359375
2026-07-20 10:45:00,326.42999267578125,326.42999267578125,327.9599914550781,326.0199890136719,327.95001220703125,1359159,-0.4680388697725246,331.0070083618164,331.70081909179686
2026-07-20 11:00:00,324.9599914550781,324.9599914550781,327.0150146484375,324.8210144042969,326.4599914550781,2006131,-0.4503266408375506,330.6422576904297,331.5742346191406
2026-07-20 11:15:00,324.8999938964844,324.8999938964844,325.3500061035156,324.4200134277344,324.9599914550781,2384793,-0.0184630601216762,330.36175231933595,331.435234375
2026-07-20 11:30:00,326.0150146484375,326.0150146484375,326.5199890136719,324.9049987792969,324.94000244140625,1241767,0.3431889113264752,330.18825378417966,331.34173461914065
2026-07-20 11:45:00,325.9750061035156,325.9750061035156,326.5450134277344,325.1300048828125,326.0150146484375,1161349,-0.012271994578227918,329.9600036621094,331.2384344482422
2026-07-20 12:00:00,325.2200927734375,325.2200927734375,326.0400085449219,324.94000244140625,325.9800109863281,1152618,-0.23158626150570072,329.67700347900393,331.13407653808594
2026-07-20 12:15:00,325.0,325.0,325.6700134277344,324.8699951171875,325.2200012207031,1145359,-0.06767502326211483,329.33800354003904,330.99247680664064
2026-07-20 12:30:00,324.4150085449219,324.4150085449219,325.0899963378906,323.70001220703125,325.0199890136719,1739551,-0.17999737079327227,328.9285034179687,330.84527709960935
2026-07-20 12:45:00,324.2449951171875,324.2449951171875,324.8500061035156,324.010009765625,324.3949890136719,830600,-0.05240615361691292,328.5220031738281,330.67217712402345
2026-07-20 13:00:00,324.79998779296875,324.79998779296875,325.1449890136719,323.9200134277344,324.260009765625,891248,0.1711646082866114,328.082502746582,330.5211767578125
2026-07-20 13:15:00,324.7200012207031,324.7200012207031,324.96160888671875,324.3999938964844,324.7900085449219,665126,-0.024626408642791642,327.62225341796875,330.38287658691405
2026-07-20 13:30:00,324.3699951171875,324.3699951171875,325.06500244140625,324.20001220703125,324.7300109863281,1792737,-0.10778704797975713,327.15875244140625,330.2774786376953
2026-07-20 13:45:00,324.7799987792969,324.7799987792969,325.3832092285156,324.29998779296875,324.3500061035156,764701,0.12639999638721644,326.7562530517578,330.14787841796874
2026-07-20 14:00:00,325.4700012207031,325.4700012207031,325.79998779296875,324.6549987792969,324.7799987792969,1149140,0.21245225814388036,326.33375244140626,330.01807861328126
2026-07-20 14:15:00,325.94000244140625,325.94000244140625,326.489990234375,325.3999938964844,325.4599914550781,1338266,0.14440692504389396,325.9437530517578,329.87327880859374
2026-07-20 14:30:00,325.4700012207031,325.4700012207031,326.9100036621094,325.30999755859375,325.9800109863281,1576146,-0.14419869214660208,325.68825378417966,329.69877868652344
2026-07-20 14:45:00,326.75,326.75,327.3699951171875,325.45001220703125,325.4700012207031,1213841,0.3932770376674055,325.5807540893555,329.57397888183596
2026-07-20 15:00:00,328.19000244140625,328.19000244140625,328.55499267578125,326.75,326.75,1478803,0.44070464924446107,325.6317535400391,329.49217895507815
2026-07-20 15:15:00,329.0199890136719,329.0199890136719,329.0799865722656,327.7699890136719,328.17999267578125,1492745,0.252898188881856,325.73175354003905,329.4071789550781
2026-07-20 15:30:00,328.0400085449219,328.0400085449219,329.760009765625,327.9700012207031,329.010009765625,2069652,-0.2978483075413596,325.7355041503906,329.29117919921873
2026-07-20 15:45:00,326.70001220703125,326.70001220703125,328.32989501953125,326.32000732421875,328.04998779296875,3458846,-0.4084856429050876,325.74900512695314,329.2055792236328
2026-07-21 09:30:00,324.82000732421875,324.82000732421875,325.6099853515625,322.38140869140625,323.3450012207031,4477659,-0.5754529576268097,325.7420059204102,329.09180541992185
2026-07-21 09:45:00,324.1099853515625,324.1099853515625,324.8900146484375,322.22039794921875,324.82000732421875,2122244,-0.21858935922858258,325.70250549316404,328.9372052001953
2026-07-21 10:00:00,326.06988525390625,326.06988525390625,326.1600036621094,323.9700012207031,324.1199951171875,1858099,0.6047021045087142,325.7052490234375,328.79720275878907
2026-07-21 10:15:00,326.739990234375,326.739990234375,327.0299987792969,325.67999267578125,326.07000732421875,1239819,0.2055096194936601,325.74349822998045,328.66860229492187
2026-07-21 10:30:00,327.29998779296875,327.29998779296875,327.3349914550781,326.2300109863281,326.7200012207031,938491,0.17138935402185584,325.84749298095704,328.53850219726564
2026-07-21 10:45:00,327.0899963378906,327.0899963378906,327.4599914550781,326.7099914550781,327.2900085449219,789070,-0.06415871155209807,325.9519927978516,328.3872021484375
2026-07-21 11:00:00,327.45001220703125,327.45001220703125,327.9800109863281,326.2099914550781,327.1000061035156,1225029,0.11006630382199845,326.103742980957,328.2620025634766
2026-07-21 11:15:00,328.385009765625,328.385009765625,328.45001220703125,327.2149963378906,327.54949951171875,1052680,0.28553902083918725,326.3107437133789,328.1827026367188
2026-07-21 11:30:00,328.4750061035156,328.4750061035156,328.70001220703125,327.7550048828125,328.3800048828125,971398,0.02740573875612551,326.49449462890624,328.14610290527344
2026-07-21 11:45:00,328.7749938964844,328.7749938964844,328.9800109863281,328.0,328.4601135253906,786551,0.09132743356254913,326.69724426269534,328.0867028808594
2026-07-21 12:00:00,329.57000732421875,329.57000732421875,329.6000061035156,328.5600891113281,328.739990234375,800624,0.2418107953747528,326.9572448730469,328.0330029296875
2026-07-21 12:15:00,328.6199951171875,328.6199951171875,329.6000061035156,328.55999755859375,329.56500244140625,958280,-0.28825808960724064,327.1492446899414,327.99520080566407
2026-07-21 12:30:00,327.95001220703125,327.95001220703125,328.8299865722656,327.57000732421875,328.6210021972656,885072,-0.2038777068076203,327.2732452392578,327.9645013427734
2026-07-21 12:45:00,328.43011474609375,328.43011474609375,328.5,327.4150085449219,327.9551086425781,994032,0.14639503619211514,327.3977508544922,327.92230346679685
2026-07-21 13:00:00,328.2300109863281,328.2300109863281,328.760009765625,327.7099914550781,328.43499755859375,991590,-0.060927348248907,327.53575134277344,327.8693017578125
2026-07-21 13:15:00,327.07000732421875,327.07000732421875,328.4898986816406,327.0,328.2200012207031,974456,-0.3534118219792215,327.5517517089844,327.7751019287109
2026-07-21 13:30:00,326.8999938964844,326.8999938964844,327.30999755859375,326.7200012207031,327.07000732421875,1612444,-0.05198074538391717,327.4872512817383,327.66100158691404
2026-07-21 13:45:00,327.6700134277344,327.6700134277344,327.8699951171875,326.9150085449219,326.9200134277344,679713,0.23555201762830436,327.4197525024414,327.56690185546876
2026-07-21 14:00:00,327.5,327.5,327.7900085449219,327.2099914550781,327.67999267578125,584415,-0.05188556192734506,327.3927520751953,327.4451019287109
2026-07-21 14:15:00,327.239990234375,327.239990234375,327.6199951171875,326.94000244140625,327.510009765625,721918,-0.07939229484732468,327.4197509765625,327.31140197753905
2026-07-21 14:30:00,328.2099914550781,328.2099914550781,328.3399963378906,327.17999267578125,327.25,669146,0.29641891261773523,327.5892501831055,327.2028015136719
2026-07-21 14:45:00,328.1600036621094,328.1600036621094,328.3900146484375,327.9800109863281,328.2099914550781,652922,-0.015230429989998573,327.7917510986328,327.1094018554688
2026-07-21 15:00:00,327.7049865722656,327.7049865722656,328.489990234375,327.6000061035156,328.1600036621094,774026,-0.1386570833635914,327.8735061645508,326.9851013183594
2026-07-21 15:15:00,327.93499755859375,327.93499755859375,328.1000061035156,327.510009765625,327.7049865722656,895312,0.0701884303726974,327.9332565307617,326.86900146484373
2026-07-21 15:30:00,327.7699890136719,327.7699890136719,328.1000061035156,327.57000732421875,327.92999267578125,1045309,-0.05031745502930285,327.9567565917969,326.8128015136719
2026-07-21 15:45:00,327.5899963378906,327.5899963378906,328.1000061035156,327.1400146484375,327.739990234375,2642413,-0.0549143246222461,327.98175659179685,326.7866015625
2026-07-22 09:30:00,326.2049865722656,326.2049865722656,328.99951171875,325.69000244140625,327.875,2748510,-0.4227875640611556,327.9195053100586,326.7673010253906
2026-07-22 09:45:00,325.94000244140625,325.94000244140625,327.3299865722656,325.7200927734375,326.25,1299750,-0.08123239734738608,327.79725494384763,326.74570129394533
2026-07-22 10:00:00,324.9750061035156,324.9750061035156,326.1481018066406,324.9150085449219,325.9599914550781,1114600,-0.29606563498265626,327.6222549438477,326.6859014892578
2026-07-22 10:15:00,324.4750061035156,324.4750061035156,325.3800048828125,324.3299865722656,324.9750061035156,1396745,-0.1538579861864009,327.4072555541992,326.6468017578125
2026-07-22 10:30:00,324.82989501953125,324.82989501953125,325.0,324.07000732421875,324.4949951171875,1035739,0.10937326738269526,327.17024993896484,326.6441998291016
2026-07-22 10:45:00,325.6000061035156,325.6000061035156,325.614013671875,324.70001220703125,324.7799987792969,1075919,0.23708134497228972,327.0192504882813,326.6582000732422
2026-07-22 11:00:00,324.32501220703125,324.32501220703125,325.6698913574219,324.1199951171875,325.6000061035156,818899,-0.3915828847002589,326.83800048828124,326.62440002441406
2026-07-22 11:15:00,325.79998779296875,325.79998779296875,325.80999755859375,324.2099914550781,324.29998779296875,769861,0.45478317441516314,326.706494140625,326.62089965820314
2026-07-22 11:30:00,325.364990234375,325.364990234375,325.8900146484375,325.20001220703125,325.7650146484375,1362044,-0.133516751041185,326.56324310302733,326.62379760742186
2026-07-22 11:45:00,325.05999755859375,325.05999755859375,325.5,324.92999267578125,325.3699951171875,668405,-0.09373862736785643,326.4627426147461,326.62499755859375
2026-07-22 12:00:00,324.45001220703125,324.45001220703125,325.1000061035156,324.3699951171875,325.0799865722656,728430,-0.1876531582304386,326.3402435302734,326.6256976318359
2026-07-22 12:15:00,324.885009765625,324.885009765625,325.03900146484375,324.45001220703125,324.4599914550781,1322941,0.1340722891747692,326.200993347168,326.6384979248047
2026-07-22 12:30:00,324.5299987792969,324.5299987792969,324.95001220703125,323.80999755859375,324.885009765625,931189,-0.10927281212027573,326.0524932861328,326.63309814453123
2026-07-22 12:45:00,324.2099914550781,324.2099914550781,324.6400146484375,324.07000732421875,324.5299987792969,635043,-0.09860639245137248,325.90099334716797,326.6228979492187
2026-07-22 13:00:00,323.9599914550781,323.9599914550781,324.260009765625,323.5899963378906,324.2117004394531,882721,-0.07711051682213199,325.688493347168,326.61469787597656
2026-07-22 13:15:00,323.6650085449219,323.6650085449219,324.1300048828125,323.3399963378906,323.95001220703125,546164,-0.09105535187580172,325.46374359130857,326.59239807128904
2026-07-22 13:30:00,323.8999938964844,323.8999938964844,324.0050048828125,323.55499267578125,323.6650085449219,446998,0.07260140743015064,325.2734939575195,326.56099792480467
2026-07-22 13:45:00,323.93499755859375,323.93499755859375,323.9599914550781,323.70001220703125,323.8900146484375,341042,0.010806935093854442,325.07349395751953,326.5208978271484
2026-07-22 14:00:00,323.8800048828125,323.8800048828125,324.0199890136719,323.6099853515625,323.93499755859375,495881,-0.016976453978645445,324.8789947509766,326.4890979003906
2026-07-22 14:15:00,323.92999267578125,323.92999267578125,324.0,323.7149963378906,323.8699951171875,364320,0.01543404724440034,324.6959945678711,326.43269775390627
2026-07-22 14:30:00,324.42999267578125,324.42999267578125,324.4999084472656,323.8299865722656,323.9299011230469,650456,0.15435433930333087,324.60724487304685,326.35749755859376
2026-07-22 14:45:00,324.29998779296875,324.29998779296875,324.70001220703125,324.17999267578125,324.42999267578125,629922,-0.040071783049488996,324.525244140625,326.2630975341797
2026-07-22 15:00:00,324.42498779296875,324.42498779296875,324.5050048828125,324.1600036621094,324.29998779296875,596665,0.03854455895935249,324.4977432250977,326.1907971191406
2026-07-22 15:15:00,324.44000244140625,324.44000244140625,324.57000732421875,324.260009765625,324.42999267578125,655360,0.004628080142543567,324.49599304199216,326.1455969238281
2026-07-22 15:30:00,324.45001220703125,324.45001220703125,324.6000061035156,323.9800109863281,324.44000244140625,1145125,0.003085243974143559,324.4769989013672,326.13819702148436
2026-07-22 15:45:00,325.8699951171875,325.8699951171875,326.9100036621094,324.4100036621094,324.44500732421875,4324260,0.4376584548408502,324.4904983520508,326.1733972167969
2026-07-23 09:30:00,320.8399963378906,320.8399963378906,323.29998779296875,320.80499267578125,321.7300109863281,3525480,-1.5435599639936237,324.3162475585938,326.06879943847656
2026-07-23 09:45:00,320.1600036621094,320.1600036621094,321.07000732421875,319.3500061035156,320.8800048828125,1947570,-0.21194136751738757,324.0342483520508,325.93719970703125
2026-07-23 10:00:00,320.80999755859375,320.80999755859375,321.92999267578125,319.82000732421875,320.1499938964844,1404980,0.20302157953819844,323.8064987182617,325.8073999023438
2026-07-23 10:15:00,321.489990234375,321.489990234375,321.760009765625,320.2200012207031,320.80499267578125,930139,0.2119611860466053,323.6279983520508,325.6953997802734
2026-07-23 10:30:00,321.8699951171875,321.8699951171875,322.9100036621094,321.4649963378906,321.4649963378906,885496,0.118201155356501,323.4989974975586,325.58379943847655
2026-07-23 10:45:00,321.2699890136719,321.2699890136719,322.0199890136719,320.8399963378906,321.8900146484375,854697,-0.186412561785132,323.31824645996096,325.4414990234375
2026-07-23 11:00:00,321.8500061035156,321.8500061035156,322.010009765625,320.7149963378906,321.2850036621094,1187377,0.1805388332799085,323.1842468261719,325.3089990234375
2026-07-23 11:15:00,321.2799987792969,321.2799987792969,322.2900085449219,321.1700134277344,321.82000732421875,1036396,-0.17710340637229205,323.0377471923828,325.15909912109373
2026-07-23 11:30:00,320.8599853515625,320.8599853515625,321.32000732421875,320.5799865722656,321.2900085449219,742868,-0.13073127157937625,322.882746887207,324.98489868164063
2026-07-23 11:45:00,320.8599853515625,320.8599853515625,321.0299987792969,320.44000244140625,320.8599853515625,570928,0.0,322.74249572753905,324.82969848632814
2026-07-23 12:00:00,321.45001220703125,321.45001220703125,321.54998779296875,320.3399963378906,320.8999938964844,581068,0.18388919853071783,322.61999664306643,324.69969848632815
2026-07-23 12:15:00,320.3598937988281,320.3598937988281,321.5101013183594,320.07000732421875,321.4649963378906,2897072,-0.3391253279844464,322.4412414550781,324.5382940673828
2026-07-23 12:30:00,320.55999755859375,320.55999755859375,320.55999755859375,320.0,320.30999755859375,677163,0.06246217570895496,322.2752410888672,324.3848937988281
2026-07-23 12:45:00,320.6105041503906,320.6105041503906,320.8599853515625,320.25,320.5400085449219,613300,0.01575573751608772,322.10926666259763,324.2557037353516
2026-07-23 13:00:00,320.6300048828125,320.6300048828125,321.010009765625,320.3399963378906,320.6199951171875,537501,0.0060823747723315336,321.91926727294924,324.13030395507815
2026-07-23 13:15:00,320.8699951171875,320.8699951171875,321.04998779296875,320.29998779296875,320.635009765625,412744,0.07484958697572264,321.74776763916014,323.9943035888672
2026-07-23 13:30:00,320.6600036621094,320.6600036621094,321.04998779296875,320.3599853515625,320.8700866699219,524797,-0.06544440373785765,321.5595184326172,323.85750366210937
2026-07-23 13:45:00,320.51239013671875,320.51239013671875,321.39898681640625,320.3800048828125,320.6400146484375,565182,-0.04603428045431013,321.36313781738284,323.72295166015624
2026-07-23 14:00:00,320.1499938964844,320.1499938964844,320.64801025390625,320.0,320.510009765625,927364,-0.11306777877753138,321.1481369018555,323.5617517089844
2026-07-23 14:15:00,320.2699890136719,320.2699890136719,320.44000244140625,320.0299987792969,320.1400146484375,533706,0.037480905661446684,320.8681365966797,323.4039514160156
2026-07-23 14:30:00,320.0050048828125,320.0050048828125,320.494384765625,319.760009765625,320.2749938964844,1493135,-0.08273773377126536,320.8263870239258,323.24995178222656
2026-07-23 14:45:00,320.7200012207031,320.7200012207031,320.7200012207031,320.0199890136719,320.0199890136719,549234,0.22343286104304916,320.8543869018555,323.10565185546875
2026-07-23 15:00:00,320.7200012207031,320.7200012207031,321.0150146484375,320.3500061035156,320.7099914550781,838836,0.0,320.8498870849609,322.9646520996094
2026-07-23 15:15:00,320.4198913574219,320.4198913574219,321.20001220703125,320.3299865722656,320.7250061035156,876587,-0.09357379088893447,320.79638214111327,322.82125
2026-07-23 15:30:00,321.1199951171875,321.1199951171875,321.2250061035156,320.0400085449219,320.3800048828125,1042054,0.2184957234707685,320.7588821411133,322.71955017089846
2026-07-23 15:45:00,321.6099853515625,321.6099853515625,321.9800109863281,320.45001220703125,321.1099853515625,3239665,0.15258789294518849,320.7758819580078,322.63294982910156
2026-07-24 09:30:00,325.6700134277344,325.6700134277344,325.989990234375,323.2300109863281,324.375,2658351,1.2624073446394268,320.9668823242188,322.64684997558595
2026-07-24 09:45:00,326.864990234375,326.864990234375,327.760009765625,325.5,325.6099853515625,2298240,0.36692871844825614,321.24613189697266,322.6946496582031
2026-07-24 10:00:00,328.0199890136719,328.0199890136719,328.6499938964844,326.7860107421875,326.8599853515625,2040783,0.35335652755856817,321.6041320800781,322.7584515380859
2026-07-24 10:15:00,328.79998779296875,328.79998779296875,329.4389953613281,327.79998779296875,328.0299987792969,1573685,0.237790014456829,322.0011322021484,322.822451171875
2026-07-24 10:30:00,329.4049987792969,329.4049987792969,329.7900085449219,328.7099914550781,328.7950134277344,1496220,0.18400578126209766,322.39888153076174,322.92405090332034
2026-07-24 10:45:00,329.9649963378906,329.9649963378906,330.2300109863281,329.18011474609375,329.4100036621094,1734932,0.17000275061671566,322.87913665771487,323.0073510742188
2026-07-24 11:00:00,331.2699890136719,331.2699890136719,331.3999938964844,329.7099914550781,329.9599914550781,1546786,0.3954942767459224,323.4146362304688,323.12545104980467
2026-07-24 11:15:00,331.7650146484375,331.7650146484375,331.92999267578125,331.0199890136719,331.28460693359375,1493787,0.14943268366673923,323.9723617553711,323.2595513916016
2026-07-24 11:30:00,332.80999755859375,332.80999755859375,333.260986328125,331.6700134277344,331.7749938964844,1862161,0.31497682516752334,324.5813613891602,323.4267510986328
2026-07-24 11:45:00,333.04998779296875,333.04998779296875,333.6400146484375,332.7200012207031,332.80999755859375,1685766,0.07211028398650399,325.1903610229492,323.59005065917967
2026-07-24 12:00:00,333.2101135253906,333.2101135253906,334.1000061035156,332.6600036621094,333.0400085449219,1767859,0.0480785882873036,325.81786651611327,323.7636529541016
2026-07-24 12:15:00,333.7200012207031,333.7200012207031,334.3699951171875,332.9599914550781,333.2200012207031,1305912,0.1530228749415441,326.4782470703125,323.95385314941404
2026-07-24 12:30:00,333.5799865722656,333.5799865722656,333.92999267578125,333.3599853515625,333.69500732421875,932780,-0.0419557257357539,327.1497467041016,324.1462530517578
2026-07-24 12:45:00,333.1820068359375,333.1820068359375,333.7200012207031,332.6820068359375,333.5299987792969,828528,-0.11930563953119755,327.7953475952148,324.33659301757814
2026-07-24 13:00:00,332.5,332.5,334.2200012207031,332.3800048828125,333.19000244140625,1184808,-0.20469497810345905,328.4200973510742,324.50859313964844
2026-07-24 13:15:00,332.3999938964844,332.3999938964844,332.7699890136719,332.1505126953125,332.5400085449219,900631,-0.030077023613717113,329.0040969848633,324.6778930664062
2026-07-24 13:30:00,332.9200134277344,332.9200134277344,333.19000244140625,332.3599853515625,332.3949890136719,813555,0.15644390517406404,329.61409759521484,324.8586932373047
2026-07-24 13:45:00,332.6499938964844,332.6499938964844,333.1000061035156,332.6300048828125,332.9200134277344,571783,-0.08110642807859225,330.225602722168,325.03309326171876
2026-07-24 14:00:00,332.44000244140625,332.44000244140625,333.1698913574219,332.42999267578125,332.6449890136719,626385,-0.06312684771714316,330.7916030883789,325.19329345703125
2026-07-24 14:15:00,332.2650146484375,332.2650146484375,332.75,332.1400146484375,332.44000244140625,768858,-0.05263740575250919,331.32435455322263,325.35259399414065
2026-07-24 14:30:00,332.2300109863281,332.2300109863281,332.6199951171875,332.05999755859375,332.2650146484375,1125011,-0.010534862403854817,331.65235443115233,325.5086944580078
2026-07-24 14:45:00,332.92999267578125,332.92999267578125,333.1700134277344,332.20001220703125,332.2099914550781,838107,0.21069189004780942,331.95560455322266,325.6784942626953
2026-07-24 15:00:00,332.760009765625,332.760009765625,333.2300109863281,332.5400085449219,332.9599914550781,3243144,-0.05105665271851745,332.19260559082034,325.8446942138672
2026-07-24 15:15:00,332.489990234375,332.489990234375,333.1000061035156,332.4599914550781,332.739990234375,1041790,-0.0811454271323564,332.3771057128906,325.97709411621094
2026-07-24 15:30:00,332.7650146484375,332.7650146484375,332.7699890136719,332.260009765625,332.4800109863281,1279694,0.08271659963916544,332.5451065063477,326.21559448242186
2026-07-24 15:45:00,333.07000732421875,333.07000732421875,333.45001220703125,331.8500061035156,332.7550048828125,3440029,0.0916540688940648,332.7003570556641,326.4737945556641
2026-07-27 09:30:00,335.05999755859375,335.05999755859375,337.1199951171875,334.1000061035156,334.8999938964844,4417171,0.5974690577401409,332.88985748291014,326.75879455566405
2026-07-27 09:45:00,335.5849914550781,335.5849914550781,336.7799987792969,334.0199890136719,335.0199890136719,2244368,0.15668653384759423,333.0808563232422,327.04069458007814
2026-07-27 10:00:00,336.6000061035156,336.6000061035156,336.8999938964844,335.260009765625,335.6199951171875,2080323,0.30246127636295306,333.2703567504883,327.3352947998047
2026-07-27 10:15:00,337.69000244140625,337.69000244140625,338.1400146484375,336.57000732421875,336.6000061035156,2528942,0.3238254064545032,333.50235748291016,327.6636950683594
2026-07-27 10:30:00,336.32501220703125,336.32501220703125,337.90899658203125,336.2300109863281,337.70001220703125,2656315,-0.4042139904961606,333.65810241699216,327.9531951904297
2026-07-27 10:45:00,338.20001220703125,338.20001220703125,338.33990478515625,336.1199951171875,336.32501220703125,1958513,0.5574964489545087,333.8821029663086,328.2915954589844
2026-07-27 11:00:00,339.04998779296875,339.04998779296875,339.5,338.17999267578125,338.25,2060910,0.25132334572985915,334.1556030273438,328.6553955078125
2026-07-27 11:15:00,338.739990234375,338.739990234375,339.2099914550781,338.260498046875,339.04998779296875,1087004,-0.09143122541064308,334.4335021972656,329.01299560546875
2026-07-27 11:30:00,338.260009765625,338.260009765625,339.57000732421875,337.0899963378906,338.7300109863281,2982764,-0.14169583827935428,334.72150268554685,329.3491955566406
2026-07-27 11:45:00,337.06500244140625,337.06500244140625,338.55999755859375,336.75,338.2898864746094,1993032,-0.35328069819626773,334.95475311279296,329.6832977294922
2026-07-27 12:00:00,337.30999755859375,337.30999755859375,337.5299987792969,336.95001220703125,337.0400085449219,767752,0.07268482797471165,335.17425231933595,330.0182977294922
2026-07-27 12:15:00,337.4501037597656,337.4501037597656,338.0,337.19500732421875,337.3299865722656,810809,0.041536332212488425,335.4142578125,330.3550897216797
2026-07-27 12:30:00,336.7349853515625,336.7349853515625,338.1300048828125,336.57000732421875,337.4599914550781,776381,-0.2119182659111707,335.62900695800784,330.6771893310547
2026-07-27 12:45:00,336.6600036621094,336.6600036621094,336.79998779296875,336.0199890136719,336.739990234375,911353,-0.022267270320852628,335.84875640869143,330.9929895019531
2026-07-27 13:00:00,336.3392028808594,336.3392028808594,336.7850036621094,335.91070556640625,336.67999267578125,857610,-0.09528924664659044,336.054216003418,331.30657348632815
2026-07-27 13:15:00,336.04998779296875,336.04998779296875,336.75,335.67999267578125,336.3299865722656,769284,-0.08598911022367206,336.21021575927733,331.6173254394531
2026-07-27 13:30:00,336.260009765625,336.260009765625,336.79998779296875,336.0,336.07000732421875,588744,0.0624972415668168,336.38521575927734,331.93952575683596
2026-07-27 13:45:00,335.5174865722656,335.5174865722656,336.29998779296875,335.30999755859375,336.2699890136719,1095154,-0.22081816802328458,336.5365905761719,332.2444757080078
2026-07-27 14:00:00,335.63299560546875,335.63299560546875,335.8800048828125,335.04998779296875,335.5400085449219,784081,0.03442712759420541,336.67998962402345,332.5570355224609
2026-07-27 14:15:00,335.1499938964844,335.1499938964844,336.0,335.0754089355469,335.6300048828125,672928,-0.14390769540195691,336.7839889526367,332.84563537597654
2026-07-27 14:30:00,335.0400085449219,335.0400085449219,335.19000244140625,334.70001220703125,335.1499938964844,942167,-0.03281675475622636,336.7829895019531,333.1320355224609
2026-07-27 14:45:00,335.8500061035156,335.8500061035156,336.239990234375,335.0050048828125,335.0400085449219,661891,0.24176144279353107,336.796240234375,333.4406378173828
2026-07-27 15:00:00,335.6000061035156,335.6000061035156,335.8500061035156,335.25,335.8500061035156,658180,-0.07443799179891464,336.746240234375,333.73023803710936
2026-07-27 15:15:00,335.7200012207031,335.7200012207031,335.95001220703125,335.5199890136719,335.5799865722656,1224435,0.035755397796521926,336.64774017333986,334.0124383544922
2026-07-27 15:30:00,336.2300109863281,336.2300109863281,336.44000244140625,335.6499938964844,335.7200012207031,1002910,0.15191521618329595,336.6429901123047,334.22363830566405
2026-07-27 15:45:00,336.9200134277344,336.9200134277344,337.2200012207031,335.7200012207031,336.2349853515625,2611600,0.20521738656884558,336.57899017333983,334.42473876953125
2026-07-28 09:30:00,338.42999267578125,338.42999267578125,342.8900146484375,337.7099914550781,340.0299987792969,6917350,0.44817143175459595,336.5479904174805,334.63293884277346
2026-07-28 09:45:00,337.5,337.5,339.6011047363281,337.1499938964844,338.55999755859375,2848494,-0.2747961752527672,336.4859909057617,334.80693908691404
2026-07-28 10:00:00,336.8800048828125,336.8800048828125,338.1199951171875,335.6000061035156,337.5799865722656,2014251,-0.1837022569444402,336.41699066162107,334.95643920898436
2026-07-28 10:15:00,337.9599914550781,337.9599914550781,338.2699890136719,336.95001220703125,336.96990966796875,1794952,0.32058494318809583,336.4617401123047,335.1163391113281
2026-07-28 10:30:00,338.1650085449219,338.1650085449219,338.7900085449219,337.2099914550781,337.9800109863281,1573112,0.06066312434234167,336.5044906616211,335.2542395019531
2026-07-28 10:45:00,337.05499267578125,337.05499267578125,338.3949890136719,336.92999267578125,338.1700134277344,1444371,-0.3282468147478901,336.4847351074219,335.3600390625
2026-07-28 11:00:00,339.0899963378906,339.0899963378906,339.4800109863281,336.6000061035156,337.0404968261719,1595695,0.6037601300470596,336.6024856567383,335.48563903808594
2026-07-28 11:15:00,339.2699890136719,339.2699890136719,339.6687927246094,338.6099853515625,339.0899963378906,1184251,0.05308109284412055,336.7329849243164,335.6100390625
2026-07-28 11:30:00,339.6700134277344,339.6700134277344,339.8949890136719,339.0,339.2401123046875,1470875,0.11790739735790812,336.89952545166017,335.7392370605469
2026-07-28 11:45:00,339.6600036621094,339.6600036621094,339.8689880371094,339.0299987792969,339.7099914550781,737838,-0.002946908831891193,337.0800262451172,335.858037109375
2026-07-28 12:00:00,339.82000732421875,339.82000732421875,339.989990234375,339.4599914550781,339.6600036621094,779427,0.0471070071201396,337.2580261230469,335.98283752441404
2026-07-28 12:15:00,339.80999755859375,339.80999755859375,340.1400146484375,339.510009765625,339.8299865722656,1055225,-0.0029456080893552894,337.47265167236327,336.1153973388672
2026-07-28 12:30:00,339.4549865722656,339.4549865722656,340.57989501953125,339.3900146484375,339.8299865722656,1006905,-0.10447337891137387,337.66375122070315,336.2544970703125
2026-07-28 12:45:00,339.7699890136719,339.7699890136719,339.9750061035156,338.94000244140625,339.4700012207031,861722,0.09279652792468784,337.8947509765625,336.40189697265623
2026-07-28 13:00:00,339.1000061035156,339.1000061035156,339.8900146484375,339.0199890136719,339.79998779296875,650182,-0.19718719481410796,338.0977508544922,336.5254968261719
2026-07-28 13:15:00,339.0299987792969,339.0299987792969,339.5,338.93011474609375,339.07000732421875,587798,-0.020645037734789984,338.2567504882812,336.6530969238281
2026-07-28 13:30:00,339.5199890136719,339.5199890136719,339.78009033203125,339.0,339.0400085449219,700134,0.1445271026573547,338.45274963378904,336.7946966552734
2026-07-28 13:45:00,339.7449951171875,339.7449951171875,340.0198974609375,339.4599914550781,339.489990234375,783655,0.06627182810923227,338.6539993286133,336.9442962646484
2026-07-28 14:00:00,339.55999755859375,339.55999755859375,339.8399963378906,339.4200134277344,339.7449951171875,948817,-0.054451886341977396,338.82049865722655,337.09089599609376
2026-07-28 14:15:00,339.8399963378906,339.8399963378906,340.159912109375,339.42999267578125,339.57000732421875,790473,0.08245929476677905,338.96649780273435,337.2290960693359
2026-07-28 14:30:00,338.3999938964844,338.3999938964844,339.8900146484375,338.2799987792969,339.8399963378906,985319,-0.42372953652415335,338.96499786376955,337.34189575195313
2026-07-28 14:45:00,339.3500061035156,339.3500061035156,339.55999755859375,338.4100036621094,338.4100036621094,824498,0.2807364728623085,339.0574981689453,337.4790960693359
2026-07-28 15:00:00,339.1700134277344,339.1700134277344,339.67498779296875,339.1700134277344,339.3450012207031,885357,-0.05304042214349103,339.17199859619143,337.60719604492186
2026-07-28 15:15:00,339.20001220703125,339.20001220703125,339.5199890136719,339.0299987792969,339.1700134277344,894846,0.00884476165616821,339.23399963378904,337.72979614257815
2026-07-28 15:30:00,340.010009765625,340.010009765625,340.1499938964844,339.1000061035156,339.1600036621094,2392455,0.23879644146338475,339.32624969482424,337.82879638671875
2026-07-28 15:45:00,340.1600036621094,340.1600036621094,340.5299987792969,339.1000061035156,340.010009765625,4023123,0.04411455315322943,339.48150024414065,337.92029663085935
2026-07-29 09:30:00,341.55999755859375,341.55999755859375,342.19000244140625,339.55999755859375,339.69000244140625,4310852,0.41156922666165663,339.6050003051758,338.0194964599609
2026-07-29 09:45:00,342.8699951171875,342.8699951171875,343.6700134277344,341.5299987792969,341.5450134277344,2852292,0.383533659666635,339.7850006103516,338.12309631347654
2026-07-29 10:00:00,341.8299865722656,341.8299865722656,343.4800109863281,341.7200012207031,342.82501220703125,2247695,-0.30332445525494967,339.89299926757815,338.23319580078123
2026-07-29 10:15:00,341.1600036621094,341.1600036621094,342.0889892578125,340.7200012207031,341.82501220703125,1524408,-0.19599886975234515,339.96799926757814,338.29239562988283
2026-07-29 10:30:00,341.5899963378906,341.5899963378906,341.739990234375,340.9100036621094,341.1700134277344,1194334,0.12603841926532855,340.0564987182617,338.34319580078125
2026-07-29 10:45:00,340.3900146484375,340.3900146484375,341.70001220703125,340.1199951171875,341.57000732421875,1386927,-0.35129298349421134,340.0854995727539,338.3761962890625
2026-07-29 11:00:00,339.9700012207031,339.9700012207031,340.57000732421875,339.5199890136719,340.3999938964844,1465228,-0.12339181810846478,340.11125030517576,338.41039611816404
2026-07-29 11:15:00,339.80999755859375,339.80999755859375,340.3299865722656,339.6499938964844,339.9700012207031,844213,-0.04706405316200479,340.1132507324219,338.4652960205078
2026-07-29 11:30:00,340.0899963378906,340.0899963378906,340.67999267578125,339.760009765625,339.8299865722656,1061992,0.0823986290305001,340.1627502441406,338.52089599609377
2026-07-29 11:45:00,341.0299987792969,341.0299987792969,341.2200012207031,340.05999755859375,340.0899963378906,1001140,0.2763981450581543,340.26275024414065,338.59249389648437
2026-07-29 12:00:00,340.8299865722656,340.8299865722656,341.1499938964844,340.6300048828125,341.1000061035156,652667,-0.058649446602110356,340.3282501220703,338.6743939208984
2026-07-29 12:15:00,341.2699890136719,341.2699890136719,341.55999755859375,340.67999267578125,340.79998779296875,830611,0.1290973384799221,340.40449981689454,338.7665936279297
2026-07-29 12:30:00,340.55999755859375,340.55999755859375,341.4100036621094,340.04998779296875,341.25,631653,-0.20804391769991826,340.45449981689455,338.8510095214844
2026-07-29 12:45:00,341.30999755859375,341.30999755859375,341.30999755859375,340.30059814453125,340.55999755859375,603868,0.220225512501937,340.5279998779297,338.9562097167969
2026-07-29 13:00:00,342.32000732421875,342.32000732421875,342.32000732421875,341.114990234375,341.32000732421875,1109290,0.295921529650367,340.72400054931643,339.07740966796877
2026-07-29 13:15:00,342.7200012207031,342.7200012207031,343.44891357421875,342.1200866699219,342.32000732421875,1468536,0.11684794576016788,340.89250030517576,339.2214599609375
2026-07-29 13:30:00,343.04840087890625,343.04840087890625,343.3900146484375,342.3500061035156,342.69500732421875,964007,0.0958215619261793,341.0864196777344,339.36976806640627
2026-07-29 13:45:00,343.2099914550781,343.2099914550781,343.3399963378906,342.6600036621094,343.06500244140625,885251,0.04710430824277356,341.2869186401367,339.5309680175781
2026-07-29 14:00:00,343.70001220703125,343.70001220703125,344.56988525390625,343.04010009765625,343.25,2213333,0.1427757828015519,341.471418762207,339.7041680908203
2026-07-29 14:15:00,343.58770751953125,343.58770751953125,344.0332946777344,343.1700134277344,343.69000244140625,1061914,-0.03267520614237407,341.64280395507814,339.85892211914063
2026-07-29 14:30:00,343.70001220703125,343.70001220703125,343.94000244140625,342.9700012207031,343.5899963378906,1237208,0.032685886323102764,341.7498046875,340.02092224121094
2026-07-29 14:45:00,342.8999938964844,342.8999938964844,343.8900146484375,342.7449951171875,343.69500732421875,1051912,-0.2327664481038716,341.75130462646484,340.1645220947266
2026-07-29 15:00:00,342.4200134277344,342.4200134277344,342.989990234375,341.9100036621094,342.8999938964844,1344631,-0.13997680877617658,341.78080596923826,340.2883221435547
2026-07-29 15:15:00,341.5299987792969,341.5299987792969,342.8699951171875,341.3299865722656,342.3900146484375,1178925,-0.25991899232996607,341.79930572509767,340.3805218505859
2026-07-29 15:30:00,339.5799865722656,339.5799865722656,341.55999755859375,339.32000732421875,341.55999755859375,1705104,-0.5709636676136887,341.6988052368164,340.4035217285156
2026-07-29 15:45:00,338.07000732421875,338.07000732421875,340.32989501953125,337.35009765625,339.5849914550781,6935377,-0.44466084803426176,341.58280487060546,340.414921875
2026-07-30 09:30:00,332.19000244140625,332.19000244140625,334.4800109863281,330.710205078125,334.1099853515625,6270091,-1.7392861701491902,341.1938049316406,340.32112182617186
2026-07-30 09:45:00,332.1499938964844,332.1499938964844,333.17999267578125,331.25,332.17498779296875,2931273,-0.01204387387574446,340.81080474853513,340.204921875
2026-07-30 10:00:00,331.3999938964844,331.3999938964844,332.8699951171875,330.3500061035156,332.0799865722656,2656922,-0.2258015998138907,340.37630462646484,340.06962158203123
2026-07-30 10:15:00,331.30999755859375,331.30999755859375,332.2900085449219,331.1099853515625,331.4049987792969,1720708,-0.02715640903685479,339.8903045654297,339.9547216796875
2026-07-30 10:30:00,332.0799865722656,332.0799865722656,332.239990234375,329.5899963378906,331.29998779296875,2451975,0.23240741883610028,339.4528045654297,339.814521484375
2026-07-30 10:45:00,332.3299865722656,332.3299865722656,332.6400146484375,331.4949951171875,332.07000732421875,1475737,0.07528306736594992,339.00580444335935,339.67572143554685
2026-07-30 11:00:00,331.4700012207031,331.4700012207031,333.03228759765625,331.3500061035156,332.3399963378906,1645929,-0.25877452721995153,338.55130462646486,339.51172119140625
2026-07-30 11:15:00,331.2200012207031,331.2200012207031,332.07000732421875,331.0199890136719,331.489990234375,1194616,-0.07542160650415575,338.0468048095703,339.3429211425781
2026-07-30 11:30:00,332.1400146484375,332.1400146484375,332.3399963378906,331.1499938964844,331.2349853515625,2318423,0.27776505776937466,337.5378051757813,339.1893212890625
2026-07-30 11:45:00,331.760009765625,331.760009765625,332.4200134277344,331.3399963378906,332.1499938964844,1086272,-0.11441105137985907,336.9898056030273,339.0283215332031
2026-07-30 12:00:00,331.2099914550781,331.2099914550781,331.75,330.6300048828125,331.75,1375406,-0.16578800770334912,336.39788513183595,338.86342163085936
2026-07-30 12:15:00,332.0899963378906,332.0899963378906,332.6000061035156,331.0950012207031,331.2049865722656,1281880,0.2656939420657034,335.8418853759766,338.70982177734373
2026-07-30 12:30:00,332.125,332.125,332.2491149902344,331.4049987792969,332.0899963378906,1138023,0.010540414494686345,335.263134765625,338.57032165527346
2026-07-30 12:45:00,331.6199951171875,331.6199951171875,332.3699951171875,331.5799865722656,332.125,1155067,-0.15205265572073579,334.6647491455078,338.42212158203125
2026-07-30 13:00:00,332.7099914550781,332.7099914550781,332.8500061035156,331.6199951171875,331.6199951171875,855690,0.3286883643748517,334.11524810791013,338.2859216308594
2026-07-30 13:15:00,332.0899963378906,332.0899963378906,332.7699890136719,331.989990234375,332.7200012207031,920018,-0.18634700883973787,333.57474822998046,338.13282165527346
2026-07-30 13:30:00,332.6499938964844,332.6499938964844,332.7799987792969,331.7200927734375,332.0799865722656,721818,0.1686282528137184,333.086247253418,337.99462158203124
2026-07-30 13:45:00,333.2950134277344,333.2950134277344,333.30999755859375,332.4599914550781,332.6400146484375,788540,0.1939033648233668,332.6744979858398,337.8637219238281
2026-07-30 14:00:00,333.2749938964844,333.2749938964844,333.9800109863281,333.0115966796875,333.30999755859375,1144772,-0.006006549886272694,332.35924835205077,337.76122192382815
2026-07-30 14:15:00,333.1000061035156,333.1000061035156,333.739990234375,332.7341003417969,333.2799987792969,939762,-0.05250552731931313,332.1107482910156,337.63622192382815
2026-07-30 14:30:00,333.5299987792969,333.5299987792969,333.7550048828125,332.8999938964844,333.1199951171875,854567,0.12908816208416773,332.17774810791013,337.5234216308594
2026-07-30 14:45:00,333.75,333.75,334.0899963378906,333.4200134277344,333.5400085449219,970396,0.06596144919746028,332.25774841308595,337.41442138671874
2026-07-30 15:00:00,333.6549987792969,333.6549987792969,334.0166015625,333.4054870605469,333.7349853515625,1263203,-0.028464785229398437,332.37049865722656,337.2873211669922
2026-07-30 15:15:00,333.1600036621094,333.1600036621094,333.95001220703125,333.1300048828125,333.6600036621094,1680125,-0.14835537276483013,332.46299896240237,337.1473211669922
2026-07-30 15:30:00,333.0050048828125,333.0050048828125,333.5799865722656,332.79998779296875,333.1600036621094,2016510,-0.04652382566728841,332.5092498779297,336.9762213134766
2026-07-30 15:45:00,333.8500061035156,333.8500061035156,334.75,332.30999755859375,333.010009765625,4018991,0.2537503065458413,332.5852508544922,336.79582153320314
2026-07-31 09:30:00,304.7900085449219,304.7900085449219,306.8999938964844,300.3299865722656,304.80999755859375,26244095,-8.704507122154503,331.2512512207031,336.0550219726563
2026-07-31 09:45:00,302.7900085449219,302.7900085449219,305.9198913574219,302.5199890136719,304.7799987792969,7293095,-0.6561894891332187,329.8297515869141,335.2876220703125
2026-07-31 10:00:00,302.1361083984375,302.1361083984375,303.32000732421875,301.35009765625,302.7900085449219,5602604,-0.21595829717986348,328.3295562744141,334.49854431152346
2026-07-31 10:15:00,302.739990234375,302.739990234375,303.56988525390625,301.6499938964844,302.1449890136719,3131831,0.19987079304706334,326.87855529785156,333.7455438232422
2026-07-31 10:30:00,302.43499755859375,302.43499755859375,302.99798583984375,301.70001220703125,302.7550048828125,2407001,-0.10074409910139082,325.43980560302737,332.99484375
2026-07-31 10:45:00,303.1600036621094,303.1600036621094,303.20001220703125,301.95001220703125,302.4200134277344,2628902,0.23972295183039005,323.9933059692383,332.2618438720703
2026-07-31 11:00:00,302.9949951171875,302.9949951171875,303.239990234375,302.3207092285156,303.1600036621094,2711169,-0.05442952333045703,322.5368057250977,331.51994384765624
2026-07-31 11:15:00,301.7300109863281,301.7300109863281,304.25,301.6400146484375,302.9949951171875,3150744,-0.41749340789279943,321.0423065185547,330.7339440917969
2026-07-31 11:30:00,301.95001220703125,301.95001220703125,302.82000732421875,301.44000244140625,301.7300109863281,3053335,0.07291327103458034,319.50430755615236,329.9563446044922
2026-07-31 11:45:00,301.2950134277344,301.2950134277344,302.35699462890625,300.3999938964844,301.95001220703125,3049086,-0.21692291863455448,317.96455841064454,329.15684509277344
2026-07-31 12:00:00,302.114990234375,302.114990234375,302.1400146484375,300.8999938964844,301.2850036621094,1560528,0.27215080572096095,316.43780822753905,328.38794494628905
2026-07-31 12:15:00,300.5400085449219,300.5400085449219,302.3399963378906,300.4700012207031,302.1050109863281,2194267,-0.5213186172031037,314.80005798339846,327.57254516601563
2026-07-31 12:30:00,300.364990234375,300.364990234375,301.010009765625,300.0,300.55999755859375,2821951,-0.058234612887064774,313.154557800293,326.73344482421874
2026-07-31 12:45:00,300.8699951171875,300.8699951171875,301.54998779296875,300.2449951171875,300.3599853515625,1880706,0.16813040774774635,311.5430572509766,325.8964447021484
2026-07-31 13:00:00,301.5199890136719,301.5199890136719,301.83428955078125,300.8550109863281,300.8599853515625,1624436,0.2160381251148813,309.9425567626953,325.06587646484377
2026-07-31 13:15:00,301.20001220703125,301.20001220703125,301.82000732421875,301.0400085449219,301.5150146484375,1486657,-0.10612125839063458,308.3150573730469,324.2256768798828
2026-07-31 13:30:00,301.30499267578125,301.30499267578125,301.7200012207031,301.1000061035156,301.20001220703125,1313153,0.034854071877599146,306.6975570678711,323.3777764892578
2026-07-31 13:45:00,300.6400146484375,300.6400146484375,301.42999267578125,300.5,301.30499267578125,4591648,-0.22069930585560948,305.0715576171875,322.5188226318359
2026-07-31 14:00:00,301.9949951171875,301.9949951171875,302.0950012207031,300.5950012207031,300.6400146484375,2192853,0.45069864380311575,303.52105712890625,321.6847222900391
2026-07-31 14:15:00,301.7300109863281,301.7300109863281,302.4200134277344,301.6099853515625,302.0050048828125,1478005,-0.08774454383144725,301.91505737304686,320.86132263183595
2026-07-31 14:30:00,302.3223876953125,302.3223876953125,302.3450012207031,301.7449951171875,301.760009765625,1662411,0.19632674490943636,301.7916763305664,320.0593701171875
2026-07-31 14:45:00,302.8299865722656,302.8299865722656,303.0,302.04010009765625,302.31500244140625,2082393,0.16789986372582888,301.7936752319336,319.2853698730469
2026-07-31 15:00:00,304.5799865722656,304.5799865722656,304.8699951171875,302.7799987792969,302.8399963378906,3453980,0.5778820056125511,301.915869140625,318.5853698730469
2026-07-31 15:15:00,305.6549987792969,305.6549987792969,305.7099914550781,304.5299987792969,304.5849914550781,4653179,0.35294906245462165,302.0616195678711,317.93706970214845
2026-07-31 15:30:00,306.5350036621094,306.5350036621094,306.6199951171875,305.0199890136719,305.6600036621094,4815226,0.28790789822741303,302.26661987304686,317.4239697265625
2026-07-31 15:45:00,309.0299987792969,309.0299987792969,310.6600036621094,306.1300048828125,306.5400085449219,15827732,0.8139348157242488,302.56011962890625,316.96156982421877
2026-08-03 09:30:00,306.135009765625,306.135009765625,310.0299987792969,305.1700134277344,309.79998779296875,7379724,-0.9367987008081391,302.7171203613281,316.4562701416016
2026-08-03 09:45:00,305.91900634765625,305.91900634765625,308.29998779296875,305.54998779296875,306.135009765625,2886717,-0.07055822139849788,302.9265701293945,315.9484503173828
2026-08-03 10:00:00,306.510009765625,306.510009765625,306.6700134277344,304.3399963378906,305.9100036621094,3141614,0.1931895062764255,303.1545700073242,315.43705078125
2026-08-03 10:15:00,305.55010986328125,305.55010986328125,307.21551513671875,305.510009765625,306.5050048828125,1773814,-0.31317081718725825,303.36732482910156,314.9014532470703
2026-08-03 10:30:00,305.7550048828125,305.7550048828125,306.177001953125,305.25,305.54998779296875,1967863,0.06705774696758038,303.54932556152346,314.3871533203125
2026-08-03 10:45:00,305.3500061035156,305.3500061035156,306.44000244140625,305.0201110839844,305.7550048828125,2224198,-0.1324585935893685,303.7898254394531,313.86975341796875
2026-08-03 11:00:00,305.1571960449219,305.1571960449219,305.6700134277344,304.6000061035156,305.3450012207031,2548800,-0.06314395111830517,304.0294357299805,313.3300970458984
2026-08-03 11:15:00,304.2149963378906,304.2149963378906,305.79998779296875,303.8999938964844,305.1499938964844,2771569,-0.3087588034111244,304.1966857910156,312.77919677734377
2026-08-03 11:30:00,303.16009521484375,303.16009521484375,304.3949890136719,303.110107421875,304.2149963378906,2111025,-0.3467617098912523,304.27869110107423,312.21819885253905
2026-08-03 11:45:00,303.7749938964844,303.7749938964844,303.7900085449219,302.55999755859375,303.1650085449219,1694822,0.20282969010312346,304.4074401855469,311.65189880371094
2026-08-03 12:00:00,304.04010009765625,304.04010009765625,305.0400085449219,303.7300109863281,303.7749938964844,2184345,0.08727058069244453,304.5441955566406,311.09020080566404
2026-08-03 12:15:00,306.3599853515625,306.3599853515625,306.3599853515625,304.0400085449219,304.0450134277344,2027369,0.7630195007701568,304.8301940917969,310.5850006103516
2026-08-03 12:30:00,306.6600036621094,306.6600036621094,307.17999267578125,306.0450134277344,306.3500061035156,2191847,0.09792999245727962,305.06344451904295,310.0640008544922
2026-08-03 12:45:00,306.6099853515625,306.6099853515625,306.7699890136719,305.8999938964844,306.6690979003906,1459836,-0.016310673041664003,305.3074432373047,309.5544006347656
2026-08-03 13:00:00,306.7049865722656,306.7049865722656,307.07000732421875,306.3699951171875,306.614990234375,1481168,0.03098438578057472,305.52657318115234,309.03550048828123
2026-08-03 13:15:00,307.2250061035156,307.2250061035156,307.5400085449219,306.6650085449219,306.7049865722656,1766196,0.16955039990114162,305.74632415771487,308.51410034179685
2026-08-03 13:30:00,306.7900085449219,306.7900085449219,307.2300109863281,306.19000244140625,307.2250061035156,1144097,-0.14158924239623394,305.85682525634763,307.9844006347656
2026-08-03 13:45:00,306.07501220703125,306.07501220703125,306.7898864746094,305.53009033203125,306.7799987792969,1278526,-0.23305724370940029,305.87782592773436,307.44390075683594
2026-08-03 14:00:00,305.9849853515625,305.9849853515625,306.44000244140625,305.8349914550781,306.07110595703125,1333123,-0.029413330679817218,305.850325012207,306.89300048828125
2026-08-03 14:15:00,305.5202941894531,305.5202941894531,306.3900146484375,305.5,305.989990234375,991206,-0.15186730864439335,305.67483978271486,306.32840637207033
2026-08-03 14:30:00,305.0849914550781,305.0849914550781,305.8450012207031,305.0199890136719,305.5299987792969,1344358,-0.14247915528160515,305.6223388671875,305.75700622558594
2026-08-03 14:45:00,305.2099914550781,305.2099914550781,305.57000732421875,304.8999938964844,305.0849914550781,1323586,0.040972189226295974,305.5868881225586,305.1980059814453
2026-08-03 15:00:00,305.9049987792969,305.9049987792969,305.9700012207031,305.1449890136719,305.2099914550781,1376687,0.227714473207552,305.5566375732422,304.656005859375
2026-08-03 15:15:00,305.0450134277344,305.0450134277344,305.95001220703125,304.79998779296875,305.9049987792969,1584298,-0.28112824406081316,305.53138275146483,304.07990600585936
2026-08-03 15:30:00,304.82501220703125,304.82501220703125,305.0799865722656,304.45001220703125,305.0450134277344,1758420,-0.07212090380728231,305.4848831176758,304.0806060791016
2026-08-03 15:45:00,303.2699890136719,303.2699890136719,304.8251037597656,302.67999267578125,304.82501220703125,8427647,-0.510136350721524,305.3808822631836,304.09020568847654
2026-08-04 09:30:00,303.8399963378906,303.8399963378906,304.489990234375,302.45001220703125,303.7900085449219,8605431,0.18795375238829237,305.31502227783204,304.1242834472656
2026-08-04 09:45:00,305.29998779296875,305.29998779296875,305.3999938964844,303.69000244140625,303.79998779296875,3061315,0.48051325456657246,305.36927185058596,304.1754833984375
2026-08-04 10:00:00,305.75,305.75,305.8699951171875,304.4100036621094,305.2850036621094,2117988,0.1474000081966631,305.49876708984374,304.2417834472656
2026-08-04 10:15:00,306.80999755859375,306.80999755859375,307.1400146484375,305.7099914550781,305.760009765625,2586510,0.3466876724754764,305.65051727294923,304.3147833251953
2026-08-04 10:30:00,305.4800109863281,305.4800109863281,306.89990234375,305.2250061035156,306.8599853515625,1758571,-0.4334886681818806,305.72251281738284,304.36448364257814
2026-08-04 10:45:00,306.2349853515625,306.2349853515625,306.510009765625,305.3999938964844,305.4750061035156,1547492,0.24714362252271638,305.7162628173828,304.4545831298828
2026-08-04 11:00:00,306.2423095703125,306.2423095703125,306.5,305.8800048828125,306.25,1263457,0.0023916988914907122,305.695378112793,304.5404290771484
2026-08-04 11:15:00,305.67388916015625,305.67388916015625,306.5716857910156,305.6000061035156,306.2699890136719,1186119,-0.1856113255395031,305.64857330322263,304.62800659179686
2026-08-04 11:30:00,306.2598876953125,306.2598876953125,306.7300109863281,305.489990234375,305.6700134277344,1046644,0.19170709567843947,305.626318359375,304.7109045410156
2026-08-04 11:45:00,306.3450012207031,306.3450012207031,306.6700134277344,306.1000061035156,306.260009765625,1191476,0.027791274277255695,305.5823181152344,304.82700439453123
2026-08-04 12:00:00,306.3515930175781,306.3515930175781,306.45001220703125,305.6700134277344,306.3374938964844,1086135,0.0021517559773309713,305.5603973388672,304.9467364501953
2026-08-04 12:15:00,306.5050048828125,306.5050048828125,306.7200012207031,305.82000732421875,306.3500061035156,951042,0.05007705810282648,305.58189697265624,305.0594366455078
2026-08-04 12:30:00,307.7650146484375,307.7650146484375,307.8399963378906,306.3399963378906,306.5050048828125,1352936,0.41108945875345526,305.6708984375,305.1843371582031
2026-08-04 12:45:00,308.2453918457031,308.2453918457031,308.6000061035156,307.4200134277344,307.739990234375,1210435,0.15608570643235176,305.8071533203125,305.32524475097654
2026-08-04 13:00:00,310.12200927734375,310.12200927734375,310.4200134277344,308.20001220703125,308.2300109863281,2093227,0.6088063216140416,306.05900421142576,305.5015850830078
2026-08-04 13:15:00,308.8999938964844,308.8999938964844,310.25,308.8599853515625,310.1300048828125,1387639,-0.394043423008561,306.2435043334961,305.6667846679687
2026-08-04 13:30:00,309.5830078125,309.5830078125,309.6000061035156,308.6600036621094,308.8999938964844,1123610,0.22111166381069136,306.4274047851562,305.818544921875
2026-08-04 13:45:00,309.3599853515625,309.3599853515625,310.1300048828125,309.3299865722656,309.55999755859375,1258428,-0.07203963244409861,306.64315338134764,305.9711444091797
2026-08-04 14:00:00,310.0299987792969,310.0299987792969,310.0950012207031,309.25,309.3399963378906,1707112,0.216580507971309,306.9034027099609,306.1252966308594
2026-08-04 14:15:00,309.32000732421875,309.32000732421875,310.1199951171875,309.20001220703125,310.0199890136719,965776,-0.22900734053917793,307.2059036254883,306.2550970458984
2026-08-04 14:30:00,308.81500244140625,308.81500244140625,309.5,308.6400146484375,309.30999755859375,868538,-0.16326292216952698,307.45465393066405,306.33979736328126
2026-08-04 14:45:00,308.5199890136719,308.5199890136719,309.28851318359375,308.4800109863281,308.82000732421875,1002293,-0.09553079526645192,307.6156539916992,306.39709716796875
2026-08-04 15:00:00,308.7200012207031,308.7200012207031,308.8799133300781,308.25,308.5249938964844,1312673,0.06482957803501943,307.7641540527344,306.4407971191406
2026-08-04 15:15:00,309.5799865722656,309.5799865722656,309.79998779296875,308.57000732421875,308.7250061035156,1502122,0.27856483161508017,307.902653503418,306.451796875
2026-08-04 15:30:00,310.2749938964844,310.2749938964844,310.2900085449219,309.510009765625,309.5799865722656,1598066,0.22450008216423623,308.1424026489258,306.5345965576172
2026-08-04 15:45:00,309.3900146484375,309.3900146484375,310.4200134277344,308.8800048828125,310.260009765625,4113242,-0.2852241609719086,308.3001541137695,306.6040167236328
2026-08-05 09:30:00,308.1600036621094,308.1600036621094,309.3800048828125,305.6700134277344,309.3599853515625,5649996,-0.397560014251197,308.3960388183594,306.6370166015625
2026-08-05 09:45:00,308.0,308.0,308.239990234375,306.8900146484375,308.1700134277344,1844931,-0.05192226772063879,308.51234436035156,306.6860144042969
2026-08-05 10:00:00,308.4198913574219,308.4198913574219,308.5,307.3500061035156,307.9800109863281,1477152,0.1363283627993095,308.620344543457,306.73931213378904
2026-08-05 10:15:00,306.7275085449219,306.7275085449219,309.0498962402344,306.7200012207031,308.3999938964844,1572869,-0.5487268687669467,308.639469909668,306.76686218261716
2026-08-05 10:30:00,308.84991455078125,308.84991455078125,308.8800048828125,306.2699890136719,306.70001220703125,1772731,0.6919516335289977,308.76438598632814,306.84071655273436
2026-08-05 10:45:00,311.32501220703125,311.32501220703125,311.3599853515625,308.8299865722656,308.8500061035156,2347163,0.8013917244723778,309.00538635253906,306.9829168701172
2026-08-05 11:00:00,310.5199890136719,310.5199890136719,311.70819091796875,310.5199890136719,311.3399963378906,1724218,-0.2585796713384658,309.1431350708008,307.13011474609374
2026-08-05 11:15:00,308.5950012207031,308.5950012207031,310.6050109863281,308.4200134277344,310.510009765625,1582577,-0.6199239537149404,309.1606155395508,307.2265148925781
2026-08-05 11:30:00,308.2650146484375,308.2650146484375,309.0,308.1400146484375,308.5950012207031,950794,-0.10693192402997376,309.0677658081055,307.31101318359373
2026-08-05 11:45:00,307.9700012207031,307.9700012207031,308.5198974609375,307.8299865722656,308.2651062011719,1126219,-0.09570123553295229,309.0212661743164,307.34321350097656
2026-08-05 12:00:00,309.0950012207031,309.0950012207031,309.44000244140625,307.9599914550781,307.9700012207031,1238321,0.36529531952489425,308.9968658447266,307.39191345214846
2026-08-05 12:15:00,308.639892578125,308.639892578125,309.3299865722656,308.60009765625,309.0899963378906,615268,-0.14723908208827963,308.9608612060547,307.43251159667966
2026-08-05 12:30:00,309.2900085449219,309.2900085449219,309.3399963378906,308.45001220703125,308.6300048828125,804172,0.21063899464399682,308.9238616943359,307.4842120361328
2026-08-05 12:45:00,308.8299865722656,308.8299865722656,309.3399963378906,308.75,309.2799987792969,568693,-0.14873483137087806,308.8993606567383,307.5163116455078
2026-08-05 13:00:00,309.7200012207031,309.7200012207031,309.7699890136719,308.82000732421875,308.8299865722656,639562,0.28818919377482377,308.9446105957031,307.5749114990234
2026-08-05 13:15:00,309.739990234375,309.739990234375,309.9800109863281,309.5799865722656,309.7149963378906,586224,0.00645389822842013,309.00561065673827,307.6482110595703
2026-08-05 13:30:00,309.625,309.625,310.2200012207031,309.4200134277344,309.75,739026,-0.03712476205864901,309.0508605957031,307.72101135253905
2026-08-05 13:45:00,308.9200134277344,308.9200134277344,309.6099853515625,308.739990234375,309.6050109863281,607147,-0.2276904553138892,309.0178619384766,307.7890057373047
2026-08-05 14:00:00,308.510009765625,308.510009765625,308.9599914550781,308.3219909667969,308.9200134277344,614259,-0.13272162510936658,308.9296127319336,307.8575061035156
2026-08-05 14:15:00,308.1900939941406,308.1900939941406,308.6700134277344,308.0799865722656,308.5199890136719,695894,-0.10369704753742104,308.86961669921874,307.9171081542969
2026-08-05 14:30:00,308.6300048828125,308.6300048828125,308.739990234375,308.0849914550781,308.2091979980469,1433376,0.1427401130810635,308.8931167602539,307.9716082763672
2026-08-05 14:45:00,308.9599914550781,308.9599914550781,309.1199951171875,308.4849853515625,308.625,603799,0.10691979621064718,308.9411163330078,308.0499078369141
2026-08-05 15:00:00,308.9100036621094,308.9100036621094,309.1400146484375,308.70001220703125,308.95001220703125,1056602,-0.016179374142688552,308.9656219482422,308.1316076660156
2026-08-05 15:15:00,309.6200866699219,309.6200866699219,309.8789978027344,308.9150085449219,308.9150085449219,956960,0.22986727506215665,309.11025085449216,308.2586096191406
2026-08-05 15:30:00,309.9049987792969,309.9049987792969,310.05999755859375,309.3900146484375,309.6099853515625,1217744,0.09201990492262446,309.16300506591796,308.3799096679688
2026-08-05 15:45:00,310.9200134277344,310.9200134277344,311.55499267578125,309.81500244140625,309.9200134277344,4909035,0.3275244518273768,309.14275512695315,308.49231018066405
2026-08-06 09:30:00,314.7699890136719,314.7699890136719,316.1300048828125,313.489990234375,314.3399963378906,4147313,1.238252740148016,309.3552551269531,308.6727099609375
2026-08-06 09:45:00,314.7699890136719,314.7699890136719,316.2893981933594,314.55999755859375,314.7001037597656,2397660,0.0,309.66400451660155,308.83190979003905
2026-08-06 10:00:00,313.31781005859375,313.31781005859375,315.19000244140625,312.70001220703125,314.79998779296875,1806031,-0.46134606403505085,309.91664428710936,308.98866577148436
2026-08-06 10:15:00,312.8399963378906,312.8399963378906,313.4549865722656,312.1199951171875,313.32000732421875,2135973,-0.1525012959249783,310.16014404296874,309.12076599121093
2026-08-06 10:30:00,312.42498779296875,312.42498779296875,313.2900085449219,311.78009033203125,312.79998779296875,1482040,-0.13265840358648306,310.326643371582,309.2444195556641
2026-08-06 10:45:00,313.3435974121094,313.3435974121094,313.6400146484375,312.25,312.42498779296875,1349281,0.2940256557677712,310.56182861328125,309.39781372070314
2026-08-06 11:00:00,312.15289306640625,312.15289306640625,313.3699035644531,312.0050048828125,313.3599853515625,1116743,-0.3799995773129283,310.7049728393555,309.515673828125
2026-08-06 11:15:00,310.1000061035156,310.1000061035156,312.2699890136719,309.6600036621094,312.2200012207031,1790104,-0.6576543125146994,310.76847381591796,309.59077392578126
2026-08-06 11:30:00,310.07000732421875,310.07000732421875,310.4100036621094,309.7900085449219,310.1050109863281,1088250,-0.009673904774731845,310.7859741210938,309.6651422119141
2026-08-06 11:45:00,309.5400085449219,309.5400085449219,310.25,309.2300109863281,310.07501220703125,952757,-0.17092874730791907,310.7759750366211,309.72584228515626
2026-08-06 12:00:00,309.9800109863281,309.9800109863281,310.0799865722656,309.25,309.5299987792969,871028,0.1421471955998843,310.7937255859375,309.77014221191405
2026-08-06 12:15:00,311.1570129394531,311.1570129394531,311.260009765625,309.79998779296875,309.9800109863281,862508,0.3797025328762027,310.90557556152345,309.82837463378905
2026-08-06 12:30:00,311.3599853515625,311.3599853515625,311.6700134277344,311.1199951171875,311.1600036621094,708557,0.06523150810322509,311.04807434082034,309.85313415527344
2026-08-06 12:45:00,311.6600036621094,311.6600036621094,311.760009765625,311.2799987792969,311.364990234375,583965,0.0963573755979441,311.22156982421876,309.90833435058596
2026-08-06 13:00:00,310.885009765625,310.885009765625,311.760009765625,310.7099914550781,311.6499938964844,1755060,-0.24866645940381238,311.3343200683594,309.93437438964844
2026-08-06 13:15:00,311.2005920410156,311.2005920410156,311.25,310.885009765625,310.8900146484375,700842,0.10151093345689421,311.44635009765625,309.9711865234375
2026-08-06 13:30:00,311.57000732421875,311.57000732421875,311.57000732421875,311.18011474609375,311.2099914550781,516724,0.11870648470824197,311.57935028076173,310.0019866943359
2026-08-06 13:45:00,312.1600036621094,312.1600036621094,312.17999267578125,311.4502868652344,311.5600891113281,615256,0.18936236608830814,311.7063461303711,310.05878662109376
2026-08-06 14:00:00,311.989990234375,311.989990234375,312.25,311.9800109863281,312.17999267578125,631109,-0.05446355258196256,311.810595703125,310.1222863769531
2026-08-06 14:15:00,312.239990234375,312.239990234375,312.4200134277344,311.79998779296875,311.989990234375,687334,0.08013077593040929,311.87659454345703,310.1966864013672
2026-08-06 14:30:00,311.9880065917969,311.9880065917969,312.4700012207031,311.8800048828125,312.2477111816406,526952,-0.08070191213783717,311.7374954223633,310.26204650878907
2026-08-06 14:45:00,312.2699890136719,312.2699890136719,312.3399963378906,311.92230224609375,311.9750061035156,483472,0.09038245570893721,311.6124954223633,310.3158465576172
2026-08-06 15:00:00,312.42999267578125,312.42999267578125,312.5,312.090087890625,312.2699890136719,605268,0.051238885496096565,311.56810455322267,310.35894653320315
2026-08-06 15:15:00,312.5799865722656,312.5799865722656,312.82000732421875,312.1499938964844,312.4100036621094,1411996,0.04800880197184387,311.5551040649414,310.42274597167966
2026-08-06 15:30:00,312.7950134277344,312.7950134277344,312.92999267578125,312.3999938964844,312.5899963378906,1169335,0.06879098621339619,311.5736053466797,310.5154461669922
2026-08-06 15:45:00,312.45001220703125,312.45001220703125,312.94000244140625,311.7799987792969,312.80999755859375,2627425,-0.11029626621040789,311.52892608642577,310.6044464111328
2026-08-07 09:30:00,311.7799987792969,311.7799987792969,313.80999755859375,310.739990234375,312.0,3250301,-0.2144385986742825,311.5102813720703,310.6716485595703
2026-08-07 09:45:00,311.7349853515625,311.7349853515625,312.1781005859375,311.0299987792969,311.7699890136719,1410439,-0.014437561072111471,311.59203033447267,310.7717980957031
2026-08-07 10:00:00,312.1400146484375,312.1400146484375,312.5880126953125,311.6499938964844,311.69000244140625,1169584,0.1299274434719777,311.6955307006836,310.83760009765626
2026-08-07 10:15:00,314.0799865722656,314.0799865722656,314.135009765625,311.75,312.1401062011719,1384919,0.6215069625126857,311.92252960205076,310.89269958496095
2026-08-07 10:30:00,314.2799987792969,314.2799987792969,314.80999755859375,313.9150085449219,314.0899963378906,1200768,0.0636819331324201,312.13752899169924,310.96789978027346
2026-08-07 10:45:00,314.3179931640625,314.3179931640625,314.3800048828125,313.6499938964844,314.2449951171875,1395494,0.012089342278609472,312.2955780029297,311.0823596191406
2026-08-07 11:00:00,313.9442138671875,313.9442138671875,314.3500061035156,313.54998779296875,314.30999755859375,543330,-0.11891756278804566,312.42478942871094,311.1959436035156
2026-08-07 11:15:00,313.3599853515625,313.3599853515625,313.94000244140625,313.0,313.93499755859375,1022291,-0.18609309865228463,312.5097885131836,311.3037432861328
2026-08-07 11:30:00,312.6000061035156,312.6000061035156,313.4200134277344,312.4200134277344,313.3599853515625,865897,-0.2425259393582846,312.5955383300781,311.37384338378905
2026-08-07 11:45:00,312.1499938964844,312.1499938964844,312.6000061035156,312.0199890136719,312.6000061035156,1001318,-0.14395783693050834,312.64300842285155,311.44404541015626
2026-08-07 12:00:00,311.8208923339844,311.8208923339844,312.42999267578125,311.54998779296875,312.1400146484375,803096,-0.10543058431362606,312.65555267333986,311.4946630859375
2026-08-07 12:15:00,311.69000244140625,311.69000244140625,311.9599914550781,311.5400085449219,311.82501220703125,588096,-0.0419759855083468,312.6320526123047,311.55186340332034
2026-08-07 12:30:00,312.17498779296875,312.17498779296875,312.260009765625,311.610107421875,311.69500732421875,571658,0.1555986229149875,312.64130249023435,311.6009631347656
2026-08-07 12:45:00,312.2200012207031,312.2200012207031,312.489013671875,312.1199951171875,312.17999267578125,499031,0.014419293503498132,312.64030303955076,311.6505633544922
2026-08-07 13:00:00,312.4700012207031,312.4700012207031,312.55999755859375,312.17999267578125,312.2250061035156,542098,0.08007174396982286,312.6644027709961,311.70746337890625
2026-08-07 13:15:00,312.739990234375,312.739990234375,312.9032897949219,312.2950134277344,312.4700012207031,560787,0.08640477889625409,312.6879028320312,311.78386291503904
2026-08-07 13:30:00,312.9917907714844,312.9917907714844,313.0733947753906,312.5899963378906,312.739990234375,508277,0.08051433937843466,312.7159927368164,311.8734985351563
2026-08-07 13:45:00,312.9800109863281,312.9800109863281,313.25,312.9100036621094,313.0,624539,-0.0037636083448755464,312.73599395751955,311.969296875
2026-08-07 14:00:00,312.3818054199219,312.3818054199219,313.05999755859375,312.2799987792969,312.9849853515625,668566,-0.19113219547824967,312.71533355712893,312.04433288574216
2026-08-07 14:15:00,311.91900634765625,311.91900634765625,312.3999938964844,311.82000732421875,312.3699951171875,565022,-0.14815173746867139,312.6887832641602,312.10351318359375
2026-08-07 14:30:00,311.8900146484375,311.8900146484375,312.04998779296875,311.67999267578125,311.91009521484375,503699,-0.009294624126376938,312.6942840576172,312.1631134033203
2026-08-07 14:45:00,312.42999267578125,312.42999267578125,312.489990234375,311.8299865722656,311.8999938964844,486622,0.17313091217505683,312.7290344238281,312.2193115234375
2026-08-07 15:00:00,312.8550109863281,312.8550109863281,312.9100036621094,312.2300109863281,312.45001220703125,689226,0.13603633470231635,312.76478424072263,312.27831176757815
2026-08-07 15:15:00,313.2774963378906,313.2774963378906,313.3900146484375,312.8399963378906,312.8500061035156,934187,0.13504190015385387,312.7246597290039,312.32546142578127
2026-08-07 15:30:00,313.260009765625,313.260009765625,313.3340148925781,313.0,313.2799987792969,1067093,-0.00558181563311555,312.6736602783203,312.29526184082033
2026-08-07 15:45:00,313.29998779296875,313.29998779296875,314.17999267578125,312.92498779296875,313.25,3186335,0.012761931334193122,312.6227600097656,312.26586181640624
2026-08-10 09:30:00,305.864990234375,305.864990234375,307.3103942871094,304.6300048828125,306.8299865722656,8260633,-2.3731241137190384,312.218798828125,312.1168054199219
2026-08-10 09:45:00,307.04998779296875,307.04998779296875,307.4200134277344,305.6600036621094,305.8500061035156,2584869,0.38742503929125593,311.90329895019534,312.0010052490234
2026-08-10 10:00:00,306.5299987792969,306.5299987792969,307.4200134277344,305.95001220703125,307.0400085449219,1895950,-0.16934995419133347,311.59979858398435,311.88310546875
2026-08-10 10:15:00,306.8800048828125,306.8800048828125,307.4559020996094,306.2900085449219,306.510009765625,1467270,0.11418331155497174,311.33629913330077,311.75383361816404
2026-08-10 10:30:00,306.7449951171875,306.7449951171875,307.20001220703125,306.4599914550781,306.8970947265625,976935,-0.04399431812983634,311.08250427246094,311.6456756591797
2026-08-10 10:45:00,307.125,307.125,307.20989990234375,306.2250061035156,306.7449951171875,1140874,0.12388299364667343,310.8542541503906,311.5861755371094
2026-08-10 11:00:00,306.3900146484375,306.3900146484375,307.1400146484375,306.3900146484375,307.125,893194,-0.23931146978022344,310.56500549316405,311.51257568359375
2026-08-10 11:15:00,306.5585021972656,306.5585021972656,306.8703918457031,306.281005859375,306.4049987792969,661648,0.05499120100942445,310.2819305419922,311.4529455566406
2026-08-10 11:30:00,306.5450134277344,306.5450134277344,306.7900085449219,306.32000732421875,306.5205078125,712916,-0.004400063751153205,309.9856811523438,311.3842456054688
2026-08-10 11:45:00,307.17999267578125,307.17999267578125,307.2300109863281,306.510009765625,306.54998779296875,655488,0.20714062217050966,309.7076812744141,311.3047052001953
2026-08-10 12:00:00,305.5450134277344,305.5450134277344,307.2471923828125,305.3901062011719,307.1099853515625,1588486,-0.5322544719807087,309.33534240722656,311.18840576171874
2026-08-10 12:15:00,305.5299987792969,305.5299987792969,305.9912109375,305.04998779296875,305.5450134277344,1193431,-0.004914054485483099,308.962841796875,311.0658056640625
2026-08-10 12:30:00,305.6357116699219,305.6357116699219,305.760009765625,305.1700134277344,305.54998779296875,914069,0.03459983996574323,308.625537109375,310.96081970214846
2026-08-10 12:45:00,306.2699890136719,306.2699890136719,306.2900085449219,305.6099853515625,305.6449890136719,710291,0.20752723570307552,308.3430862426758,310.8622076416016
2026-08-10 13:00:00,306.4549865722656,306.4549865722656,306.6300048828125,306.2200012207031,306.2699890136719,737612,0.06040342352495731,308.0713348388672,310.7599072265625
2026-08-10 13:15:00,306.4700012207031,306.4700012207031,306.7900085449219,306.2500915527344,306.4599914550781,611590,0.004899462921281739,307.7733352661133,310.6461071777344
2026-08-10 13:30:00,306.7099914550781,306.7099914550781,306.8399963378906,306.3500061035156,306.4700012207031,506255,0.07830790400988885,307.4660842895508,310.54050720214843
2026-08-10 13:45:00,306.7276916503906,306.7276916503906,306.7900085449219,306.0,306.7099914550781,951408,0.005770987514464032,307.13859405517576,310.4302612304688
2026-08-10 14:00:00,306.6300048828125,306.6300048828125,306.989990234375,306.55999755859375,306.7300109863281,567365,-0.03184804314618761,306.80709381103514,310.3231011962891
2026-08-10 14:15:00,306.7149963378906,306.7149963378906,306.779296875,306.5201110839844,306.6199951171875,529735,0.027717918574410305,306.47784423828125,310.2120013427734
2026-08-10 14:30:00,306.8299865722656,306.8299865722656,306.9700012207031,306.6000061035156,306.71990966796875,684549,0.03749090711180347,306.5260940551758,310.1000012207031
2026-08-10 14:45:00,307.0400085449219,307.0400085449219,307.260009765625,306.7099914550781,306.8299865722656,621339,0.06844897234539182,306.5255950927734,309.98920166015625
2026-08-10 15:00:00,307.43670654296875,307.43670654296875,307.4599914550781,307.0400085449219,307.04998779296875,847747,0.12920075137010656,306.57093048095703,309.8820355224609
2026-08-10 15:15:00,307.2300109863281,307.2300109863281,307.6698913574219,307.2001037597656,307.44000244140625,989797,-0.0672319057034021,306.5884307861328,309.7776354980469
2026-08-10 15:30:00,307.2565002441406,307.2565002441406,307.42999267578125,306.9800109863281,307.2200012207031,1087924,0.008621962980592812,306.61400604248047,309.6871655273437
2026-08-10 15:45:00,308.19000244140625,308.19000244140625,308.2300109863281,306.8699951171875,307.25,3415800,0.3038185348475553,306.6672561645508,309.61626586914065
2026-08-11 09:30:00,306.4599914550781,306.4599914550781,309.9700012207031,306.25,307.75,5086162,-0.5613455896114061,306.67075500488284,309.50266540527343
2026-08-11 09:45:00,306.2900085449219,306.2900085449219,306.6199951171875,305.6700134277344,306.4599914550781,1299620,-0.055466591038255686,306.65733032226564,309.34686584472655
2026-08-11 10:00:00,306.3599853515625,306.3599853515625,306.69000244140625,306.0299987792969,306.29998779296875,916528,0.02284658483411306,306.64807891845703,309.1884655761719
2026-08-11 10:15:00,306.19000244140625,306.19000244140625,306.69000244140625,305.8900146484375,306.3797912597656,777728,-0.05548469718106297,306.5985794067383,309.0259057617188
2026-08-11 10:30:00,306.6700134277344,306.6700134277344,306.94000244140625,306.1199951171875,306.19000244140625,674286,0.1567689939255823,306.65482940673826,308.8804217529297
2026-08-11 10:45:00,306.5899963378906,306.5899963378906,306.94000244140625,306.5150146484375,306.6700134277344,534243,-0.026092244543041154,306.707829284668,308.7450219726563
2026-08-11 11:00:00,306.2149963378906,306.2149963378906,306.69000244140625,306.04998779296875,306.6000061035156,550040,-0.12231318845339345,306.7367935180664,308.61732177734376
2026-08-11 11:15:00,306.7049865722656,306.7049865722656,306.7699890136719,306.17999267578125,306.2200012207031,773694,0.16001510057799262,306.75854339599607,308.5084216308594
2026-08-11 11:30:00,307.2349853515625,307.2349853515625,307.3599853515625,306.49090576171875,306.70001220703125,754072,0.1728040959555699,306.79754333496095,308.4167034912109
2026-08-11 11:45:00,307.25,307.25,307.6099853515625,307.0,307.2300109863281,590966,0.004887024314736976,306.83654327392577,308.3279034423828
2026-08-11 12:00:00,306.8099060058594,306.8099060058594,307.3699951171875,306.6700134277344,307.2300109863281,687792,-0.14323645049328926,306.84153900146487,308.2206018066406
2026-08-11 12:15:00,306.55499267578125,306.55499267578125,307.1300048828125,306.45001220703125,306.81500244140625,624800,-0.08308510419258175,306.83290405273436,308.1073016357422
2026-08-11 12:30:00,305.8500061035156,305.8500061035156,306.5899963378906,305.79998779296875,306.57000732421875,773649,-0.22997067055150477,306.79390411376954,307.97490173339844
2026-08-11 12:45:00,306.2391052246094,306.2391052246094,306.3699951171875,305.6986999511719,305.8500061035156,626801,0.12721893520644123,306.77010955810545,307.84488403320313
2026-08-11 13:00:00,306.0,306.0,306.30999755859375,305.9649963378906,306.239990234375,496840,-0.07807795298839793,306.7286102294922,307.7050482177734
2026-08-11 13:15:00,306.19000244140625,306.19000244140625,306.29998779296875,305.9750061035156,306.0,420726,0.06209230111315911,306.6861099243164,307.569248046875
2026-08-11 13:30:00,306.4049987792969,306.4049987792969,306.5199890136719,306.1499938964844,306.1650085449219,553224,0.07021664201194433,306.6345245361328,307.4497119140625
2026-08-11 13:45:00,306.0249938964844,306.0249938964844,306.489990234375,305.760009765625,306.3999938964844,744703,-0.12402045799723149,306.57427368164065,307.3318316650391
2026-08-11 14:00:00,304.9599914550781,304.9599914550781,306.0249938964844,304.7900085449219,306.0249938964844,1133062,-0.3480115881536405,306.4594482421875,307.1932312011719
2026-08-11 14:15:00,303.29998779296875,303.29998779296875,305.0,302.7900085449219,304.9599914550781,1740302,-0.5443348992072328,306.21494750976564,307.0106311035156
2026-08-11 14:30:00,303.4601135253906,303.4601135253906,303.7799987792969,302.9700012207031,303.27569580078125,1355557,0.05279450671498154,306.06495361328126,306.8227331542969
2026-08-11 14:45:00,304.3450012207031,304.3450012207031,304.5899963378906,303.1199951171875,303.4800109863281,845460,0.2915993423427077,305.9677032470703,306.64408325195313
2026-08-11 15:00:00,304.7449951171875,304.7449951171875,304.79998779296875,304.0,304.3500061035156,845299,0.13142778586145987,305.88695373535154,306.4737829589844
2026-08-11 15:15:00,305.1600036621094,305.1600036621094,305.20001220703125,304.739990234375,304.739990234375,919576,0.13618223484270775,305.83545379638673,306.3109832763672
2026-08-11 15:30:00,304.6199951171875,304.6199951171875,305.29998779296875,304.3800048828125,305.1600036621094,1206777,-0.1769591487879918,305.7329528808594,306.28608337402346
2026-08-11 15:45:00,304.8999938964844,304.8999938964844,305.0899963378906,303.75,304.6199951171875,3512127,0.09191739996883275,305.64845275878906,306.24308349609373
2026-08-12 09:30:00,303.3699951171875,303.3699951171875,305.6600036621094,302.17999267578125,305.1300048828125,3514905,-0.5018034798046966,305.5062026977539,306.17988342285156
2026-08-12 09:45:00,303.3699951171875,303.3699951171875,303.6099853515625,302.5799865722656,303.3800048828125,1401431,0.0,305.339453125,306.10968322753905
2026-08-12 10:00:00,302.4750061035156,302.4750061035156,304.32000732421875,302.260009765625,303.385009765625,1723396,-0.2950156667030135,305.10145416259763,306.02428344726565
2026-08-12 10:15:00,302.3450012207031,302.3450012207031,302.79998779296875,302.29998779296875,302.4750061035156,1079526,-0.04298037199410576,304.8562042236328,305.9286834716797
2026-08-12 10:30:00,302.94000244140625,302.94000244140625,302.95001220703125,302.30999755859375,302.3599853515625,1109336,0.1967954549606743,304.66270904541017,305.85968322753905
2026-08-12 10:45:00,302.42999267578125,302.42999267578125,303.19000244140625,302.05999755859375,302.94000244140625,1392671,-0.16835339061028742,304.45645904541016,305.77711303710936
2026-08-12 11:00:00,301.7149963378906,301.7149963378906,302.8299865722656,301.57000732421875,302.42999267578125,1074880,-0.2364171395715764,304.2497085571289,305.6805126953125
2026-08-12 11:15:00,301.0799865722656,301.0799865722656,301.74468994140625,301.0299987792969,301.6820068359375,1272108,-0.21046675615482568,303.9917526245117,305.5585125732422
2026-08-12 11:30:00,300.8450012207031,300.8450012207031,301.2900085449219,300.57000732421875,301.08990478515625,1185528,-0.07804748307509435,303.7340026855469,305.4645123291016
2026-08-12 11:45:00,301.1700134277344,301.1700134277344,301.25,300.6199951171875,300.8299865722656,770602,0.1080331086481312,303.4830032348633,305.3773126220703
2026-08-12 12:00:00,301.7749938964844,301.7749938964844,301.82000732421875,301.0,301.1899108886719,950612,0.20087672801964995,303.25150299072266,305.30009826660154
2026-08-12 12:15:00,301.510009765625,301.510009765625,301.80999755859375,301.239990234375,301.7749938964844,665575,-0.08780851171196202,303.0257537841797,305.2048986816406
2026-08-12 12:30:00,301.8999938964844,301.8999938964844,301.8999938964844,301.4100036621094,301.5150146484375,635973,0.1293436762389799,302.87275390625,305.113798828125
2026-08-12 12:45:00,302.1600036621094,302.1600036621094,302.2300109863281,301.6300048828125,301.8999938964844,731434,0.08612446865903234,302.81575469970704,305.0275988769531
2026-08-12 13:00:00,302.44000244140625,302.44000244140625,302.510009765625,302.0400085449219,302.1650085449219,579718,0.09266573203050577,302.76474914550784,304.9421990966797
2026-08-12 13:15:00,302.16009521484375,302.16009521484375,302.5,302.05999755859375,302.42999267578125,638467,-0.09254967077866327,302.65550384521487,304.85084716796877
2026-08-12 13:30:00,301.7900085449219,301.7900085449219,302.2976989746094,301.739990234375,302.1700134277344,711519,-0.1224803260863161,302.50775451660155,304.7540472412109
2026-08-12 13:45:00,301.5050048828125,301.5050048828125,301.79998779296875,301.2699890136719,301.7900085449219,888044,-0.09443773950089662,302.3250045776367,304.64984741210935
2026-08-12 14:00:00,301.57000732421875,301.57000732421875,301.7900085449219,301.5050048828125,301.510009765625,719436,0.021559324174913463,302.1725051879883,304.5446478271484
2026-08-12 14:15:00,301.125,301.125,301.5799865722656,301.05999755859375,301.55499267578125,794899,-0.14756352203829648,301.98375549316404,304.42634765625
2026-08-12 14:30:00,301.42498779296875,301.42498779296875,301.5400085449219,301.0400085449219,301.1199951171875,1359759,0.09962234718763341,301.8865051269531,304.30611328125
2026-08-12 14:45:00,301.4100036621094,301.4100036621094,302.0398864746094,301.3399963378906,301.42498779296875,1367750,-0.00497109777430893,301.7885055541992,304.1897131347656
2026-08-12 15:00:00,301.2699890136719,301.2699890136719,301.58770751953125,301.19000244140625,301.419189453125,938276,-0.046453218783826244,301.728254699707,304.0699829101562
2026-08-12 15:15:00,301.67999267578125,301.67999267578125,301.7099914550781,301.1700134277344,301.2749938964844,988801,0.13609177052507082,301.69500427246095,303.9397827148438
2026-08-12 15:30:00,301.5950012207031,301.5950012207031,302.039794921875,301.0,301.6700134277344,1817024,-0.02817271849030467,301.6277542114258,303.84248291015626
2026-08-12 15:45:00,302.2250061035156,302.2250061035156,302.25,301.1499938964844,301.6000061035156,3667405,0.20889102281620442,301.6175048828125,303.7611828613281
2026-08-13 09:30:00,303.4314880371094,303.4314880371094,304.75,302.04998779296875,304.25799560546875,6296749,0.3991999037897376,301.7033294677734,303.7026129150391
2026-08-13 09:45:00,304.5801086425781,304.5801086425781,304.6400146484375,302.9100036621094,303.4599914550781,1572784,0.37854364189398026,301.8783355712891,303.6704150390625
2026-08-13 10:00:00,305.4801025390625,305.4801025390625,305.489990234375,304.1499938964844,304.5799865722656,1834824,0.29548676060802137,302.110090637207,303.64661682128906
2026-08-13 10:15:00,305.6449890136719,305.6449890136719,305.9599914550781,304.1600036621094,305.489990234375,1516495,0.05397617495832563,302.3338394165039,303.6277166748047
2026-08-13 10:30:00,304.9800109863281,304.9800109863281,306.0,304.8500061035156,305.6600036621094,1294515,-0.21756549305442796,302.4940902709961,303.60301696777344
2026-08-13 10:45:00,305.1050109863281,305.1050109863281,305.1700134277344,304.5397033691406,304.9800109863281,929475,0.040986292706768346,302.67384033203126,303.5710174560547
2026-08-13 11:00:00,304.239990234375,304.239990234375,305.19000244140625,304.0799865722656,305.1300048828125,977660,-0.28351574730179907,302.7908401489258,303.51111755371096
2026-08-13 11:15:00,303.7200012207031,303.7200012207031,304.3699035644531,303.54998779296875,304.239990234375,1093070,-0.1709140909685436,302.8688400268555,303.440517578125
2026-08-13 11:30:00,303.44500732421875,303.44500732421875,303.9849853515625,302.95001220703125,303.7300109863281,962068,-0.0905419120832085,302.9190902709961,303.3732196044922
2026-08-13 11:45:00,302.7879943847656,302.7879943847656,303.5299987792969,302.7699890136719,303.44000244140625,689234,-0.21651795995810685,302.9504852294922,303.2978796386719
2026-08-13 12:00:00,303.4150085449219,303.4150085449219,303.4150085449219,302.57000732421875,302.7900085449219,781748,0.20708025806315256,303.0317352294922,303.2491796875
2026-08-13 12:15:00,303.42999267578125,303.42999267578125,303.8699951171875,303.25,303.4150085449219,607881,0.0049384936266827495,303.12798461914065,303.19299743652346
2026-08-13 12:30:00,303.2349853515625,303.2349853515625,303.44989013671875,303.04998779296875,303.43499755859375,545370,-0.06426764951582564,303.2112335205078,303.1376971435547
2026-08-13 12:45:00,303.0299987792969,303.0299987792969,303.760009765625,303.010009765625,303.2349853515625,636762,-0.06759990837731378,303.30648345947264,303.0744970703125
2026-08-13 13:00:00,303.0899963378906,303.0899963378906,303.1899108886719,302.8500061035156,303.0400085449219,596960,0.0197992142149106,303.3897338867188,303.00819702148436
2026-08-13 13:15:00,303.3399963378906,303.3399963378906,303.385009765625,302.96099853515625,303.0799865722656,497513,0.08248375169772615,303.4862335205078,302.9544970703125
2026-08-13 13:30:00,303.5400085449219,303.5400085449219,303.82000732421875,303.0799865722656,303.3301086425781,617441,0.0659366418691576,303.5997344970703,302.92609741210936
2026-08-13 13:45:00,303.43499755859375,303.43499755859375,303.8999938964844,303.3800048828125,303.55999755859375,378631,-0.03459543499109152,303.68748474121094,302.92879760742187
2026-08-13 14:00:00,303.4200134277344,303.4200134277344,303.5,302.92999267578125,303.43499755859375,588590,-0.0049381682996174625,303.7787353515625,302.92799560546877
2026-08-13 14:15:00,303.30999755859375,303.30999755859375,303.5199890136719,303.2200012207031,303.42498779296875,472257,-0.03625860664159264,303.8329849243164,302.90729553222656
2026-08-13 14:30:00,303.80499267578125,303.80499267578125,303.94000244140625,303.1300048828125,303.30999755859375,863575,0.16319775845563544,303.85166015625,302.88849548339846
2026-08-13 14:45:00,303.17999267578125,303.17999267578125,303.8500061035156,303.1499938964844,303.80499267578125,736751,-0.2057240713838393,303.78165435791016,302.84889526367186
2026-08-13 15:00:00,303.5,303.5,303.6400146484375,303.0299987792969,303.19500732421875,852845,0.10555027770613457,303.68264923095705,302.8264953613281
2026-08-13 15:15:00,304.3999938964844,304.3999938964844,304.6099853515625,303.45001220703125,303.5,1247769,0.29653835139518137,303.62039947509766,302.8164953613281
2026-08-13 15:30:00,304.1000061035156,304.1000061035156,304.6499938964844,303.9700012207031,304.3800048828125,1138143,-0.0985505252903418,303.576399230957,302.8310955810547
2026-08-13 15:45:00,305.32000732421875,305.32000732421875,305.32000732421875,304.0299987792969,304.0799865722656,2617278,0.4011842144744371,303.58714904785154,302.87009582519534
2026-08-14 09:30:00,306.2300109863281,306.2300109863281,307.489990234375,305.55999755859375,306.02801513671875,3854309,0.29804914197550936,303.68665008544923,302.94519592285155
2026-08-14 09:45:00,306.1000061035156,306.1000061035156,307.010009765625,305.70001220703125,306.239990234375,1079380,-0.04245334491997932,303.80565032958987,303.0202960205078
2026-08-14 10:00:00,305.7298889160156,305.7298889160156,306.35650634765625,305.5700988769531,306.07000732421875,773932,-0.12091381251878586,303.9198944091797,303.07609375
2026-08-14 10:15:00,304.989990234375,304.989990234375,305.8999938964844,304.760009765625,305.7099914550781,1027728,-0.2420105813873752,304.02999420166014,303.1272937011719
2026-08-14 10:30:00,304.9100036621094,304.9100036621094,305.19219970703125,304.6600036621094,305.0199890136719,674187,-0.02622596636832064,304.10474395751953,303.1911938476562
2026-08-14 10:45:00,305.1600036621094,305.1600036621094,305.42999267578125,304.8299865722656,304.9200134277344,604911,0.08199140631575119,304.1912445068359,303.2727941894531
2026-08-14 11:00:00,304.7200012207031,304.7200012207031,305.25,304.29998779296875,305.1600036621094,692852,-0.1441874544913957,304.26549530029297,303.3502941894531
2026-08-14 11:15:00,305.53289794921875,305.53289794921875,305.95989990234375,304.7200012207031,304.7401123046875,803020,0.2667684186332231,304.39064025878906,303.4375518798828
2026-08-14 11:30:00,305.7250061035156,305.7250061035156,305.91680908203125,305.4150085449219,305.5450134277344,479018,0.06287642201097121,304.5223907470703,303.51655212402346
2026-08-14 11:45:00,305.6650085449219,305.6650085449219,305.8299865722656,305.5249938964844,305.7300109863281,379189,-0.019624681460772564,304.6386413574219,303.5996520996094
2026-08-14 12:00:00,305.25,305.25,305.7099914550781,305.20001220703125,305.6400146484375,366118,-0.13577234335636623,304.7241409301758,303.66665222167967
2026-08-14 12:15:00,305.44500732421875,305.44500732421875,305.4700012207031,304.9700012207031,305.2699890136719,430973,0.06388446329852471,304.824641418457,303.7323522949219
2026-08-14 12:30:00,305.32000732421875,305.32000732421875,305.5,305.1650085449219,305.44500732421875,362699,-0.04092389693811649,304.9196411132813,303.78995239257813
2026-08-14 12:45:00,305.42999267578125,305.42999267578125,305.510009765625,305.1199951171875,305.30999755859375,697872,0.0360229755417496,305.0256408691406,303.85535034179685
2026-08-14 13:00:00,305.4800109863281,305.4800109863281,305.56500244140625,305.260009765625,305.43499755859375,353362,0.01637635849336405,305.109391784668,303.929150390625
2026-08-14 13:15:00,305.19439697265625,305.19439697265625,305.5249938964844,305.0799865722656,305.489990234375,303491,-0.09349679304700986,305.2101119995117,304.00293823242185
2026-08-14 13:30:00,305.40008544921875,305.40008544921875,305.5299987792969,305.0400085449219,305.19500732421875,420869,0.06739588885078529,305.3051162719727,304.07953979492186
2026-08-14 13:45:00,306.04998779296875,306.04998779296875,306.1600036621094,305.3999938964844,305.4100036621094,672187,0.21280358936182076,305.3876159667969,304.17803955078125
2026-08-14 14:00:00,306.1199951171875,306.1199951171875,306.1600036621094,305.5799865722656,306.04010009765625,1054716,0.022874473782397153,305.48861541748045,304.2719396972656
2026-08-14 14:15:00,305.97900390625,305.97900390625,306.25,305.91009521484375,306.1449890136719,432601,-0.04605749810087101,305.52156524658204,304.36331970214843
2026-08-14 14:30:00,305.7200012207031,305.7200012207031,306.17999267578125,305.6300048828125,305.9800109863281,464251,-0.08464720854710617,305.4960647583008,304.45231994628904
2026-08-14 14:45:00,305.5799865722656,305.5799865722656,305.8800048828125,305.55999755859375,305.7300109863281,479914,-0.045798327841961584,305.4700637817383,304.53031982421874
2026-08-14 15:00:00,305.45001220703125,305.45001220703125,305.7090148925781,305.2699890136719,305.6000061035156,500480,-0.04253366416181459,305.45606994628906,304.6074200439453
2026-08-14 15:15:00,305.94500732421875,305.94500732421875,306.04998779296875,305.45001220703125,305.4599914550781,538581,0.16205437793599398,305.5038208007812,304.6818200683594
2026-08-14 15:30:00,305.57000732421875,305.57000732421875,305.9700012207031,305.5,305.92999267578125,862649,-0.12257104741787428,305.53682098388674,304.7245904541016
2026-08-14 15:45:00,305.95001220703125,305.95001220703125,306.0400085449219,305.5400085449219,305.57000732421875,1950242,0.12435935258832131,305.5763214111328,304.75198852539063
2026-08-17 09:30:00,305.15008544921875,305.15008544921875,307.6600036621094,304.05499267578125,306.2099914550781,5096503,-0.2614566843917032,305.5978256225586,304.7453881835938
2026-08-17 09:45:00,305.44000244140625,305.44000244140625,306.32000732421875,305.0899963378906,305.1199951171875,1090401,0.09500799967356865,305.59318084716796,304.7412884521484
2026-08-17 10:00:00,304.8999938964844,304.8999938964844,305.55999755859375,304.6300048828125,305.3900146484375,938274,-0.17679692921868106,305.5519302368164,304.73968811035155
2026-08-17 10:15:00,304.4949951171875,304.4949951171875,305.1000061035156,304.4599914550781,304.8699951171875,776327,-0.13283003850579345,305.49342956542966,304.72748779296876
2026-08-17 10:30:00,304.55999755859375,304.55999755859375,304.82000732421875,304.1199951171875,304.48419189453125,967490,0.02134762227576914,305.45892944335935,304.7338879394531
2026-08-17 10:45:00,304.1300048828125,304.1300048828125,304.7099914550781,303.6499938964844,304.57000732421875,1226053,-0.14118488285662645,305.39317932128904,304.7420880126953
2026-08-17 11:00:00,304.6600036621094,304.6600036621094,304.75,303.79998779296875,304.1400146484375,1103811,0.17426717876820597,305.3601791381836,304.7663879394531
2026-08-17 11:15:00,304.5350036621094,304.5350036621094,304.9100036621094,304.44000244140625,304.65399169921875,847495,-0.041029343693776976,305.3154296875,304.801328125
2026-08-17 11:30:00,303.30499267578125,303.30499267578125,304.5950927734375,303.29998779296875,304.5400085449219,1002928,-0.4038980647665946,305.20667877197263,304.7991278076172
2026-08-17 11:45:00,303.19000244140625,303.19000244140625,303.5199890136719,303.05499267578125,303.29998779296875,700059,-0.03791241065982387,305.10645904541013,304.79432800292966
2026-08-17 12:00:00,303.55999755859375,303.55999755859375,303.55999755859375,303.04998779296875,303.17498779296875,718151,0.1220340757307703,305.0144546508789,304.8008282470703
2026-08-17 12:15:00,303.55499267578125,303.55499267578125,303.79998779296875,303.4049987792969,303.5408935546875,509537,-0.0016487293624800614,304.8897048950195,304.811328125
2026-08-17 12:30:00,303.76800537109375,303.76800537109375,304.0392150878906,303.54998779296875,303.55999755859375,491553,0.07017268714140101,304.77210540771483,304.82488830566405
2026-08-17 12:45:00,303.0400085449219,303.0400085449219,303.8399963378906,302.9389953613281,303.7650146484375,794480,-0.23965553096433334,304.6251556396484,304.8188885498047
2026-08-17 13:00:00,303.8699951171875,303.8699951171875,303.9200134277344,303.0199890136719,303.0299987792969,630136,0.2738867967470249,304.5326553344727,304.82548828125
2026-08-17 13:15:00,304.4150085449219,304.4150085449219,304.42498779296875,303.82000732421875,303.8299865722656,573565,0.17935743459112086,304.47440643310546,304.84508850097654
2026-08-17 13:30:00,304.5350036621094,304.5350036621094,304.64990234375,304.0799865722656,304.4150085449219,517532,0.03941826579481056,304.42865600585935,304.86738830566406
2026-08-17 13:45:00,304.30499267578125,304.30499267578125,304.6400146484375,304.1510009765625,304.5299987792969,399798,-0.07552858737490675,304.3466552734375,304.8872882080078
2026-08-17 14:00:00,304.5899963378906,304.5899963378906,304.67999267578125,303.9599914550781,304.29998779296875,570985,0.09365724157310851,304.2976547241211,304.90298828125
2026-08-17 14:15:00,304.7049865722656,304.7049865722656,304.94000244140625,304.55999755859375,304.5899963378906,974650,0.037752465858220674,304.2354034423828,304.93348815917966
2026-08-17 14:30:00,305.5201110839844,305.5201110839844,305.5201110839844,304.69049072265625,304.70001220703125,696485,0.2675126918296966,304.25390472412107,304.97389038085936
2026-08-17 14:45:00,305.67999267578125,305.67999267578125,305.989990234375,305.4200134277344,305.5249938964844,923892,0.05233095498349272,304.26590423583986,304.99949035644534
2026-08-17 15:00:00,305.81500244140625,305.81500244140625,305.9700012207031,305.5899963378906,305.68499755859375,537099,0.044167027237596024,304.31165466308596,305.03379028320313
2026-08-17 15:15:00,306.1449890136719,306.1449890136719,306.1600036621094,305.62579345703125,305.80999755859375,768042,0.10790398431446135,304.39415435791017,305.0502899169922
2026-08-17 15:30:00,305.6199951171875,305.6199951171875,306.32000732421875,305.5299987792969,306.1499938964844,837256,-0.1714853795829807,304.44715423583983,305.03808959960935
2026-08-17 15:45:00,305.69000244140625,305.69000244140625,305.7900085449219,305.0299987792969,305.6400146484375,3143880,0.02290665706996542,304.52515411376953,305.0298895263672
2026-08-18 09:30:00,306.9700927734375,306.9700927734375,307.8999938964844,305.9800109863281,307.5299987792969,4967955,0.4187543988379616,304.6406585693359,305.0546936035156
2026-08-18 09:45:00,307.2900085449219,307.2900085449219,307.3599853515625,305.739990234375,306.9649963378906,1875199,0.10421724429046098,304.7784088134766,305.10069396972654
2026-08-18 10:00:00,309.92498779296875,309.92498779296875,310.1499938964844,307.1499938964844,307.29998779296875,3343094,0.8574893991913468,305.1094085693359,305.20099365234375
2026-08-18 10:15:00,309.659912109375,309.659912109375,310.2699890136719,308.80999755859375,309.92498779296875,1854247,-0.08552898089353445,305.4329040527344,305.2909918212891
2026-08-18 10:30:00,310.7699890136719,310.7699890136719,311.489990234375,309.6000061035156,309.6400146484375,1962701,0.35848260006765553,305.7934036254883,305.41199157714846
2026-08-18 10:45:00,310.3949890136719,310.3949890136719,311.2200012207031,310.2300109863281,310.7699890136719,1593617,-0.1206680224143164,306.1354034423828,305.5092333984375
2026-08-18 11:00:00,310.510009765625,310.510009765625,311.1499938964844,309.9200134277344,310.4100036621094,1389246,0.03705625284693426,306.4725036621094,305.6049334716797
2026-08-18 11:15:00,310.42999267578125,310.42999267578125,310.9278869628906,310.07000732421875,310.510009765625,852573,-0.025769568557276745,306.84200286865234,305.7002331542969
2026-08-18 11:30:00,309.8763122558594,309.8763122558594,310.5198974609375,309.739990234375,310.42999267578125,855042,-0.17835918982871402,307.14231872558594,305.7927593994141
2026-08-18 11:45:00,309.5400085449219,309.5400085449219,310.0299987792969,309.3399963378906,309.8699951171875,1089573,-0.10852837007425675,307.39856872558596,305.8746594238281
2026-08-18 12:00:00,310.25,310.25,310.45989990234375,309.0119934082031,309.5400085449219,1029714,0.22936985057784298,307.68431854248047,305.97325927734374
2026-08-18 12:15:00,310.614990234375,310.614990234375,310.6400146484375,309.95001220703125,310.260009765625,791495,0.11764391116035888,307.9998184204102,306.07695922851565
2026-08-18 12:30:00,310.4599914550781,310.4599914550781,310.75,310.2699890136719,310.6199951171875,712477,-0.049900611422493135,308.2933181762695,306.17655883789064
2026-08-18 12:45:00,310.75,310.75,310.760009765625,310.20001220703125,310.4599914550781,690841,0.09341253395087623,308.59556884765624,306.2876708984375
2026-08-18 13:00:00,310.57000732421875,310.57000732421875,310.94000244140625,310.5400085449219,310.7401123046875,1422875,-0.05792201955953091,308.84806365966796,306.3910693359375
2026-08-18 13:15:00,310.3999938964844,310.3999938964844,310.7699890136719,310.2701110839844,310.57501220703125,519389,-0.05474238455901448,309.0840637207031,306.47806945800784
2026-08-18 13:30:00,310.0400085449219,310.0400085449219,310.44000244140625,309.8699951171875,310.3999938964844,1936763,-0.11597466451064298,309.2953140258789,306.5564697265625
2026-08-18 13:45:00,310.1300048828125,310.1300048828125,310.2699890136719,310.0375061035156,310.0400085449219,611037,0.02902733047680517,309.49456481933595,306.6394897460938
2026-08-18 14:00:00,310.5,310.5,310.5899963378906,309.75,310.125,830989,0.11930323134239362,309.7385650634766,306.7350897216797
2026-08-18 14:15:00,310.627685546875,310.627685546875,310.64990234375,310.2699890136719,310.4949951171875,600444,0.041122559380024626,309.98544921875,306.8360437011719
2026-08-18 14:30:00,311.05999755859375,311.05999755859375,311.20001220703125,310.3500061035156,310.6099853515625,1078327,0.13917368986529066,310.1899444580078,306.9482434082031
2026-08-18 14:45:00,310.3699951171875,310.3699951171875,311.239990234375,310.3699951171875,311.06500244140625,711987,-0.2218229431048213,310.3439437866211,307.0367431640625
2026-08-18 15:00:00,309.6700134277344,309.6700134277344,310.42999267578125,309.6549987792969,310.3699951171875,838079,-0.2255313659391689,310.33119506835936,307.1187432861328
2026-08-18 15:15:00,309.7099914550781,309.7099914550781,309.989990234375,309.3699951171875,309.67498779296875,1173530,0.012909880069189583,310.33369903564454,307.1939428710937
2026-08-18 15:30:00,310.45001220703125,310.45001220703125,310.5299987792969,309.6014099121094,309.69500732421875,1189815,0.23893990260901443,310.3177001953125,307.29994140625
2026-08-18 15:45:00,310.20001220703125,310.20001220703125,311.0690002441406,309.95001220703125,310.44500732421875,4707947,-0.08052826225475318,310.30795135498045,307.3951416015625
2026-08-19 09:30:00,311.7049865722656,311.7049865722656,312.3900146484375,309.6000061035156,310.1300048828125,4407318,0.48516257447144273,310.3677001953125,307.53124145507815
2026-08-19 09:45:00,316.364990234375,316.364990234375,316.3900146484375,311.69000244140625,311.6919860839844,2972845,1.4950045276317603,310.66445007324216,307.76864135742187
2026-08-19 10:00:00,317.1300048828125,317.1300048828125,317.4989929199219,316.0600891113281,316.3900146484375,3145499,0.24181394024374026,311.02713470458986,308.02004150390627
2026-08-19 10:15:00,316.010009765625,316.010009765625,317.80999755859375,315.3699951171875,317.1499938964844,1939767,-0.35316592562768534,311.350634765625,308.2576416015625
2026-08-19 10:30:00,315.8800048828125,315.8800048828125,317.05999755859375,315.7550048828125,315.9599914550781,1571463,-0.04113948254642619,311.63213500976565,308.48204162597654
2026-08-19 10:45:00,317.868896484375,317.868896484375,318.3299865722656,315.864990234375,315.8800048828125,1264996,0.6296351686775337,311.9948303222656,308.74871948242185
2026-08-19 11:00:00,318.79998779296875,318.79998779296875,319.2799072265625,317.8599853515625,317.8800048828125,1344924,0.292916771314089,312.41183013916014,309.0586193847656
2026-08-19 11:15:00,318.17999267578125,318.17999267578125,318.9700012207031,317.9800109863281,318.80999755859375,1228177,-0.19447777318929438,312.78332977294923,309.3584191894531
2026-08-19 11:30:00,316.42999267578125,316.42999267578125,318.2300109863281,316.30108642578125,318.18499755859375,1025181,-0.5500031555356832,313.07632904052736,309.6158190917969
2026-08-19 11:45:00,316.2950134277344,316.2950134277344,316.8599853515625,315.96600341796875,316.43499755859375,699724,-0.042656907110949494,313.37108001708987,309.87061950683596
2026-08-19 12:00:00,317.25,317.25,317.29998779296875,316.0,316.29998779296875,751019,0.30192906360309024,313.73157958984376,310.14025939941405
2026-08-19 12:15:00,316.55999755859375,316.55999755859375,317.45001220703125,316.55999755859375,317.260009765625,648333,-0.21749485938731272,314.05307922363284,310.4106591796875
2026-08-19 12:30:00,315.260009765625,315.260009765625,316.54998779296875,315.04998779296875,316.54998779296875,997529,-0.41066079194927996,314.29107971191405,310.6384594726562
2026-08-19 12:45:00,315.0950012207031,315.0950012207031,315.30999755859375,314.6499938964844,315.260009765625,1210161,-0.052340461780908676,314.51444549560546,310.85205932617185
2026-08-19 13:00:00,314.8699951171875,314.8699951171875,315.1700134277344,314.489990234375,315.1199951171875,611148,-0.07140897273645308,314.70494537353517,311.05875915527344
2026-08-19 13:15:00,315.05999755859375,315.05999755859375,315.1600036621094,314.7001037597656,314.8699951171875,713401,0.060343139820462355,314.93944549560547,311.2738592529297
2026-08-19 13:30:00,315.3599853515625,315.3599853515625,315.8190002441406,314.95001220703125,315.05999755859375,741324,0.09521608433102902,315.22394409179685,311.4892590332031
2026-08-19 13:45:00,315.20269775390625,315.20269775390625,315.510009765625,315.1499938964844,315.3699951171875,598331,-0.049875572349766806,315.49857940673826,311.69921325683595
2026-08-19 14:00:00,315.45001220703125,315.45001220703125,315.7099914550781,315.01470947265625,315.1919860839844,619168,0.07846203566381771,315.74857940673826,311.8978112792969
2026-08-19 14:15:00,314.8399963378906,314.8399963378906,315.45001220703125,314.7749938964844,315.45001220703125,867166,-0.1933795674543437,315.98057861328124,312.08101135253906
2026-08-19 14:30:00,314.8550109863281,314.8550109863281,315.0350036621094,314.2900085449219,314.8599853515625,710520,0.004768977452718204,316.13807983398436,312.2618115234375
2026-08-19 14:45:00,314.8699951171875,314.8699951171875,315.2296142578125,314.7749938964844,314.8599853515625,2182177,0.004759057450742787,316.063330078125,312.4363116455078
2026-08-19 15:00:00,315.82000732421875,315.82000732421875,315.9700012207031,314.76519775390625,314.885009765625,970583,0.3017156991023118,315.9978302001953,312.64031188964844
2026-08-19 15:15:00,316.67840576171875,316.67840576171875,316.7300109863281,315.69171142578125,315.80999755859375,1223685,0.2717998915815256,316.03125,312.8600799560547
2026-08-19 15:30:00,315.6600036621094,315.6600036621094,316.6700134277344,315.3706970214844,316.6600036621094,1038529,-0.3215887414741103,316.02024993896487,313.0338781738281
2026-08-19 15:45:00,316.8800048828125,316.8800048828125,316.8800048828125,315.20001220703125,315.6549987792969,4301003,0.38649217719994855,315.9708053588867,313.2256781005859
2026-08-20 09:30:00,318.44000244140625,318.44000244140625,320.2799987792969,316.7099914550781,317.4549865722656,4354199,0.4922991462243509,315.9528060913086,313.3959783935547
2026-08-20 09:45:00,317.2799072265625,317.2799072265625,318.510009765625,317.0,318.4800109863281,1348650,-0.36430574235321034,315.90780181884764,313.54837829589843
2026-08-20 10:00:00,316.68499755859375,316.68499755859375,317.6199951171875,316.3200988769531,317.2300109863281,1219314,-0.18750310196729014,315.9205520629883,313.6666784667969
2026-08-20 10:15:00,316.4700012207031,316.4700012207031,317.0899963378906,316.2200012207031,316.6600036621094,793551,-0.06788965045647632,315.9293014526367,313.7881787109375
2026-08-20 10:30:00,316.3500061035156,316.3500061035156,316.6698913574219,316.1700134277344,316.42999267578125,537360,-0.03791674304820525,315.8843017578125,313.9049786376953
2026-08-20 10:45:00,317.4200134277344,317.4200134277344,317.4800109863281,316.3299865722656,316.3599853515625,623508,0.3382352785125775,315.9273025512695,314.0447790527344
2026-08-20 11:00:00,316.5,316.5,317.7799987792969,316.25,317.42999267578125,963654,-0.28984102728728534,315.98930206298826,314.1772528076172
2026-08-20 11:15:00,317.2200012207031,317.2200012207031,317.25,316.0,316.4100036621094,871977,0.22748853734695373,316.0955520629883,314.33085266113284
2026-08-20 11:30:00,316.5299987792969,316.5299987792969,317.25,316.2200012207031,317.2298889160156,442694,-0.21751542738510654,316.1785522460938,314.4564526367187
2026-08-20 11:45:00,316.9100036621094,316.9100036621094,316.9700012207031,315.9599914550781,316.5050048828125,703853,0.12005335490412605,316.2710525512695,314.5823529052734
2026-08-20 12:00:00,316.239990234375,316.239990234375,317.0887145996094,316.239990234375,316.9100036621094,403602,-0.21142072512445598,316.31505279541017,314.69795288085936
2026-08-20 12:15:00,316.4649963378906,316.4649963378906,316.7850036621094,316.05999755859375,316.239990234375,464683,0.0711504270376695,316.3781677246094,314.8122528076172
2026-08-20 12:30:00,317.44000244140625,317.44000244140625,317.44000244140625,316.2900085449219,316.4649963378906,465993,0.3080928743457667,316.4776672363281,314.94965270996096
2026-08-20 12:45:00,317.2099914550781,317.2099914550781,317.5400085449219,316.8800048828125,317.42999267578125,551752,-0.07245809745436427,316.5961669921875,315.08585266113283
2026-08-20 13:00:00,317.2799987792969,317.2799987792969,317.6300048828125,317.1401062011719,317.20001220703125,485716,0.022069709689032102,316.71741638183596,315.2306524658203
2026-08-20 13:15:00,316.6700134277344,316.6700134277344,317.5799865722656,316.6700134277344,317.2850036621094,522761,-0.19225458708691523,316.80741729736326,315.36145263671875
2026-08-20 13:30:00,316.6000061035156,316.6000061035156,316.8599853515625,316.5,316.6600036621094,457391,-0.02210734242278356,316.84641723632814,315.48345275878904
2026-08-20 13:45:00,316.32000732421875,316.32000732421875,316.635009765625,316.260009765625,316.6000061035156,454888,-0.08843928423846181,316.8284973144531,315.59729919433596
2026-08-20 14:00:00,315.45001220703125,315.45001220703125,316.30999755859375,315.0799865722656,316.30999755859375,934757,-0.27503638626809046,316.81799774169923,315.6850994873047
2026-08-20 14:15:00,314.8399963378906,314.8399963378906,315.7099914550781,314.82000732421875,315.46978759765625,698412,-0.1933795674543437,316.71599731445315,315.7744995117188
2026-08-20 14:30:00,315.6300964355469,315.6300964355469,315.70001220703125,314.7799987792969,314.8100891113281,573805,0.25095289888401595,316.5755020141602,315.893701171875
2026-08-20 14:45:00,315.1278991699219,315.1278991699219,315.6300048828125,315.081787109375,315.6300048828125,652923,-0.1591094357909384,316.4679016113281,316.0020593261719
2026-08-20 15:00:00,314.5599060058594,314.5599060058594,315.1199951171875,314.4849853515625,315.1199951171875,599803,-0.1802421066362747,316.3616470336914,316.0842572021484
2026-08-20 15:15:00,313.3699951171875,313.3699951171875,314.5400085449219,313.29998779296875,314.5299987792969,1330405,-0.37827798964618076,316.20664672851564,316.14765686035156
2026-08-20 15:30:00,312.9599914550781,312.9599914550781,313.6499938964844,312.9100036621094,313.3900146484375,1296797,-0.13083692392312773,316.0371459960937,316.1727569580078
2026-08-20 15:45:00,311.3399963378906,311.3399963378906,313.08990478515625,310.6499938964844,313.0,4188711,-0.517636490739759,315.73314514160154,316.07225708007815
2026-08-21 09:30:00,308.1199951171875,308.1199951171875,312.3800048828125,307.44000244140625,312.04998779296875,7845190,-1.0342394997681303,315.31414489746095,315.8920568847656
2026-08-21 09:45:00,307.3800048828125,307.3800048828125,308.32501220703125,307.010009765625,308.0899963378906,1212165,-0.24016300340832242,314.82214508056643,315.7194567871094
2026-08-21 10:00:00,307.7200012207031,307.7200012207031,308.04998779296875,307.0899963378906,307.3800048828125,1371956,0.11061107830363515,314.3816452026367,315.5562567138672
2026-08-21 10:15:00,307.7950134277344,307.7950134277344,308.2300109863281,307.4599914550781,307.70001220703125,3276085,0.024376773278844688,313.92589569091797,315.3547790527344
2026-08-21 10:30:00,308.57501220703125,308.57501220703125,308.739990234375,307.6000061035156,307.82000732421875,1280607,0.2534150149511749,313.54264678955076,315.1502795410156
2026-08-21 10:45:00,309.4549865722656,309.4549865722656,309.5,308.29638671875,308.54998779296875,869869,0.2851735657208643,313.19214630126953,314.9757794189453
2026-08-21 11:00:00,309.70001220703125,309.70001220703125,309.94000244140625,309.25,309.4599914550781,3958758,0.07917973385391797,312.8051467895508,314.8411798095703
2026-08-21 11:15:00,310.6000061035156,310.6000061035156,310.6400146484375,309.5299987792969,309.67498779296875,666549,0.2906018279013711,312.47464752197266,314.72727966308594
2026-08-21 11:30:00,311.30999755859375,311.30999755859375,311.6400146484375,310.3999938964844,310.614990234375,2182366,0.22858707054935756,312.1761474609375,314.6084796142578
2026-08-21 11:45:00,311.510009765625,311.510009765625,311.92999267578125,310.9200134277344,311.30999755859375,671408,0.06424856528857159,311.918147277832,314.5074798583984
2026-08-21 12:00:00,311.19000244140625,311.19000244140625,311.82000732421875,311.1700134277344,311.5249938964844,933392,-0.1027277821536221,311.64764709472655,314.42607971191404
2026-08-21 12:15:00,311.20318603515625,311.20318603515625,311.4339904785156,311.0,311.17999267578125,471984,0.00423650941436815,311.3918060302734,314.34824340820313
2026-08-21 12:30:00,310.70001220703125,310.70001220703125,311.25,310.2699890136719,311.20001220703125,818788,-0.1616865927806299,311.15430603027346,314.26484375
2026-08-21 12:45:00,311.0050048828125,311.0050048828125,311.03009033203125,310.5806884765625,310.739990234375,387903,0.09816307170855687,310.96255645751955,314.1837438964844
2026-08-21 13:00:00,311.55999755859375,311.55999755859375,311.6400146484375,310.8900146484375,310.989990234375,597491,0.17845136479086587,310.75905151367186,314.107744140625
2026-08-21 13:15:00,311.05999755859375,311.05999755859375,311.6400146484375,310.9700012207031,311.5199890136719,672637,-0.16048273331558116,310.55565643310547,314.02489013671874
2026-08-21 13:30:00,310.0400085449219,310.0400085449219,311.1600036621094,309.8399963378906,311.0199890136719,647285,-0.32790748462593333,310.3296615600586,313.91669006347655
2026-08-21 13:45:00,309.55999755859375,309.55999755859375,310.14801025390625,309.4200134277344,310.0199890136719,568332,-0.15482227231927714,310.13916168212893,313.81109008789065
2026-08-21 14:00:00,309.18499755859375,309.18499755859375,309.6099853515625,309.0,309.5299987792969,1564225,-0.12113968308486989,309.9504119873047,313.69768981933595
2026-08-21 14:15:00,308.4700012207031,308.4700012207031,309.19000244140625,308.4005126953125,309.19000244140625,530434,-0.2312519506238786,309.8069122314453,313.56968994140624
2026-08-21 14:30:00,308.5450134277344,308.5450134277344,308.9649963378906,308.4601135253906,308.4750061035156,558594,0.024317504695559045,309.82816314697266,313.42419006347654
2026-08-21 14:45:00,308.7829895019531,308.7829895019531,308.8799133300781,308.1600036621094,308.54998779296875,828880,0.07712847845926518,309.8983123779297,313.26628173828124
2026-08-21 15:00:00,308.69000244140625,308.69000244140625,308.875,308.3999938964844,308.7799987792969,632736,-0.030114048930240944,309.94681243896486,313.1268817138672
2026-08-21 15:15:00,309.739990234375,309.739990234375,309.8500061035156,308.69000244140625,308.70001220703125,1015251,0.3401431159624435,310.0440612792969,312.98408142089846
2026-08-21 15:30:00,309.5452880859375,309.5452880859375,310.010009765625,309.4200134277344,309.75,1020433,-0.06285986781693342,310.0925750732422,312.8061871337891
2026-08-21 15:45:00,309.4200134277344,309.4200134277344,310.1789855957031,309.1600036621094,309.5400085449219,2529662,-0.0404705427686336,310.0908264160156,312.6489892578125
2026-08-24 09:30:00,311.1300048828125,311.1300048828125,312.3399963378906,309.9700012207031,311.4700012207031,2664562,0.5526441021493689,310.1623260498047,312.5378894042969
2026-08-24 09:45:00,311.875,311.875,311.8800048828125,310.55999755859375,311.1499938964844,1332052,0.23944817455587852,310.22607574462893,312.4459893798828
2026-08-24 10:00:00,312.2300109863281,312.2300109863281,312.94000244140625,311.7001037597656,311.8500061035156,1505235,0.11383117798096087,310.27207641601564,312.36358947753905
2026-08-24 10:15:00,312.94000244140625,312.94000244140625,313.19989013671875,312.1099853515625,312.2099914550781,1104612,0.2273937258097991,310.3435760498047,312.2739892578125
2026-08-24 10:30:00,313.1000061035156,313.1000061035156,313.3299865722656,312.80999755859375,312.92999267578125,770310,0.051129181587872274,310.43907623291017,312.2059893798828
2026-08-24 10:45:00,312.9700012207031,312.9700012207031,313.2699890136719,312.5,313.1099853515625,1333712,-0.04152183975669743,310.5274169921875,312.1209893798828
2026-08-24 11:00:00,311.8800964355469,311.8800964355469,313.1600036621094,311.5299987792969,312.9750061035156,1071239,-0.3482457682542073,310.58642120361327,312.02799133300783
2026-08-24 11:15:00,312.239990234375,312.239990234375,312.45001220703125,311.6650085449219,311.8800048828125,1183463,0.11539492354315506,310.6481704711914,311.9345910644531
2026-08-24 11:30:00,312.239990234375,312.239990234375,312.3900146484375,311.7001037597656,312.239990234375,584144,0.0,310.68217010498046,311.85459106445313
2026-08-24 11:45:00,311.69970703125,311.69970703125,312.2950134277344,311.5799865722656,312.25,513055,-0.17303459519052433,310.71415557861326,311.7592852783203
2026-08-24 12:00:00,311.4200134277344,311.4200134277344,311.8800048828125,311.3399963378906,311.67999267578125,396957,-0.08973175052987559,310.7831558227539,311.6388854980469
2026-08-24 12:15:00,311.9285888671875,311.9285888671875,312.0199890136719,311.3999938964844,311.4200134277344,465697,0.16330852788020156,310.9015853881836,311.53325744628904
2026-08-24 12:30:00,312.25,312.25,312.3299865722656,311.8599853515625,311.9100036621094,482806,0.10303997270009191,311.0548355102539,311.43265747070313
2026-08-24 12:45:00,312.94000244140625,312.94000244140625,313.3599853515625,312.19000244140625,312.2699890136719,763836,0.22097756330063945,311.27833557128906,311.3580572509766
2026-08-24 13:00:00,312.4898986816406,312.4898986816406,312.94000244140625,312.1600036621094,312.94000244140625,502348,-0.14383068839206592,311.4755798339844,311.2758551025391
2026-08-24 13:15:00,312.1199035644531,312.1199035644531,312.4898986816406,311.8699951171875,312.4898986816406,445300,-0.11840226476070859,311.6424255371094,311.19185302734377
2026-08-24 13:30:00,311.85150146484375,311.85150146484375,312.3500061035156,311.70001220703125,312.1189880371094,431213,-0.08599326622371617,311.8005004882813,311.1198828125
2026-08-24 13:45:00,312.0101013183594,312.0101013183594,312.2900085449219,311.7300109863281,311.9049987792969,493479,0.05085749235473891,311.9140060424805,311.0632849121094
2026-08-24 14:00:00,311.7250061035156,311.7250061035156,312.1099853515625,311.5,312.0199890136719,494549,-0.09137371310707909,312.0229919433594,310.98518310546876
2026-08-24 14:15:00,311.739990234375,311.739990234375,311.8900146484375,311.6109924316406,311.7099914550781,549448,0.004806842751148288,312.1389907836914,310.9174249267578
2026-08-24 14:30:00,310.93499755859375,310.93499755859375,311.8399963378906,310.7200012207031,311.7200012207031,608810,-0.25822566914691647,312.12924041748045,310.8449267578125
2026-08-24 14:45:00,311.5899963378906,311.5899963378906,311.7900085449219,310.92999267578125,310.95001220703125,556049,0.21065456910280833,312.114990234375,310.80932678222655
2026-08-24 15:00:00,311.2200012207031,311.2200012207031,311.65570068359375,311.0199890136719,311.57000732421875,487092,-0.11874422206619162,312.0644897460937,310.77452697753904
2026-08-24 15:15:00,311.25,311.25,311.57000732421875,311.127197265625,311.2200012207031,536793,0.009639091054314264,311.97998962402346,310.77272705078127
2026-08-24 15:30:00,310.67999267578125,310.67999267578125,311.2799072265625,310.6700134277344,311.2300109863281,806640,-0.18313488328313143,311.8589889526367,310.8239270019531
2026-08-24 15:45:00,310.3500061035156,310.3500061035156,311.010009765625,310.1719970703125,310.67999267578125,2537586,-0.10621429768411517,311.72798919677734,310.88332702636717
2026-08-25 09:30:00,310.5050048828125,310.5050048828125,313.5799865722656,310.25,310.93499755859375,2478475,0.04994321773759136,311.65923461914065,310.93902709960935
2026-08-25 09:45:00,310.44000244140625,310.44000244140625,311.44500732421875,310.0400085449219,310.5050048828125,1139567,-0.020934426300400766,311.56923522949216,310.99192687988284
2026-08-25 10:00:00,310.0950927734375,310.0950927734375,310.75,309.6499938964844,310.4599914550781,1102635,-0.11110348706876438,311.4619903564453,311.02232849121094
2026-08-25 10:15:00,310.0849914550781,310.0849914550781,310.7236022949219,309.9200134277344,310.0899963378906,623564,-0.0032574905552418265,311.3812545776367,311.03492858886716
2026-08-25 10:30:00,309.8568115234375,309.8568115234375,310.7900085449219,309.6099853515625,310.0799865722656,809894,-0.07358625471355351,311.3030944824219,311.03806457519534
2026-08-25 10:45:00,309.0899963378906,309.0899963378906,309.9700012207031,309.037109375,309.8450012207031,798974,-0.24747404511675786,311.16116485595705,311.0078643798828
2026-08-25 11:00:00,309.4200134277344,309.4200134277344,309.4200134277344,308.3900146484375,309.0899963378906,859553,0.10677055024550519,311.01966552734376,310.9700646972656
2026-08-25 11:15:00,309.3100891113281,309.3100891113281,309.489990234375,308.8699951171875,309.3999938964844,457914,-0.03552592322277892,310.83816986083986,310.9260662841797
2026-08-25 11:30:00,309.7749938964844,309.7749938964844,309.8500061035156,309.25,309.30999755859375,626819,0.15030378947287204,310.70242462158205,310.89776611328125
2026-08-25 11:45:00,309.6000061035156,309.6000061035156,309.8299865722656,309.2200012207031,309.760009765625,477887,-0.056488676108967795,310.57642974853513,310.86570251464843
2026-08-25 12:00:00,309.5299987792969,309.5299987792969,309.7200012207031,309.30499267578125,309.5899963378906,351451,-0.02261218437940027,310.4603546142578,310.84230224609377
2026-08-25 12:15:00,309.9549865722656,309.9549865722656,310.19000244140625,309.45001220703125,309.5450134277344,450794,0.13730100301903025,310.35759887695315,310.8213018798828
2026-08-25 12:30:00,309.78729248046875,309.78729248046875,310.0400085449219,309.5,309.95001220703125,384985,-0.05410272428630902,310.2607131958008,310.7858477783203
2026-08-25 12:45:00,310.0350036621094,310.0350036621094,310.1000061035156,309.5899963378906,309.7900085449219,303518,0.07996169876989256,310.1754638671875,310.7653479003906
2026-08-25 13:00:00,309.8200988769531,309.8200988769531,310.0400085449219,309.5899963378906,310.0350036621094,323409,-0.06931629739151957,310.11971893310545,310.7609497070313
2026-08-25 13:15:00,309.6549987792969,309.6549987792969,310.010009765625,309.5801086425781,309.8299865722656,320679,-0.053289021033398054,310.0229690551758,310.7628497314453
2026-08-25 13:30:00,309.69000244140625,309.69000244140625,309.8299865722656,309.5199890136719,309.6549987792969,341115,0.011304084302654616,309.94646911621095,310.77294982910155
2026-08-25 13:45:00,309.4649963378906,309.4649963378906,309.80999755859375,309.30999755859375,309.69000244140625,675564,-0.07265526873383443,309.85721893310546,310.7928497314453
2026-08-25 14:00:00,309.2850036621094,309.2850036621094,310.3399963378906,308.6099853515625,309.4700012207031,560667,-0.058162531436911635,309.7874694824219,310.8076495361328
2026-08-25 14:15:00,309.5400085449219,309.5400085449219,309.7200012207031,309.20001220703125,309.2799987792969,880500,0.08244980512894795,309.74696960449216,310.8227899169922
2026-08-25 14:30:00,309.19500732421875,309.19500732421875,309.6099853515625,309.0400085449219,309.55499267578125,397632,-0.11145609975424797,309.6814697265625,310.83289001464846
2026-08-25 14:45:00,308.5799865722656,308.5799865722656,309.29998779296875,308.4150085449219,309.19000244140625,600120,-0.198910311416578,309.58846893310545,310.80968994140625
2026-08-25 15:00:00,308.69000244140625,308.69000244140625,308.7749938964844,308.2099914550781,308.5799865722656,655233,0.035652302134914216,309.5182144165039,310.79258422851564
2026-08-25 15:15:00,308.9700927734375,308.9700927734375,309.3951110839844,308.69000244140625,308.69000244140625,556371,0.09073514847128816,309.46246948242185,310.78358581542966
2026-08-25 15:30:00,308.9599914550781,308.9599914550781,309.07000732421875,308.6199951171875,308.9700927734375,600003,-0.003269351498946804,309.4176284790039,310.740185546875
2026-08-25 15:45:00,309.8999938964844,309.8999938964844,310.29998779296875,308.80999755859375,308.9599914550781,2251591,0.3042473030178572,309.45812835693357,310.7006854248047
2026-08-26 09:30:00,311.4100036621094,311.4100036621094,311.67999267578125,308.80010986328125,310.2449951171875,2033005,0.4872571137027437,309.55762786865233,310.6842852783203
2026-08-26 09:45:00,312.5,312.5,312.70001220703125,311.05999755859375,311.3900146484375,1372534,0.35001969271137856,309.7171234130859,310.6754852294922
2026-08-26 10:00:00,312.8349914550781,312.8349914550781,313.4198913574219,311.6499938964844,312.4649963378906,1277074,0.10719726562500309,309.8701232910156,310.6701849365234
2026-08-26 10:15:00,311.7950134277344,311.7950134277344,313.2799987792969,311.7799987792969,312.8301086425781,932192,-0.3324366057986472,309.97987365722656,310.64668518066406
2026-08-26 10:30:00,312.4849853515625,312.4849853515625,312.57000732421875,311.6600036621094,311.7900085449219,702798,0.2212902368908587,310.1276229858398,310.6587829589844
2026-08-26 10:45:00,312.79998779296875,312.79998779296875,312.864990234375,312.0745849609375,312.4873962402344,568773,0.10080562464525045,310.269873046875,310.66998291015625
2026-08-26 11:00:00,313.05499267578125,313.05499267578125,313.45001220703125,312.4599914550781,312.82501220703125,1142945,0.08152330331332447,310.4332580566406,310.68628295898435
2026-08-26 11:15:00,312.5199890136719,312.5199890136719,313.20001220703125,312.5011901855469,313.0400085449219,587104,-0.1708976616333513,310.55750732421876,310.7026885986328
2026-08-26 11:30:00,313.44000244140625,313.44000244140625,313.489990234375,312.17999267578125,312.5199890136719,737939,0.2943854665546253,310.7385025024414,310.74308837890624
2026-08-26 11:45:00,312.94000244140625,312.94000244140625,313.6199951171875,312.8399963378906,313.44500732421875,575872,-0.1595201621061304,310.9027526855469,310.7633166503906
2026-08-26 12:00:00,313.4100036621094,313.4100036621094,313.94000244140625,312.3699951171875,312.8999938964844,814436,0.15018892344742518,311.08875274658203,310.7865167236328
2026-08-26 12:15:00,313.2947082519531,313.2947082519531,313.6050109863281,313.1448059082031,313.4100036621094,459304,-0.036787405892935165,311.28023834228514,310.7936108398437
2026-08-26 12:30:00,312.7300109863281,312.7300109863281,313.4800109863281,312.5,313.30499267578125,444296,-0.18024475062976553,311.4524887084961,310.7984130859375
2026-08-26 12:45:00,313.0299987792969,313.0299987792969,313.19000244140625,312.625,312.7099914550781,520079,0.09592548921755206,311.62698822021486,310.81661499023437
2026-08-26 13:00:00,312.6000061035156,312.6000061035156,313.1000061035156,312.5299987792969,313.0249938964844,477036,-0.1373646862786515,311.7972381591797,310.83158508300784
2026-08-26 13:15:00,313.1300048828125,313.1300048828125,313.2699890136719,312.6099853515625,312.6099853515625,472438,0.1695453515510703,312.02473907470704,310.8539831542969
2026-08-26 13:30:00,312.7850036621094,312.7850036621094,313.25,312.65008544921875,313.1549987792969,365197,-0.11017826951212895,312.2294891357422,310.87518310546875
2026-08-26 13:45:00,312.94000244140625,312.94000244140625,313.1199035644531,312.70001220703125,312.79998779296875,857315,0.04955441516765191,312.4279846191406,310.89918334960936
2026-08-26 14:00:00,312.81781005859375,312.81781005859375,313.1700134277344,312.80999755859375,312.95001220703125,904299,-0.03904658460383015,312.6208755493164,310.93683959960936
2026-08-26 14:15:00,313.0498962402344,313.0498962402344,313.17999267578125,312.7300109863281,312.80999755859375,239814,0.0741921253131883,312.7783706665039,310.9660375976562
2026-08-26 14:30:00,313.68499755859375,313.68499755859375,313.69000244140625,312.95001220703125,313.0299987792969,524524,0.20287542848185236,312.8921203613281,311.01533752441406
2026-08-26 14:45:00,314.56500244140625,314.56500244140625,315.1000061035156,313.6700134277344,313.68499755859375,1472319,0.28053776548497833,312.99537048339846,311.0816375732422
2026-08-26 15:00:00,315.07000732421875,315.07000732421875,315.25,314.44000244140625,314.57000732421875,889235,0.16054070824569333,313.1071212768555,311.16943786621096
2026-08-26 15:15:00,314.8446044921875,314.8446044921875,315.2300109863281,314.8399963378906,315.05999755859375,963979,-0.07154055504854373,313.2596008300781,311.2593298339844
2026-08-26 15:30:00,315.239990234375,315.239990234375,315.42999267578125,314.67999267578125,314.8599853515625,1287738,0.12558123485242323,313.39735107421876,311.3540295410156
2026-08-26 15:45:00,313.4800109863281,313.4800109863281,315.3699951171875,313.19000244140625,315.25,3101563,-0.5582982180459939,313.43135223388674,311.4148297119141
2026-08-27 09:30:00,310.81500244140625,310.81500244140625,312.0350036621094,309.40008544921875,310.5450134277344,3330425,-0.8501366758718487,313.319352722168,311.4292279052734
2026-08-27 09:45:00,311.6199951171875,311.6199951171875,312.10198974609375,310.82000732421875,310.8299865722656,1104615,0.2589941506871085,313.27435302734375,311.4599279785156
2026-08-27 10:00:00,310.2200012207031,310.2200012207031,311.9898986816406,310.1700134277344,311.5799865722656,1250989,-0.4492631790068202,313.1133529663086,311.4671917724609
2026-08-27 10:15:00,310.7921142578125,310.7921142578125,310.9100036621094,309.6300048828125,310.2300109863281,1563301,0.18442171196511037,313.0059585571289,311.50123413085936
2026-08-27 10:30:00,312.8949890136719,312.8949890136719,313.5299987792969,310.6300048828125,310.79998779296875,1494616,0.67661779671635,312.980207824707,311.57073364257815
2026-08-27 10:45:00,313.3999938964844,313.3999938964844,313.7799987792969,312.65008544921875,312.8800048828125,754323,0.1613975616562069,312.98547210693357,311.65253173828125
2026-08-27 11:00:00,314.7297058105469,314.7297058105469,314.7300109863281,313.4200134277344,313.4200134277344,964688,0.4242858774597513,313.08545684814453,311.7516259765625
2026-08-27 11:15:00,314.6499938964844,314.6499938964844,315.1600036621094,314.55999755859375,314.7200012207031,775009,-0.025327102142203017,313.1664566040039,311.85262573242187
2026-08-27 11:30:00,314.7550048828125,314.7550048828125,315.07989501953125,314.2799987792969,314.6549987792969,574215,0.03337390381856764,313.2742065429687,311.9571258544922
2026-08-27 11:45:00,314.80499267578125,314.80499267578125,314.8500061035156,314.1499938964844,314.760009765625,866650,0.015881492650882123,313.3579559326172,312.0541259765625
2026-08-27 12:00:00,314.68499755859375,314.68499755859375,314.9700012207031,314.2900085449219,314.82000732421875,970624,-0.03811728529702352,313.4529556274414,312.152080078125
2026-08-27 12:15:00,314.57000732421875,314.57000732421875,314.7298889160156,314.110107421875,314.7099914550781,396333,-0.03654137797071133,313.53445587158205,312.2427801513672
2026-08-27 12:30:00,314.7550048828125,314.7550048828125,314.8299865722656,314.25,314.56500244140625,400627,0.05880966216944561,313.63131561279295,312.3414782714844
2026-08-27 12:45:00,315.0,315.0,315.1814880371094,314.5299987792969,314.7699890136719,582611,0.07783676617905133,313.72882080078125,312.44837829589846
2026-08-27 13:00:00,314.92999267578125,314.92999267578125,315.3399963378906,314.739990234375,315.0299987792969,445835,-0.0222245473710303,313.79107055664065,312.5531781005859
2026-08-27 13:15:00,315.2699890136719,315.2699890136719,315.3999938964844,314.82000732421875,314.92999267578125,513862,0.10795933883649411,313.8263198852539,312.6692779541016
2026-08-27 13:30:00,314.6899108886719,314.6899108886719,315.3399963378906,314.489990234375,315.2799987792969,430586,-0.18399408291756014,313.80731506347655,312.7773760986328
2026-08-27 13:45:00,314.82501220703125,314.82501220703125,315.0299987792969,314.6199951171875,314.69000244140625,443173,0.04293156967691836,313.80633544921875,312.883076171875
2026-08-27 14:00:00,314.3299865722656,314.3299865722656,314.9100036621094,314.1099853515625,314.8500061035156,388614,-0.15723834370570122,313.7608352661133,312.98577575683595
2026-08-27 14:15:00,314.17999267578125,314.17999267578125,314.3999938964844,313.9934997558594,314.3349914550781,413949,-0.04771860875255607,313.79583435058595,313.09777587890625
2026-08-27 14:30:00,314.2449951171875,314.2449951171875,314.4800109863281,313.8599853515625,314.20001220703125,371260,0.02068955468890188,313.967333984375,313.20887573242186
2026-08-27 14:45:00,313.8794860839844,313.8794860839844,314.5870056152344,313.57000732421875,314.25,487216,-0.11631339842559374,314.08030853271487,313.3070635986328
2026-08-27 15:00:00,314.2099914550781,314.2099914550781,314.3800048828125,313.6499938964844,313.8500061035156,475031,0.10529690080010035,314.2798080444336,313.4120635986328
2026-08-27 15:15:00,313.57000732421875,313.57000732421875,314.29998779296875,313.44500732421875,314.25,561277,-0.20368038835928415,314.41870269775393,313.4854638671875
2026-08-27 15:30:00,313.8900146484375,313.8900146484375,313.8999938964844,313.3699951171875,313.5799865722656,540290,0.1020529121868119,314.4684539794922,313.5350640869141
2026-08-27 15:45:00,314.57501220703125,314.57501220703125,315.0899963378906,313.7699890136719,313.8800048828125,2770444,0.21822852802786397,314.5272048950195,313.57656433105467
2026-08-28 09:30:00,317.32000732421875,317.32000732421875,318.1300048828125,315.5,317.0880126953125,3018332,0.872604310790237,314.65671997070314,313.6662646484375
2026-08-28 09:45:00,316.7799987792969,316.7799987792969,317.3699951171875,315.4504089355469,317.2825012207031,1263154,-0.1701779063587816,314.7632202148437,313.7659643554687
2026-08-28 10:00:00,316.5,316.5,317.1199035644531,316.04998779296875,316.7699890136719,844511,-0.08838903351722216,314.8504699707031,313.8462646484375
2026-08-28 10:15:00,316.7250061035156,316.7250061035156,317.1780090332031,316.16259765625,316.4601135253906,1148227,0.07109197583432536,314.9464706420898,313.9247650146484
2026-08-28 10:30:00,319.4700012207031,319.4700012207031,319.57501220703125,316.5199890136719,316.7250061035156,1746038,0.8666808948739391,315.1857208251953,314.05306518554687
2026-08-28 10:45:00,320.7099914550781,320.7099914550781,320.7789001464844,318.5899963378906,319.4800109863281,2301307,0.388139803310783,315.49272003173826,314.216865234375
2026-08-28 11:00:00,320.8500061035156,320.8500061035156,321.3399963378906,320.0299987792969,320.7099914550781,1925697,0.0436577132512328,315.79747009277344,314.3650653076172
2026-08-28 11:15:00,321.94000244140625,321.94000244140625,322.0299987792969,320.7998962402344,320.7998962402344,1420093,0.3397214639724755,316.14447021484375,314.54506530761716
2026-08-28 11:30:00,321.79998779296875,321.79998779296875,322.3699951171875,321.29998779296875,321.9549865722656,1498168,-0.04349091364096447,316.48796997070315,314.7128649902344
2026-08-28 11:45:00,321.4800109863281,321.4800109863281,322.364990234375,321.1099853515625,321.80999755859375,1159551,-0.09943344275279431,316.79847106933596,314.8765710449219
2026-08-28 12:00:00,321.6199951171875,321.6199951171875,321.8599853515625,321.1099853515625,321.5,895737,0.04354365001726368,317.14497528076174,315.05437072753904
2026-08-28 12:15:00,320.9700012207031,320.9700012207031,321.8523864746094,320.5350036621094,321.6300048828125,850490,-0.20209996466405977,317.4522247314453,315.2131707763672
2026-08-28 12:30:00,320.625,320.625,321.5199890136719,320.61358642578125,320.94500732421875,652938,-0.10748706090631943,317.76697540283203,315.37367065429686
2026-08-28 12:45:00,320.8450012207031,320.8450012207031,321.3500061035156,320.6145935058594,320.625,584996,0.06861636513157965,318.1002258300781,315.52797058105466
2026-08-28 13:00:00,320.7699890136719,320.7699890136719,320.8299865722656,320.2799987792969,320.82000732421875,666037,-0.023379577910165317,318.42647552490234,315.68767028808594
2026-08-28 13:15:00,319.739990234375,319.739990234375,320.79998779296875,319.5801086425781,320.7799987792969,637968,-0.32110197792006856,318.71950073242186,315.8236700439453
2026-08-28 13:30:00,319.4150085449219,319.4150085449219,320.0400085449219,319.3800048828125,319.80999755859375,503152,-0.10163936303835275,318.97975158691406,315.9556140136719
2026-08-28 13:45:00,319.69000244140625,319.69000244140625,319.70001220703125,319.3699951171875,319.4150085449219,499559,0.0860929790798215,319.28575134277344,316.08841613769533
2026-08-28 14:00:00,319.6499938964844,319.6499938964844,320.04998779296875,319.44000244140625,319.7099914550781,512706,-0.01251479389919874,319.5737503051758,316.2077160644531
2026-08-28 14:15:00,319.5400085449219,319.5400085449219,319.8299865722656,319.3999938964844,319.6401062011719,492440,-0.0344080568317251,319.82200012207034,316.3072161865234
2026-08-28 14:30:00,319.5950012207031,319.5950012207031,319.75,319.42999267578125,319.54998779296875,445561,0.017209950025254273,319.93574981689454,316.3977160644531
2026-08-28 14:45:00,319.81500244140625,319.81500244140625,319.81500244140625,319.04998779296875,319.5899963378906,1386443,0.06883750367272512,320.0875,316.4971240234375
2026-08-28 15:00:00,319.6400146484375,319.6400146484375,319.889892578125,319.239990234375,319.82000732421875,739739,-0.05471531717803346,320.2445007324219,316.58512451171873
2026-08-28 15:15:00,319.5450134277344,319.5450134277344,319.989990234375,319.5299987792969,319.6400146484375,680868,-0.029721316590358704,320.3855010986328,316.70642456054685
2026-08-28 15:30:00,319.8349914550781,319.8349914550781,320.1993103027344,319.5,319.54998779296875,1168551,0.0907471608563526,320.40375061035155,316.88682434082034
2026-08-28 15:45:00,319.6400146484375,319.6400146484375,320.3299865722656,319.5199890136719,319.8500061035156,2255232,-0.0609616870729468,320.35025177001955,317.04722473144534
