Datetime,Adj Close,Close,High,Low,Open,Volume,15m_Return_%,SMA20,SMA50
2026-05-21 09:30:00,223.8699951171875,223.8699951171875,227.39990234375,220.35000610351562,222.1999969482422,41680488,,,
2026-05-21 09:45:00,222.25999450683594,222.25999450683594,224.6999969482422,221.30999755859375,223.875,12049547,-0.7191676622446797,,
2026-05-21 10:00:00,222.7100067138672,222.7100067138672,224.75,222.1300048828125,222.24119567871094,10325522,0.20247107808570863,,
2026-05-21 10:15:00,218.97000122070312,218.97000122070312,222.77000427246094,218.35000610351562,222.72999572753906,15600789,-1.6793163218611573,,
2026-05-21 10:30:00,219.4600067138672,219.4600067138672,219.8800048828125,217.92999267578125,218.92999267578125,9313295,0.22377745372992308,,
2026-05-21 10:45:00,219.36000061035156,219.36000061035156,219.74000549316406,218.4499969482422,219.4600067138672,6105827,-0.04556916998823546,,
2026-05-21 11:00:00,219.27000427246094,219.27000427246094,220.10000610351562,218.0601043701172,219.36000061035156,6967844,-0.0410267768235828,,
2026-05-21 11:15:00,218.85499572753906,218.85499572753906,219.52000427246094,218.72000122070312,219.25999450683594,4599761,-0.18926827055021356,,
2026-05-21 11:30:00,219.58999633789062,219.58999633789062,219.72000122070312,218.35000610351562,218.86500549316406,4518860,0.33583908281746844,,
2026-05-21 11:45:00,219.38999938964844,219.38999938964844,220.3249969482422,219.36000061035156,219.57000732421875,4647578,-0.09107744049252631,,
2026-05-21 12:00:00,219.41000366210938,219.41000366210938,220.08999633789062,219.35000610351562,219.41990661621094,3708148,0.009118133240626491,,
2026-05-21 12:15:00,219.53500366210938,219.53500366210938,219.74000549316406,218.8800048828125,219.4600067138672,3295138,0.05697096664403212,,
2026-05-21 12:30:00,219.42999267578125,219.42999267578125,219.83990478515625,219.22000122070312,219.5399932861328,2545403,-0.047833368062688564,,
2026-05-21 12:45:00,220.14010620117188,220.14010620117188,220.17999267578125,218.92999267578125,219.4499969482422,3223035,0.32361734908310513,,
2026-05-21 13:00:00,220.69000244140625,220.69000244140625,220.95989990234375,219.9499969482422,220.16000366210938,4053349,0.2497937562235375,,
2026-05-21 13:15:00,221.11990356445312,221.11990356445312,222.3699951171875,220.60499572753906,220.69000244140625,6285613,0.1947986398527668,,
2026-05-21 13:30:00,221.7050018310547,221.7050018310547,221.83999633789062,221.06100463867188,221.11000061035156,3617278,0.2646067844503275,,
2026-05-21 13:45:00,220.9149932861328,220.9149932861328,221.85000610351562,220.8800048828125,221.7050018310547,3246979,-0.3563332078199477,,
2026-05-21 14:00:00,220.11000061035156,220.11000061035156,221.47999572753906,220.00999450683594,220.89999389648438,3624153,-0.3643902407015953,,
2026-05-21 14:15:00,220.25999450683594,220.25999450683594,220.49000549316406,219.77999877929688,220.10000610351562,3754075,0.06814497118188267,220.35250015258788,
2026-05-21 14:30:00,219.89999389648438,219.89999389648438,220.3498992919922,219.69000244140625,220.25,3092396,-0.16344348466802439,220.15400009155275,
2026-05-21 14:45:00,219.05999755859375,219.05999755859375,220.11000061035156,218.6199951171875,219.89999389648438,6128806,-0.3819901597114428,219.99400024414064,
2026-05-21 15:00:00,219.8699951171875,219.8699951171875,219.8800048828125,218.89999389648438,219.07000732421875,5634781,0.36976059874971323,219.85199966430665,
2026-05-21 15:15:00,220.3300018310547,220.3300018310547,220.4499969482422,219.72999572753906,219.8699951171875,3729325,0.2092175940705321,219.9199996948242,
2026-05-21 15:30:00,220.0,220.0,220.6300048828125,219.97000122070312,220.32000732421875,3609467,-0.14977616680079686,219.94699935913087,
2026-05-21 15:45:00,219.5,219.5,220.25,219.11000061035156,219.99000549316406,9053952,-0.2272727272727315,219.9539993286133,
2026-05-22 09:30:00,219.17100524902344,219.17100524902344,221.00999450683594,218.27999877929688,220.9040069580078,19193716,-0.14988371342895546,219.9490493774414,
2026-05-22 09:45:00,217.9250030517578,217.9250030517578,219.47999572753906,217.1999969482422,219.16000366210938,11134554,-0.5685068587653275,219.90254974365234,
2026-05-22 10:00:00,216.5699005126953,216.5699005126953,217.9499969482422,215.47999572753906,217.9199981689453,11030163,-0.6218205896918905,219.75154495239258,
2026-05-22 10:15:00,216.3300018310547,216.3300018310547,216.85000610351562,215.16000366210938,216.55999755859375,9127037,-0.11077194064027518,219.5985450744629,
2026-05-22 10:30:00,216.82009887695312,216.82009887695312,217.11990356445312,216.00999450683594,216.33700561523438,5665814,0.2265506595248823,219.46904983520508,
2026-05-22 10:45:00,217.19500732421875,217.19500732421875,217.42999267578125,216.39999389648438,216.83200073242188,5255043,0.17291222041107002,219.35205001831054,
2026-05-22 11:00:00,217.4698944091797,217.4698944091797,217.7100067138672,217.05999755859375,217.19009399414062,4605300,0.1265623406115468,219.25404510498046,
2026-05-22 11:15:00,218.15499877929688,218.15499877929688,218.30499267578125,217.3300018310547,217.45989990234375,4367423,0.3150341209197993,219.15478973388673,
2026-05-22 11:30:00,217.50100708007812,217.50100708007812,218.32000732421875,217.4324951171875,218.14999389648438,3514002,-0.2997830454851913,218.9953399658203,
2026-05-22 11:45:00,217.32000732421875,217.32000732421875,217.7050018310547,216.83999633789062,217.50999450683594,3892988,-0.0832178932361205,218.8053451538086,
2026-05-22 12:00:00,217.25,217.25,217.57000732421875,216.7100067138672,217.30999755859375,3295248,-0.03221393422572216,218.58259506225585,
2026-05-22 12:15:00,217.10000610351562,217.10000610351562,217.27000427246094,216.7949981689453,217.25999450683594,2650658,-0.06904206972813132,218.391845703125,
2026-05-22 12:30:00,216.55999755859375,216.55999755859375,217.1999969482422,216.41000366210938,217.11000061035156,3911663,-0.24873723157077254,218.2143455505371,
2026-05-22 12:45:00,217.11990356445312,217.11990356445312,217.12840270996094,216.5500030517578,216.5500030517578,2474296,0.25854544337435836,218.05734100341797,
2026-05-22 13:00:00,217.63499450683594,217.63499450683594,217.8249969482422,217.11000061035156,217.1199951171875,3056816,0.23723801177439885,217.94409103393554,
2026-05-22 13:15:00,218.24000549316406,218.24000549316406,218.49000549316406,217.4499969482422,217.63999938964844,4071498,0.2779934301002873,217.90309143066406,
2026-05-22 13:30:00,216.8300018310547,216.8300018310547,218.2899932861328,216.75999450683594,218.24020385742188,3664039,-0.6460793743672921,217.75109176635743,
2026-05-22 13:45:00,216.1999969482422,216.1999969482422,216.89999389648438,215.72999572753906,216.8350067138672,5663915,-0.2905524500725565,217.5445915222168,
2026-05-22 14:00:00,216.22999572753906,216.22999572753906,216.39999389648438,215.77000427246094,216.1999969482422,2964954,0.01387547628137753,217.35609130859376,
2026-05-22 14:15:00,216.0449981689453,216.0449981689453,216.27000427246094,215.4499969482422,216.24000549316406,4424340,-0.08555591835041065,217.183341217041,
2026-05-22 14:30:00,215.99000549316406,215.99000549316406,216.10000610351562,215.41000366210938,216.0399932861328,4169949,-0.025454269363944793,217.02429122924804,
2026-05-22 14:45:00,215.97999572753906,215.97999572753906,216.1999969482422,215.7449951171875,216.0,2907762,-0.0046343651884050985,216.92704086303712,
2026-05-22 15:00:00,215.18499755859375,215.18499755859375,216.3300018310547,215.16000366210938,215.99000549316406,6643835,-0.3680887974218727,216.85779571533203,
2026-05-22 15:15:00,215.3350067138672,215.3350067138672,215.58999633789062,214.86000061035156,215.19000244140625,7186369,0.06971171641860785,216.80804595947265,218.63733642578126
2026-05-22 15:30:00,215.49000549316406,215.49000549316406,215.75,215.11000061035156,215.3249969482422,4686219,0.07198029789128313,216.7415412902832,218.46973663330078
2026-05-22 15:45:00,215.25,215.25,215.94000244140625,215.1999969482422,215.47999572753906,9198378,-0.1113766239945968,216.64429092407227,218.32953674316406
2026-05-26 09:30:00,216.4199981689453,216.4199981689453,217.47999572753906,214.8000030517578,216.57749938964844,23047531,0.5435531563044327,216.59179611206054,218.20373657226563
2026-05-26 09:45:00,215.47999572753906,215.47999572753906,217.0500030517578,214.8800048828125,215.95799255371094,9035865,-0.43434176571448546,216.45804595947266,218.13393646240235
2026-05-26 10:00:00,216.22000122070312,216.22000122070312,216.27999877929688,214.27999877929688,215.47000122070312,9029738,0.3434218989403437,216.3939956665039,218.06913635253906
2026-05-26 10:15:00,217.57009887695312,217.57009887695312,217.6999969482422,215.5800018310547,216.23989868164062,7223028,0.6244092353287378,216.40650024414063,218.03333831787108
2026-05-26 10:30:00,217.14500427246094,217.14500427246094,218.17999267578125,216.44000244140625,217.60000610351562,6710304,-0.195382824517909,216.40125045776367,217.9908383178711
2026-05-26 10:45:00,215.53500366210938,215.53500366210938,217.75999450683594,215.47999572753906,217.14500427246094,5461348,-0.74144031807033,216.32300033569337,217.9244384765625
2026-05-26 11:00:00,214.4398956298828,214.4398956298828,215.89999389648438,213.610107421875,215.55999755859375,8667568,-0.5080882518476382,216.2169952392578,217.82143646240235
2026-05-26 11:15:00,214.42999267578125,214.42999267578125,214.75999450683594,213.85000610351562,214.4199981689453,4613949,-0.004618055829808121,216.0824996948242,217.722236328125
2026-05-26 11:30:00,213.47360229492188,213.47360229492188,214.75999450683594,213.42999267578125,214.44000244140625,4670997,-0.4460152094047043,215.87443008422852,217.60350830078124
2026-05-26 11:45:00,213.17010498046875,213.17010498046875,213.77999877929688,212.52000427246094,213.46499633789062,6003420,-0.14217088726212745,215.62093505859374,217.47621032714844
2026-05-26 12:00:00,212.43499755859375,212.43499755859375,213.64999389648438,212.35000610351562,213.1699981689453,4676946,-0.344845456609566,215.40118484497071,217.33631042480468
2026-05-26 12:15:00,213.10000610351562,213.10000610351562,213.14999389648438,212.0,212.44000244140625,5569177,0.3130409549106705,215.24618530273438,217.19550842285156
2026-05-26 12:30:00,213.19000244140625,213.19000244140625,213.4499969482422,212.88299560546875,213.1199951171875,3204624,0.0422319733988763,215.09418563842775,217.04550842285155
2026-05-26 12:45:00,213.64010620117188,213.64010620117188,213.94000244140625,213.1343994140625,213.1959991455078,3364997,0.21112798658995402,214.97394104003905,216.89591247558593
2026-05-26 13:00:00,213.85000610351562,213.85000610351562,214.11700439453125,213.5850067138672,213.64500427246094,2421589,0.09824929694899343,214.86694107055663,216.73881256103516
2026-05-26 13:15:00,213.64300537109375,213.64300537109375,213.88009643554688,213.27999877929688,213.86000061035156,2465424,-0.09679715993166083,214.75009155273438,216.59337280273436
2026-05-26 13:30:00,213.4199981689453,213.4199981689453,213.7899932861328,212.91000366210938,213.63999938964844,3489891,-0.10438310477849377,214.66184158325194,216.45957275390626
2026-05-26 13:45:00,213.09500122070312,213.09500122070312,213.8800048828125,212.97999572753906,213.4199981689453,2676877,-0.1522804568599545,214.54984130859376,216.3162728881836
2026-05-26 14:00:00,213.75,213.75,213.91000366210938,212.90330505371094,213.08999633789062,2799979,0.30737407050600574,214.46284103393555,216.1932730102539
2026-05-26 14:15:00,213.88499450683594,213.88499450683594,214.4499969482422,213.67999267578125,213.75,3396990,0.06315532483551767,214.39459075927735,216.08977294921874
2026-05-26 14:30:00,213.3800048828125,213.3800048828125,214.0399932861328,213.30999755859375,213.88499450683594,2682369,-0.2361033438497251,214.2425910949707,215.95997314453126
2026-05-26 14:45:00,213.25,213.25,213.66000366210938,213.13999938964844,213.360107421875,2497122,-0.060926459760790586,214.13109130859374,215.81837310791016
2026-05-26 15:00:00,212.99009704589844,212.99009704589844,213.64999389648438,212.83999633789062,213.27340698242188,3327114,-0.12187711798431478,213.9695960998535,215.67817504882814
2026-05-26 15:15:00,213.60800170898438,213.60800170898438,213.6811065673828,212.95010375976562,213.0,4394607,0.2901095739454851,213.77149124145507,215.5603350830078
2026-05-26 15:30:00,214.25999450683594,214.25999450683594,214.57000732421875,213.4600067138672,213.60499572753906,4602895,0.3052286396741932,213.62724075317382,215.46211486816406
2026-05-26 15:45:00,214.8300018310547,214.8300018310547,214.86000061035156,214.0229949951172,214.25999450683594,8358416,0.2660353490303802,213.59199066162108,215.40021484375
2026-05-27 09:30:00,210.89999389648438,210.89999389648438,214.13999938964844,210.6999969482422,214.1199951171875,24097931,-1.829357120082753,213.41499557495118,215.2868167114258
2026-05-27 09:45:00,211.32000732421875,211.32000732421875,211.9799041748047,210.2633056640625,210.90499877929688,10085665,0.19915288757217375,213.25949630737304,215.18661682128905
2026-05-27 10:00:00,210.74000549316406,210.74000549316406,211.6199951171875,210.3000030517578,211.3000030517578,7654012,-0.2744661229188816,213.12281646728516,215.0650149536133
2026-05-27 10:15:00,209.9199981689453,209.9199981689453,210.8000030517578,209.48939514160156,210.74000549316406,9114842,-0.38910852369952176,212.96031112670897,214.91951477050782
2026-05-27 10:30:00,209.44500732421875,209.44500732421875,210.16000366210938,209.3300018310547,209.92999267578125,6362037,-0.22627231748748589,212.81081161499023,214.7590170288086
2026-05-27 10:45:00,208.9700927734375,208.9700927734375,210.38999938964844,208.9600067138672,209.44500732421875,6340344,-0.2267490435072017,212.60431594848632,214.5753189086914
2026-05-27 11:00:00,209.5,209.5,209.77000427246094,208.77999877929688,208.97999572753906,4203128,0.253580414082033,212.41981582641603,214.41529876708984
2026-05-27 11:15:00,209.7899932861328,209.7899932861328,209.83999633789062,209.0399932861328,209.50999450683594,3290238,0.1384216162925167,212.22731018066406,214.26469848632811
2026-05-27 11:30:00,209.625,209.625,210.20989990234375,209.3350067138672,209.8000030517578,3836526,-0.07864688088710103,212.01605987548828,214.1121984863281
2026-05-27 11:45:00,209.84300231933594,209.84300231933594,210.08999633789062,209.35000610351562,209.61500549316406,3291706,0.1039963359980689,211.8260597229004,213.96705841064454
2026-05-27 12:00:00,210.90499877929688,210.90499877929688,211.07000732421875,209.5500030517578,209.8300018310547,4595667,0.5060909576316552,211.70030975341797,213.8539584350586
2026-05-27 12:15:00,210.6898956298828,210.6898956298828,211.11000061035156,210.39999389648438,210.91000366210938,4137199,-0.10199054107729033,211.58005447387694,213.7253582763672
2026-05-27 12:30:00,211.60000610351562,211.60000610351562,211.6300048828125,210.31500244140625,210.67999267578125,3450797,0.43196683491248944,211.47255477905273,213.6046585083008
2026-05-27 12:45:00,211.60499572753906,211.60499572753906,212.1199951171875,211.24000549316406,211.61000061035156,4347735,0.0023580453116789357,211.3585548400879,213.47195831298828
2026-05-27 13:00:00,210.99000549316406,210.99000549316406,211.74000549316406,210.72999572753906,211.6300048828125,2751792,-0.290631245382722,211.23905487060546,213.35515838623047
2026-05-27 13:15:00,211.97000122070312,211.97000122070312,212.07989501953125,210.97000122070312,211.00999450683594,2750760,0.4644749523791125,211.17505493164063,213.2705584716797
2026-05-27 13:30:00,211.8300018310547,211.8300018310547,212.58999633789062,211.8000030517578,211.97000122070312,3581708,-0.0660467938114806,211.11705017089844,213.18255859375
2026-05-27 13:45:00,212.28500366210938,212.28500366210938,212.67999267578125,211.8000030517578,211.82029724121094,2901446,0.21479574523044498,211.0509002685547,213.10735870361327
2026-05-27 14:00:00,212.85499572753906,212.85499572753906,213.02999877929688,212.1300048828125,212.27999877929688,3990575,0.26850321765401475,210.98065032958985,213.04465850830078
2026-05-27 14:15:00,213.1999969482422,213.1999969482422,213.2899932861328,212.6999969482422,212.85499572753906,2479359,0.16208274535625122,210.8991500854492,212.98905853271484
2026-05-27 14:30:00,212.9550018310547,212.9550018310547,213.32000732421875,212.7100067138672,213.17999267578125,3595925,-0.11491328362775999,211.00190048217775,212.94445861816405
2026-05-27 14:45:00,212.80999755859375,212.80999755859375,213.2449951171875,212.75,212.97000122070312,3034269,-0.06809150816564635,211.07639999389647,212.8939584350586
2026-05-27 15:00:00,212.89999389648438,212.89999389648438,213.3000030517578,212.5399932861328,212.82000732421875,2525274,0.04228952536209363,211.1843994140625,212.842158203125
2026-05-27 15:15:00,212.44000244140625,212.44000244140625,212.91009521484375,212.1199951171875,212.89999389648438,3092112,-0.21605987236513746,211.31039962768554,212.78595825195313
2026-05-27 15:30:00,213.05499267578125,213.05499267578125,213.0800018310547,212.16000366210938,212.4499969482422,3261252,0.2894889038351556,211.49089889526368,212.71865814208985
2026-05-27 15:45:00,212.5800018310547,212.5800018310547,213.25999450683594,212.1699981689453,213.05999755859375,7166219,-0.2229428368521691,211.67139434814453,212.66065826416016
2026-05-28 09:30:00,213.2696990966797,213.2696990966797,214.25,211.2220001220703,211.27499389648438,15599913,0.32444127372486253,211.85987930297853,212.6016522216797
2026-05-28 09:45:00,212.82000732421875,212.82000732421875,213.41000366210938,211.6999969482422,213.24000549316406,6335501,-0.2108559135993726,212.01138000488282,212.506650390625
2026-05-28 10:00:00,213.39999389648438,213.39999389648438,213.5399932861328,212.1199951171875,212.86000061035156,6636892,0.27252445837109285,212.20012969970702,212.43175018310546
2026-05-28 10:15:00,212.4512939453125,212.4512939453125,214.2899932861328,212.1699981689453,213.41000366210938,5748736,-0.44456418852198976,212.33054428100587,212.37007598876954
2026-05-28 10:30:00,212.02999877929688,212.02999877929688,212.63999938964844,211.6999969482422,212.47000122070312,4342402,-0.1983020005159708,212.38679428100585,212.3218780517578
2026-05-28 10:45:00,212.27000427246094,212.27000427246094,212.42999267578125,211.50999450683594,212.02999877929688,3671831,0.11319412090073921,212.46579971313477,212.27867828369142
2026-05-28 11:00:00,212.30999755859375,212.30999755859375,212.77000427246094,212.08999633789062,212.28500366210938,3828230,0.018840761920113636,212.50129928588868,212.25540618896486
2026-05-28 11:15:00,212.6699981689453,212.6699981689453,213.14999389648438,212.16000366210938,212.30499267578125,4041315,0.16956366374230036,212.55454940795897,212.2454040527344
2026-05-28 11:30:00,212.95010375976562,212.95010375976562,213.13999938964844,212.42999267578125,212.67999267578125,2984690,0.13170902959136477,212.65255432128907,212.25570617675783
2026-05-28 11:45:00,212.25999450683594,212.25999450683594,213.30999755859375,212.25,212.9600067138672,2923410,-0.32407086953487596,212.66705398559571,212.2389059448242
2026-05-28 12:00:00,212.6699981689453,212.6699981689453,212.72000122070312,212.10000610351562,212.25999450683594,3394701,0.19316106318667536,212.70905380249025,212.228505859375
2026-05-28 12:15:00,212.9949951171875,212.9949951171875,213.32000732421875,212.47000122070312,212.6699981689453,3051815,0.15281748767590475,212.74455337524415,212.21560363769532
2026-05-28 12:30:00,213.6199951171875,213.6199951171875,213.69000244140625,212.4499969482422,212.99749755859375,3098527,0.2934341248986394,212.78280334472657,212.21100341796875
2026-05-28 12:45:00,213.6300048828125,213.6300048828125,213.88999938964844,213.13999938964844,213.6199951171875,2751040,0.0046857812254552655,212.80430374145507,212.21074340820311
2026-05-28 13:00:00,213.55999755859375,213.55999755859375,213.97500610351562,213.26499938964844,213.63699340820312,3755408,-0.03277036119394561,212.83455352783204,212.21354339599608
2026-05-28 13:15:00,213.22999572753906,213.22999572753906,213.69000244140625,213.1699981689453,213.57000732421875,1999836,-0.15452417813600627,212.8555534362793,212.21624328613282
2026-05-28 13:30:00,213.52999877929688,213.52999877929688,213.6649932861328,212.92999267578125,213.24600219726562,2762122,0.14069458226746434,212.8870536804199,212.21184326171874
2026-05-28 13:45:00,215.1199951171875,215.1199951171875,215.51910400390625,213.3800048828125,213.5399932861328,6822313,0.7446243370862637,213.02105331420898,212.23654327392578
2026-05-28 14:00:00,214.36000061035156,214.36000061035156,215.3699951171875,214.1999969482422,215.1199951171875,4019119,-0.35328864079878786,213.0863037109375,212.25614318847656
2026-05-28 14:15:00,214.3800048828125,214.3800048828125,214.8000030517578,214.17999267578125,214.3527069091797,2622763,0.009332091996627767,213.1763038635254,212.27874328613282
2026-05-28 14:30:00,214.74000549316406,214.74000549316406,214.85000610351562,214.18089294433594,214.36459350585938,2680500,0.16792639339118232,213.24981918334962,212.31374145507812
2026-05-28 14:45:00,214.3800048828125,214.3800048828125,214.8968963623047,214.3300018310547,214.7449951171875,4002710,-0.16764487340158452,213.32781906127929,212.3291815185547
2026-05-28 15:00:00,214.22999572753906,214.22999572753906,214.57000732421875,213.86000061035156,214.389892578125,2790795,-0.06997348253416913,213.36931915283202,212.32858154296875
2026-05-28 15:15:00,214.10000610351562,214.10000610351562,214.2855987548828,213.89500427246094,214.2200927734375,2309949,-0.060677601930569924,213.45175476074218,212.31398162841796
2026-05-28 15:30:00,214.22999572753906,214.22999572753906,214.43499755859375,213.83999633789062,214.1199951171875,2822698,0.06071444199799991,213.5617546081543,212.38058166503907
2026-05-28 15:45:00,214.3000030517578,214.3000030517578,214.49000549316406,213.77000427246094,214.2100067138672,5141122,0.032678581718204036,213.66325454711915,212.44018157958985
2026-05-29 09:30:00,216.14599609375,216.14599609375,216.17999267578125,212.80999755859375,214.4499969482422,15656807,0.8614059802632523,213.85505447387695,212.54830139160157
2026-05-29 09:45:00,217.10000610351562,217.10000610351562,217.14999389648438,215.0507049560547,215.50999450683594,8838799,0.4413729733637295,214.07655487060546,212.69190155029298
2026-05-29 10:00:00,216.2899932861328,216.2899932861328,217.25999450683594,215.7899932861328,217.0800018310547,7733564,-0.3731058473561699,214.24354934692383,212.82880126953125
2026-05-29 10:15:00,215.9199981689453,215.9199981689453,217.35000610351562,215.0200958251953,216.25999450683594,8314299,-0.17106437129433827,214.4265495300293,212.9677993774414
2026-05-29 10:30:00,214.50950622558594,214.50950622558594,216.44000244140625,214.3699951171875,215.9149932861328,6147914,-0.6532474783812026,214.51852493286134,213.06798950195312
2026-05-29 10:45:00,215.13999938964844,215.13999938964844,215.89999389648438,214.36000061035156,214.47999572753906,4852705,0.29392318091463476,214.6257751464844,213.17498962402342
2026-05-29 11:00:00,216.92999267578125,216.92999267578125,216.99000549316406,214.86000061035156,215.14999389648438,4446220,0.8320132431026472,214.79127502441406,213.32108947753906
2026-05-29 11:15:00,215.38999938964844,215.38999938964844,217.02000427246094,214.90699768066406,216.94000244140625,4485412,-0.709903350448382,214.87927474975587,213.43202941894532
2026-05-29 11:30:00,215.0500030517578,215.0500030517578,215.75990295410156,214.94000244140625,215.4199981689453,2644048,-0.15785149675197063,214.95377502441406,213.51492950439453
2026-05-29 11:45:00,215.02000427246094,215.02000427246094,215.60000610351562,214.77000427246094,215.03500366210938,2610571,-0.013949676294422453,215.04327545166015,213.6015316772461
2026-05-29 12:00:00,216.64930725097656,216.64930725097656,217.1199951171875,215.01800537109375,215.02999877929688,4195813,0.7577448358949246,215.19924087524413,213.7025177001953
2026-05-29 12:15:00,215.98989868164062,215.98989868164062,216.77000427246094,215.87010192871094,216.6300048828125,2500724,-0.30436680260050863,215.24273605346679,213.79021575927734
2026-05-29 12:30:00,217.0800018310547,217.0800018310547,217.52000427246094,215.78990173339844,215.99000549316406,4017042,0.5047009865127183,215.37873611450195,213.91201568603515
2026-05-29 12:45:00,216.58999633789062,216.58999633789062,217.22999572753906,216.2801055908203,217.0749969482422,2308154,-0.2257257642486188,215.48923568725587,214.00441558837892
2026-05-29 13:00:00,216.7899932861328,216.7899932861328,217.0500030517578,216.3000030517578,216.60000610351562,2333963,0.09233895915035095,215.59173507690429,214.10361541748046
2026-05-29 13:15:00,216.27999877929688,216.27999877929688,216.89990234375,216.1199951171875,216.7949981689453,2541017,-0.23524817686709776,215.6867347717285,214.1835153198242
2026-05-29 13:30:00,216.1300048828125,216.1300048828125,216.30999755859375,215.97000122070312,216.2899932861328,3358358,-0.06935171875853685,215.7817352294922,214.2490155029297
2026-05-29 13:45:00,215.50360107421875,215.50360107421875,216.35000610351562,215.39999389648438,216.1300048828125,2260655,-0.28982732357470953,215.85191497802734,214.2950875854492
2026-05-29 14:00:00,215.5850067138672,215.5850067138672,216.0500030517578,215.2899932861328,215.52000427246094,2938338,0.037774607590157494,215.91966552734374,214.34768768310548
2026-05-29 14:15:00,216.97000122070312,216.97000122070312,217.0500030517578,215.5800018310547,215.5998992919922,2879351,0.6424354494531936,216.05316543579102,214.43088775634766
2026-05-29 14:30:00,217.29010009765625,217.29010009765625,217.47999572753906,216.45030212402344,217.0,4236540,0.14753139842014207,216.11037063598633,214.51868988037108
2026-05-29 14:45:00,216.6999053955078,216.6999053955078,217.3300018310547,216.52000427246094,217.3000030517578,2549581,-0.27161601098402155,216.09036560058593,214.60388793945313
2026-05-29 15:00:00,217.60000610351562,217.60000610351562,217.85989379882812,216.67999267578125,216.69500732421875,4786912,0.41536737469496376,216.15586624145507,214.69478820800782
2026-05-29 15:15:00,216.99000549316406,216.99000549316406,217.7100067138672,216.8249969482422,217.5800018310547,4197666,-0.2803311549823051,216.20936660766603,214.78298828125
2026-05-29 15:30:00,217.11000061035156,217.11000061035156,217.4499969482422,216.8699951171875,216.9949951171875,3915348,0.05529983600616184,216.3393913269043,214.85979431152344
2026-05-29 15:45:00,211.14999389648438,211.14999389648438,217.1300048828125,211.1300048828125,217.10000610351562,33651445,-2.7451553116448313,216.1398910522461,214.82639404296876
2026-06-01 09:30:00,219.11500549316406,219.11500549316406,220.77999877929688,215.7050018310547,215.77999877929688,37490716,3.772205459112876,216.24914169311523,214.94069427490234
2026-06-01 09:45:00,219.14999389648438,219.14999389648438,220.8300018310547,218.85000610351562,219.05999755859375,11305617,0.015968054420345545,216.43714141845703,215.0746682739258
2026-06-01 10:00:00,220.625,220.625,220.9199981689453,218.5399932861328,219.1199951171875,9784552,0.6730577890010636,216.71589126586915,215.24656829833984
2026-06-01 10:15:00,221.3699951171875,221.3699951171875,222.1699981689453,220.52000427246094,220.61000061035156,11401619,0.3376748406515473,217.03339080810548,215.42856811523438
2026-06-01 10:30:00,220.4499969482422,220.4499969482422,222.08999633789062,220.24000549316406,221.33999633789062,7164627,-0.4155929842516781,217.22342529296876,215.59136810302735
2026-06-01 10:45:00,219.61900329589844,219.61900329589844,220.91000366210938,219.3000030517578,220.4499969482422,6267854,-0.3769533517112511,217.40488052368164,215.7303482055664
2026-06-01 11:00:00,219.08999633789062,219.08999633789062,219.85000610351562,218.99000549316406,219.61000061035156,5664555,-0.24087485603195846,217.50538024902343,215.8531460571289
2026-06-01 11:15:00,219.39999389648438,219.39999389648438,220.27999877929688,219.0,219.08999633789062,5281954,0.14149325107279953,217.64588012695313,215.99594604492188
2026-06-01 11:30:00,220.09230041503906,220.09230041503906,220.64999389648438,219.3300018310547,219.38999938964844,5063166,0.31554536819236034,217.81099548339844,216.14439208984376
2026-06-01 11:45:00,219.6649932861328,219.6649932861328,220.32000732421875,219.5500030517578,220.10499572753906,2922321,-0.19414905841796948,217.98024520874023,216.27779205322267
2026-06-01 12:00:00,220.41990661621094,220.41990661621094,220.55999755859375,219.61000061035156,219.63999938964844,3292411,0.34366574244935055,218.19474029541016,216.41379028320313
2026-06-01 12:15:00,221.9499969482422,221.9499969482422,222.3699951171875,220.01040649414062,220.39999389648438,5855743,0.6941706652182633,218.51706008911134,216.58019012451172
2026-06-01 12:30:00,221.4550018310547,221.4550018310547,222.39999389648438,220.97000122070312,221.94000244140625,5496323,-0.2230210065300997,218.8105598449707,216.73809020996094
2026-06-01 12:45:00,222.10000610351562,222.10000610351562,222.33999633789062,221.1699981689453,221.47000122070312,3706440,0.2912574866803075,219.06706008911132,216.91549041748047
2026-06-01 13:00:00,221.7100067138672,221.7100067138672,222.25,221.47999572753906,222.09500122070312,3026500,-0.17559629848307168,219.28805541992188,217.07909057617186
2026-06-01 13:15:00,221.9600067138672,221.9600067138672,221.99000549316406,221.36000061035156,221.70199584960938,3269705,0.11275990818160331,219.55106048583986,217.21589080810546
2026-06-01 13:30:00,223.10000610351562,223.10000610351562,223.39999389648438,221.52999877929688,221.9600067138672,5375817,0.5136057646268011,219.82606048583983,217.39069091796875
2026-06-01 13:45:00,223.52920532226562,223.52920532226562,224.02999877929688,222.86000061035156,223.11000061035156,5138022,0.19237974316812512,220.15302047729492,217.5736749267578
2026-06-01 14:00:00,223.22000122070312,223.22000122070312,224.46200561523438,223.0800018310547,223.50999450683594,5739289,-0.13832827845323692,220.4585205078125,217.7432748413086
2026-06-01 14:15:00,224.61599731445312,224.61599731445312,224.66000366210938,223.13999938964844,223.1999969482422,4605290,0.6253902365898512,221.13182067871094,217.9479946899414
2026-06-01 14:30:00,224.55499267578125,224.55499267578125,224.8000030517578,224.02999877929688,224.61000061035156,4347746,-0.027159525323783296,221.4038200378418,218.15449462890626
2026-06-01 14:45:00,223.98500061035156,223.98500061035156,224.77999877929688,223.77000427246094,224.55799865722656,3693051,-0.25383183808905807,221.64557037353515,218.35219451904297
2026-06-01 15:00:00,224.70799255371094,224.70799255371094,224.8699951171875,223.98500061035156,223.99000549316406,4636792,0.32278587467431397,221.8497200012207,218.56175445556642
2026-06-01 15:15:00,224.0,224.0,224.71499633789062,223.6699981689453,224.7100067138672,4582096,-0.31507226141130884,221.98122024536133,218.75575439453124
2026-06-01 15:30:00,223.5800018310547,223.5800018310547,224.05999755859375,223.1699981689453,223.98069763183594,4222001,-0.1874991825648764,222.13772048950196,218.90443450927734
2026-06-01 15:45:00,224.4199981689453,224.4199981689453,224.43499755859375,222.39999389648438,223.5800018310547,10194591,0.37570280481764584,222.3777702331543,219.05083435058594
2026-06-02 09:30:00,226.55999755859375,226.55999755859375,227.50999450683594,225.0500030517578,227.19000244140625,26224303,0.9535689364177813,222.75127029418945,219.25623443603516
2026-06-02 09:45:00,231.4239959716797,231.4239959716797,232.27999877929688,226.44000244140625,226.57000732421875,19886196,2.1468919780633255,223.35247039794922,219.56631439208985
2026-06-02 10:00:00,229.75999450683594,229.75999450683594,231.94000244140625,229.07000732421875,231.4550018310547,10257956,-0.7190271941581172,223.83585510253906,219.87132415771484
2026-06-02 10:15:00,228.5299072265625,228.5299072265625,230.11000061035156,228.3300018310547,229.77000427246094,7541395,-0.5353792260109236,224.27910079956055,220.13912231445312
2026-06-02 10:30:00,227.04989624023438,227.04989624023438,228.9499969482422,226.85000610351562,228.50999450683594,7438426,-0.6476224509472384,224.61060028076173,220.3415203857422
2026-06-02 10:45:00,226.1199951171875,226.1199951171875,227.35440063476562,225.35009765625,227.02540588378906,7865686,-0.40955804800851814,224.819100189209,220.55612030029297
2026-06-02 11:00:00,226.73500061035156,226.73500061035156,227.13999938964844,225.97000122070312,226.1300048828125,5895517,0.2719819151089764,225.08310012817384,220.78982025146485
2026-06-02 11:15:00,225.93899536132812,225.93899536132812,226.92990112304688,225.66000366210938,226.74000549316406,4756652,-0.3510729472206098,225.27504959106446,221.0082000732422
2026-06-02 11:30:00,225.50999450683594,225.50999450683594,226.86500549316406,225.35000610351562,225.9499053955078,4549316,-0.18987464019042388,225.46504898071288,221.18541381835936
2026-06-02 11:45:00,225.4600067138672,225.4600067138672,226.0,224.72000122070312,225.50999450683594,4991269,-0.02216655322885286,225.6400489807129,221.3748159790039
2026-06-02 12:00:00,225.65989685058594,225.65989685058594,225.94000244140625,225.16000366210938,225.4799041748047,4058578,0.0886588001269839,225.7680435180664,221.54641387939452
2026-06-02 12:15:00,224.85000610351562,224.85000610351562,225.66000366210938,224.14999389648438,225.65499877929688,5177265,-0.3588988377525304,225.8340835571289,221.71161407470703
2026-06-02 12:30:00,225.11500549316406,225.11500549316406,225.56900024414062,224.67999267578125,224.8300018310547,4873242,0.11785607402938769,225.92883377075196,221.87811431884765
2026-06-02 12:45:00,225.26499938964844,225.26499938964844,225.3699951171875,224.52000427246094,225.11500549316406,2840713,0.06662989708561273,225.9612838745117,222.0578143310547
2026-06-02 13:00:00,225.42999267578125,225.42999267578125,225.6300048828125,224.91000366210938,225.26499938964844,2820799,0.07324408433615481,226.00503387451172,222.24381408691406
2026-06-02 13:15:00,224.16009521484375,224.16009521484375,225.5,223.86000061035156,225.4600067138672,4134146,-0.5633223183234115,226.01378860473633,222.41694396972656
2026-06-02 13:30:00,223.0,223.0,224.2100067138672,222.8800048828125,224.1616973876953,4876165,-0.5175297653812416,225.9283889770508,222.56524383544922
2026-06-02 13:45:00,223.17999267578125,223.17999267578125,223.1999969482422,222.5854949951172,223.00999450683594,4030277,0.0807142043862008,225.88738861083985,222.6894436645508
2026-06-02 14:00:00,223.27499389648438,223.27499389648438,223.639892578125,223.0500946044922,223.1699981689453,2996026,0.04256708657623953,225.87213821411132,222.80914154052735
2026-06-02 14:15:00,222.97999572753906,222.97999572753906,223.26719665527344,222.55999755859375,223.26010131835938,3186534,-0.13212324577739354,225.800138092041,222.93474334716797
2026-06-02 14:30:00,222.41000366210938,222.41000366210938,223.19000244140625,221.89999389648438,222.97000122070312,4142452,-0.2556247539470591,225.5926383972168,223.03094329833985
2026-06-02 14:45:00,222.63999938964844,222.63999938964844,222.67999267578125,222.26010131835938,222.36000061035156,2512934,0.10341069365229494,225.15343856811523,223.14394317626954
2026-06-02 15:00:00,222.96499633789062,222.96499633789062,223.2899932861328,222.61000061035156,222.63999938964844,4025317,0.14597419562214498,224.81368865966797,223.26104309082032
2026-06-02 15:15:00,222.6300048828125,222.6300048828125,223.46600341796875,222.58999633789062,222.95010375976562,2987250,-0.1502439668020661,224.51869354248046,223.4906433105469
2026-06-02 15:30:00,221.91000366210938,221.91000366210938,222.77999877929688,221.91000366210938,222.6199951171875,3631685,-0.32340709019977876,224.2616989135742,223.54654327392578
2026-06-02 15:45:00,222.82000732421875,222.82000732421875,222.9499969482422,221.35000610351562,221.91000366210938,9157808,0.4100778005010408,224.0966995239258,223.61994354248046
2026-06-03 09:30:00,218.08999633789062,218.08999633789062,222.82000732421875,218.02000427246094,221.68499755859375,19431538,-2.1227945565254536,223.66444931030273,223.56924346923827
2026-06-03 09:45:00,217.22999572753906,217.22999572753906,218.1199951171875,216.04559326171875,218.0800018310547,12805062,-0.39433290145924893,223.22899932861327,223.48644348144532
2026-06-03 10:00:00,216.30999755859375,216.30999755859375,217.6199951171875,215.88999938964844,217.1999969482422,8847189,-0.4235134129907281,222.76899948120118,223.40364349365234
2026-06-03 10:15:00,216.1699981689453,216.1699981689453,216.7899932861328,215.38999938964844,216.30999755859375,10506628,-0.06472164542949965,222.30449905395508,223.33466339111328
2026-06-03 10:30:00,215.39010620117188,215.39010620117188,216.2899932861328,214.5800018310547,216.1699981689453,8229792,-0.36077715426722223,221.79100952148437,223.2606655883789
2026-06-03 10:45:00,215.75,215.75,215.82989501953125,215.11000061035156,215.38999938964844,4524194,0.16708928983579785,221.33600921630858,223.1876657104492
2026-06-03 11:00:00,216.41000366210938,216.41000366210938,216.77499389648438,215.7100067138672,215.74000549316406,4839446,0.3059113149985526,220.90075912475587,223.11401977539063
2026-06-03 11:15:00,216.27999877929688,216.27999877929688,216.69949340820312,215.75999450683594,216.41000366210938,3954116,-0.06007341648377462,220.45150909423828,223.0463198852539
2026-06-03 11:30:00,216.88999938964844,216.88999938964844,216.92990112304688,216.0,216.27000427246094,4050098,0.28204208146589416,220.02450942993164,222.97572174072266
2026-06-03 11:45:00,216.92010498046875,216.92010498046875,217.5500030517578,216.80999755859375,216.86000061035156,4772438,0.01388058043478857,219.6625099182129,222.87512390136717
2026-06-03 12:00:00,216.3350067138672,216.3350067138672,217.1999969482422,216.0399932861328,216.9499969482422,2715986,-0.26972984668905964,219.32926025390626,222.77272399902344
2026-06-03 12:15:00,215.63999938964844,215.63999938964844,216.60000610351562,215.47000122070312,216.3300018310547,3251793,-0.32126438285505765,218.9522605895996,222.6435238647461
2026-06-03 12:30:00,215.02999877929688,215.02999877929688,215.86000061035156,214.82000732421875,215.6300048828125,3521231,-0.2828791560369637,218.54001083374024,222.50992370605468
2026-06-03 12:45:00,216.05999755859375,216.05999755859375,216.10000610351562,215.2093048095703,215.2200927734375,2830578,0.4790023648533204,218.19401092529296,222.3919235229492
2026-06-03 13:00:00,215.389892578125,215.389892578125,216.0991973876953,215.35000610351562,216.0800018310547,3096150,-0.31014763863774775,217.84300537109374,222.23772125244142
2026-06-03 13:15:00,215.76499938964844,215.76499938964844,215.94000244140625,215.14999389648438,215.3800048828125,2384819,0.1741524669675032,217.49925537109374,222.08243713378906
2026-06-03 13:30:00,215.82000732421875,215.82000732421875,215.93800354003906,215.55999755859375,215.77499389648438,1960389,0.02549437338119631,217.14200592041016,221.93443725585936
2026-06-03 13:45:00,215.66000366210938,215.66000366210938,215.83999633789062,215.47000122070312,215.8300018310547,1922342,-0.0741375482714246,216.793505859375,221.7553173828125
2026-06-03 14:00:00,215.44000244140625,215.44000244140625,215.6999969482422,215.22999572753906,215.66900634765625,1994682,-0.10201299126740837,216.47000579833986,221.573017578125
2026-06-03 14:15:00,215.9949951171875,215.9949951171875,216.0800018310547,215.24009704589844,215.44500732421875,2582929,0.25760892568322813,216.12875518798828,221.4132174682617
2026-06-03 14:30:00,215.77999877929688,215.77999877929688,216.02999877929688,215.6199951171875,215.9949951171875,2044996,-0.09953764797836495,216.01325531005858,221.23465759277343
2026-06-03 14:45:00,216.10000610351562,216.10000610351562,216.1699981689453,215.6300048828125,215.77999877929688,2565970,0.14830258876128433,215.9567558288574,221.07665771484375
2026-06-03 15:00:00,215.72999572753906,215.72999572753906,216.25,215.5500030517578,216.08999633789062,2351703,-0.17122182578713785,215.9277557373047,220.91965759277343
2026-06-03 15:15:00,215.2899932861328,215.2899932861328,216.69859313964844,215.00999450683594,215.72500610351562,3547025,-0.20395978775337165,215.88375549316407,220.7370574951172
2026-06-03 15:30:00,215.7227020263672,215.7227020263672,215.94000244140625,215.0800018310547,215.27999877929688,3229138,0.2009887843041902,215.90038528442383,220.52031158447267
2026-06-03 15:45:00,214.8350067138672,214.8350067138672,215.8092041015625,214.52000427246094,215.72000122070312,14261131,-0.4114983282526796,215.8546356201172,220.1885317993164
2026-06-04 09:30:00,212.9499969482422,212.9499969482422,215.72999572753906,212.72000122070312,213.90499877929688,19064178,-0.8774220712249203,215.68163528442383,219.85233184814453
2026-06-04 09:45:00,212.3350067138672,212.3350067138672,213.82000732421875,212.1199951171875,212.94500732421875,8723758,-0.2887956060992458,215.48438568115233,219.52843383789062
2026-06-04 10:00:00,212.6999969482422,212.6999969482422,212.80999755859375,210.97000122070312,212.27999877929688,9603925,0.17189357516862458,215.27488555908204,219.24143585205078
2026-06-04 10:15:00,213.48989868164062,213.48989868164062,213.6199951171875,212.6300048828125,212.68499755859375,5533874,0.3713689443966661,215.10337524414064,218.98883392333985
2026-06-04 10:30:00,214.27000427246094,214.27000427246094,214.6199951171875,213.22000122070312,213.4600067138672,5070474,0.36540632397021877,215.0001251220703,218.73953399658203
2026-06-04 10:45:00,215.41000366210938,215.41000366210938,215.42999267578125,214.27000427246094,214.27000427246094,4746626,0.5320387207342625,214.98862533569337,218.52895416259764
2026-06-04 11:00:00,215.86000061035156,215.86000061035156,215.92880249023438,215.19000244140625,215.39999389648438,4799032,0.2089025303337655,215.0301254272461,218.33595428466796
2026-06-04 11:15:00,215.97669982910156,215.97669982910156,216.2100067138672,215.4199981689453,215.86990356445312,4483789,0.0540624564162151,215.02596054077148,218.14628814697267
2026-06-04 11:30:00,216.6699981689453,216.6699981689453,216.8000030517578,215.67999267578125,215.98500061035156,4186546,0.32100608093017513,215.0899658203125,217.96649017333985
2026-06-04 11:45:00,217.6298065185547,217.6298065185547,217.85000610351562,216.10000610351562,216.66000366210938,7141901,0.44298165769169895,215.1832061767578,217.82208618164063
2026-06-04 12:00:00,217.77000427246094,217.77000427246094,217.85000610351562,217.22999572753906,217.6199951171875,4794412,0.06442029065274468,215.28070602416992,217.67518615722656
2026-06-04 12:15:00,217.63980102539062,217.63980102539062,218.2899932861328,217.5399932861328,217.77499389648438,6595304,-0.059789339447968715,215.37969589233398,217.5226821899414
2026-06-04 12:30:00,218.4001007080078,218.4001007080078,218.44000244140625,217.3000030517578,217.63499450683594,5279074,0.34933853046874574,215.52770080566407,217.38208435058593
2026-06-04 12:45:00,218.25,218.25,218.94000244140625,218.07000732421875,218.41000366210938,4205183,-0.06872739871511824,215.64045104980468,217.26388244628907
2026-06-04 13:00:00,219.13499450683594,219.13499450683594,219.13999938964844,217.97000122070312,218.2519989013672,3814393,0.405495764873276,215.80820083618164,217.18658233642577
2026-06-04 13:15:00,218.85009765625,218.85009765625,219.4698944091797,218.54989624023438,219.1300048828125,4240626,-0.13000974637897844,215.94570541381836,217.09998443603516
2026-06-04 13:30:00,219.32989501953125,219.32989501953125,219.74000549316406,218.72000122070312,218.86000061035156,3501394,0.21923561763033117,216.12570037841797,217.0210824584961
2026-06-04 13:45:00,219.75999450683594,219.75999450683594,219.77000427246094,219.13999938964844,219.32000732421875,2583730,0.1960970652296945,216.3492004394531,216.95668243408204
2026-06-04 14:00:00,220.30499267578125,220.30499267578125,220.64999389648438,219.6999969482422,219.76499938964844,5220637,0.247996988791499,216.57831497192382,216.91458221435548
2026-06-04 14:15:00,220.73989868164062,220.73989868164062,220.92999267578125,219.92999267578125,220.3000030517578,3526634,0.1974108714364986,216.8735595703125,216.87658020019532
2026-06-04 14:30:00,220.6699981689453,220.6699981689453,220.86500549316406,219.96009826660156,220.73500061035156,4996184,-0.03166646044181487,217.25955963134766,216.83068023681642
2026-06-04 14:45:00,220.47999572753906,220.47999572753906,220.85000610351562,220.16000366210938,220.69000244140625,2505542,-0.08610252548276742,217.66680908203125,216.78768005371094
2026-06-04 15:00:00,220.8623046875,220.8623046875,221.60000610351562,220.48500061035156,220.48500061035156,4158668,0.17339847939463748,218.07492446899414,216.76672607421875
2026-06-04 15:15:00,220.22000122070312,220.22000122070312,220.86500549316406,219.9600067138672,220.86500549316406,3708807,-0.2908162475736553,218.41142959594725,216.71472595214843
2026-06-04 15:30:00,219.94500732421875,219.94500732421875,220.4199981689453,219.7100067138672,220.22999572753906,3494650,-0.12487235262921281,218.69517974853517,216.751826171875
2026-06-04 15:45:00,218.71499633789062,218.71499633789062,219.9600067138672,214.75,219.9499053955078,9099452,-0.5592356931816922,218.8604293823242,216.78152618408203
2026-06-05 09:30:00,213.3300018310547,213.3300018310547,214.8699951171875,212.86000061035156,214.42999267578125,18920362,-2.4621057526922896,218.7339294433594,216.72192626953125
2026-06-05 09:45:00,211.9774932861328,211.9774932861328,213.77000427246094,211.95010375976562,213.32000732421875,8201416,-0.6339982812136213,218.53396911621093,216.638076171875
2026-06-05 10:00:00,212.3800048828125,212.3800048828125,212.5399932861328,211.5424041748047,211.99000549316406,8763228,0.18988411950713324,218.3194694519043,216.57787414550782
2026-06-05 10:15:00,211.2550048828125,211.2550048828125,212.97999572753906,210.99000549316406,212.3800048828125,6866914,-0.5297108833860142,218.0007293701172,216.48797424316408
2026-06-05 10:30:00,211.0814971923828,211.0814971923828,212.13999938964844,210.8800048828125,211.24090576171875,5905358,-0.0821318721068609,217.6663040161133,216.38140411376952
2026-06-05 10:45:00,210.7899932861328,210.7899932861328,211.5500030517578,210.4499969482422,211.10000610351562,5573651,-0.13810016989993512,217.32381362915038,216.27160400390625
2026-06-05 11:00:00,209.38499450683594,209.38499450683594,210.92990112304688,209.35499572753906,210.7949981689453,6997646,-0.6665396005728241,216.8730583190918,216.12150390625
2026-06-05 11:15:00,208.7100067138672,208.7100067138672,209.6746063232422,208.49000549316406,209.3800048828125,7441452,-0.3223668413099734,216.39605865478515,215.95730194091797
2026-06-05 11:30:00,208.1649932861328,208.1649932861328,208.83999633789062,207.5301055908203,208.6999969482422,8121429,-0.2611343060716642,215.84755859375,215.7939016723633
2026-06-05 11:45:00,209.3300018310547,209.3300018310547,209.3800048828125,208.04010009765625,208.1750030517578,5303009,0.5596563219063988,215.37155380249024,215.6677017211914
2026-06-05 12:00:00,208.80999755859375,208.80999755859375,209.33999633789062,208.22000122070312,209.33999633789062,4290977,-0.24841363775490732,214.84555892944337,215.54330169677735
2026-06-05 12:15:00,208.72999572753906,208.72999572753906,209.1999969482422,208.22999572753906,208.8000030517578,5269748,-0.038313218710828156,214.2940589904785,215.39670166015625
2026-06-05 12:30:00,207.39999389648438,207.39999389648438,208.8000030517578,207.1300048828125,208.74949645996094,6344556,-0.6371876866182569,213.64880905151367,215.23690368652345
2026-06-05 12:45:00,208.13999938964844,208.13999938964844,208.3249969482422,206.63999938964844,207.3800048828125,7315797,0.3568011161723561,213.01881408691406,215.08440368652344
2026-06-05 13:00:00,207.22000122070312,207.22000122070312,208.14999389648438,206.8300018310547,208.14990234375,4427613,-0.4420093070256148,212.34631423950196,214.91240356445311
2026-06-05 13:15:00,207.7449951171875,207.7449951171875,207.92990112304688,206.80999755859375,207.22999572753906,4411894,0.2533509764461428,211.70956420898438,214.7541033935547
2026-06-05 13:30:00,207.9709930419922,207.9709930419922,208.97000122070312,207.51010131835938,207.69500732421875,4304075,0.10878621873764427,211.06499862670898,214.60472320556642
2026-06-05 13:45:00,207.97000122070312,207.97000122070312,208.24000549316406,207.6199951171875,207.96499633789062,3280014,-0.0004769036655360992,210.45249862670897,214.4442233276367
2026-06-05 14:00:00,206.66009521484375,206.66009521484375,208.07000732421875,206.36000061035156,207.97999572753906,5255673,-0.6298533433527598,209.78825302124022,214.26182525634766
2026-06-05 14:15:00,206.01499938964844,206.01499938964844,206.76499938964844,205.7899932861328,206.6699981689453,5498310,-0.31215306686308564,209.15325317382812,214.0601251220703
2026-06-05 14:30:00,205.44500732421875,205.44500732421875,206.13999938964844,204.83999633789062,206.00999450683594,6443226,-0.27667503197261745,208.75900344848634,213.8544253540039
2026-06-05 14:45:00,205.88999938964844,205.88999938964844,206.0399932861328,204.6999969482422,205.43499755859375,6446330,0.21659911390663478,208.45462875366212,213.6664254760742
2026-06-05 15:00:00,205.1649932861328,205.1649932861328,206.32000732421875,204.83059692382812,205.89999389648438,6505600,-0.3521327435353161,208.09387817382813,213.45527130126953
2026-06-05 15:15:00,206.3800048828125,206.3800048828125,206.38999938964844,204.33999633789062,205.14999389648438,7385195,0.5922119447469232,207.85012817382812,213.28617126464843
2026-06-05 15:30:00,206.08999633789062,206.08999633789062,206.75999450683594,205.58999633789062,206.389892578125,7270821,-0.14052162906311727,207.6005531311035,213.1489712524414
2026-06-05 15:45:00,205.10499572753906,205.10499572753906,206.75999450683594,205.0800018310547,206.0800018310547,14193474,-0.47794683286646045,207.31630325317383,213.00437103271486
2026-06-08 09:30:00,208.88999938964844,208.88999938964844,210.389892578125,208.1999969482422,210.17999267578125,25358003,1.8453980843730289,207.29155349731445,212.92817108154296
2026-06-08 09:45:00,206.2799072265625,206.2799072265625,209.24000549316406,206.1844940185547,208.89999389648438,8066649,-1.2495055630773688,207.17004852294923,212.7839712524414
2026-06-08 10:00:00,207.13999938964844,207.13999938964844,207.4709930419922,206.0,206.27000427246094,6302476,0.41695392180940427,207.118798828125,212.64137115478516
2026-06-08 10:15:00,207.8249969482422,207.8249969482422,207.99000549316406,206.5500030517578,207.13999938964844,4655055,0.3306930388201845,207.04354858398438,212.4896710205078
2026-06-08 10:30:00,208.0679931640625,208.0679931640625,208.6999969482422,207.47000122070312,207.8350067138672,4199321,0.11692347859426633,207.0064483642578,212.33383087158202
2026-06-08 10:45:00,208.52999877929688,208.52999877929688,208.78990173339844,208.0500030517578,208.0800018310547,3818545,0.22204549974684795,206.9964485168457,212.18489685058594
2026-06-08 11:00:00,208.58999633789062,208.58999633789062,208.89999389648438,208.32000732421875,208.52999877929688,3098854,0.028771667839144754,207.05594863891602,212.02329681396483
2026-06-08 11:15:00,207.6699981689453,207.6699981689453,208.8300018310547,207.52000427246094,208.58999633789062,3891247,-0.4410557481649424,207.03244857788087,211.82410064697265
2026-06-08 11:30:00,208.67999267578125,208.67999267578125,208.67999267578125,207.17999267578125,207.6699981689453,3576526,0.48634589287870345,207.10544815063477,211.64230041503907
2026-06-08 11:45:00,208.30999755859375,208.30999755859375,209.33999633789062,208.1699981689453,208.6750030517578,3435381,-0.1773026309054737,207.1336982727051,211.4557043457031
2026-06-08 12:00:00,208.9199981689453,208.9199981689453,209.14999389648438,208.1699981689453,208.31500244140625,3220943,0.29283309370689015,207.18114852905273,211.26610229492186
2026-06-08 12:15:00,208.5749969482422,208.5749969482422,209.7490997314453,208.5,208.91000366210938,4642927,-0.16513556563605425,207.21139831542968,211.07260223388673
2026-06-08 12:30:00,208.52000427246094,208.52000427246094,208.9600067138672,208.1999969482422,208.59500122070312,3070907,-0.026365900316849267,207.30439376831055,210.8603024291992
2026-06-08 12:45:00,208.5749969482422,208.5749969482422,208.85000610351562,208.42999267578125,208.52000427246094,2225879,0.026372853757195003,207.43239364624023,210.65480041503906
2026-06-08 13:00:00,208.36000061035156,208.36000061035156,208.6221923828125,207.85000610351562,208.5749969482422,2653326,-0.10307867243741775,207.57814331054686,210.43540252685546
2026-06-08 13:15:00,208.61000061035156,208.61000061035156,208.6300048828125,207.64999389648438,208.36500549316406,2882787,0.11998464161435685,207.71414337158203,210.21240264892577
2026-06-08 13:30:00,208.42999267578125,208.42999267578125,208.87989807128906,208.04769897460938,208.58999633789062,2090633,-0.086289216261759,207.87739334106445,209.9749026489258
2026-06-08 13:45:00,208.8000030517578,208.8000030517578,209.24000549316406,208.38999938964844,208.41000366210938,2081550,0.17752261621586385,207.9983932495117,209.73610473632812
2026-06-08 14:00:00,208.99000549316406,208.99000549316406,209.6199951171875,208.8000030517578,208.8000030517578,3042062,0.09099733650825836,208.14339370727538,209.5025048828125
2026-06-08 14:15:00,209.25,209.25,209.36000061035156,208.82000732421875,208.99000549316406,1648598,0.12440523470125253,208.35064392089845,209.2779049682617
2026-06-08 14:30:00,208.83999633789062,208.83999633789062,209.35000610351562,208.7200927734375,209.25999450683594,2134974,-0.19593962346923233,208.34814376831054,209.03745880126954
2026-06-08 14:45:00,208.8350067138672,208.8350067138672,209.22999572753906,208.79750061035156,208.85000610351562,1797774,-0.002389209016917526,208.47589874267578,208.8097589111328
2026-06-08 15:00:00,207.85000610351562,207.85000610351562,208.9499969482422,207.83999633789062,208.8300018310547,2451752,-0.4716645096294325,208.51139907836915,208.56785888671874
2026-06-08 15:15:00,207.81500244140625,207.81500244140625,208.0699005126953,207.3699951171875,207.85499572753906,2926479,-0.016840828040165512,208.51089935302736,208.34985900878905
2026-06-08 15:30:00,207.74000549316406,207.74000549316406,208.4199981689453,207.6699981689453,207.8350067138672,3074639,-0.03608832247966598,208.49449996948243,208.23805908203124
2026-06-08 15:45:00,208.61000061035156,208.61000061035156,208.75,207.68499755859375,207.74000549316406,6691708,0.4187903601533982,208.49850006103514,208.17070922851562
2026-06-09 09:30:00,210.1649932861328,210.1649932861328,211.38999938964844,208.83999633789062,210.61500549316406,14673468,0.7454065822499745,208.57724990844727,208.12640899658203
2026-06-09 09:45:00,209.16000366210938,209.16000366210938,210.9600067138672,209.0500946044922,210.1540069580078,6301125,-0.47819078158996,208.65175018310546,208.08450897216798
2026-06-09 10:00:00,206.9250030517578,206.9250030517578,209.19000244140625,206.8000030517578,209.0800018310547,6904773,-1.0685602272039185,208.5640007019043,208.00137908935548
2026-06-09 10:15:00,206.97500610351562,206.97500610351562,207.3596954345703,205.88999938964844,206.91000366210938,7225216,0.024164818663940935,208.49725112915038,207.92507934570312
2026-06-09 10:30:00,206.24000549316406,206.24000549316406,207.5800018310547,206.14999389648438,206.96009826660156,4832558,-0.3551156365150465,208.36325149536134,207.8621795654297
2026-06-09 10:45:00,206.3300018310547,206.3300018310547,206.5500030517578,204.85000610351562,206.2550048828125,6762863,0.043636702624905155,208.25100173950196,207.81457946777343
2026-06-09 11:00:00,206.27000427246094,206.27000427246094,206.77000427246094,205.40109252929688,206.3699951171875,3815466,-0.02907844620816391,208.13850173950195,207.7766796875
2026-06-09 11:15:00,203.39999389648438,203.39999389648438,206.36000061035156,203.30999755859375,206.25999450683594,5216536,-1.39138523126493,207.87975158691407,207.6580795288086
2026-06-09 11:30:00,204.7301025390625,204.7301025390625,204.92999267578125,203.22000122070312,203.4199981689453,6647858,0.653937405354621,207.6982566833496,207.57648162841798
2026-06-09 11:45:00,203.01040649414062,203.01040649414062,205.52999877929688,202.85009765625,204.75,5821778,-0.839982017101637,207.41827697753905,207.46208984375
2026-06-09 12:00:00,201.8249969482422,201.8249969482422,203.7100067138672,201.47000122070312,203.0500030517578,7812103,-0.5839156555418556,207.0880271911621,207.35058990478515
2026-06-09 12:15:00,201.47999572753906,201.47999572753906,201.92999267578125,200.0500030517578,201.80999755859375,8446757,-0.17094077835739796,206.72202682495117,207.21738983154296
2026-06-09 12:30:00,200.80999755859375,200.80999755859375,201.88999938964844,199.33999633789062,201.47000122070312,8852204,-0.3325383080965305,206.31302642822266,207.0891897583008
2026-06-09 12:45:00,201.9600067138672,201.9600067138672,201.99000549316406,200.19900512695312,200.80499267578125,5356188,0.5726852095289114,205.94852676391602,206.97348999023438
2026-06-09 13:00:00,203.3300018310547,203.3300018310547,203.52000427246094,201.6699981689453,202.0,5794559,0.678349708676973,205.67302703857422,206.88067016601562
2026-06-09 13:15:00,203.89999389648438,203.89999389648438,204.24989318847656,202.85000610351562,203.3350067138672,4496701,0.28032855963051606,205.42627639770507,206.79927001953126
2026-06-09 13:30:00,205.05999755859375,205.05999755859375,205.41000366210938,203.6699981689453,203.89999389648438,4082607,0.5689081396923923,205.286775970459,206.76726806640625
2026-06-09 13:45:00,205.05999755859375,205.05999755859375,205.4199981689453,204.1699981689453,205.0601043701172,3660575,0.0,205.14902572631837,206.74816802978515
2026-06-09 14:00:00,205.42999267578125,205.42999267578125,205.5955047607422,204.9145050048828,205.05499267578125,4187304,0.18043261562108448,205.0335250854492,206.7478677368164
2026-06-09 14:15:00,206.4573974609375,206.4573974609375,206.4600067138672,205.14999389648438,205.41000366210938,3450728,0.5001240431224296,204.9258949279785,206.7592156982422
2026-06-09 14:30:00,206.14349365234375,206.14349365234375,207.11000061035156,206.05999755859375,206.44000244140625,3631454,-0.15204289720505137,204.72481994628907,206.7787857055664
2026-06-09 14:45:00,207.08999633789062,207.08999633789062,207.3699951171875,206.13999938964844,206.1699981689453,5128906,0.45914749419311285,204.62131958007814,206.79298553466796
2026-06-09 15:00:00,205.75999450683594,205.75999450683594,207.4600067138672,205.72999572753906,207.08999633789062,3753420,-0.6422337411627788,204.56306915283204,206.78638549804688
2026-06-09 15:15:00,205.92999267578125,205.92999267578125,206.02000427246094,204.5399932861328,205.77999877929688,5548391,0.08261964107880715,204.5108184814453,206.80288543701172
2026-06-09 15:30:00,206.1999969482422,206.1999969482422,206.52999877929688,205.39999389648438,205.9199981689453,4683064,0.1311145933395208,204.50881805419922,206.7490853881836
2026-06-09 15:45:00,208.19000244140625,208.19000244140625,208.27999877929688,205.39500427246094,206.24000549316406,9731121,0.9650851225102342,204.6018180847168,206.78728729248047
2026-06-10 09:30:00,206.19000244140625,206.19000244140625,207.22000122070312,204.30499267578125,204.4250030517578,18904206,-0.9606609234575902,204.59781799316406,206.76828735351563
2026-06-10 09:45:00,204.9324951171875,204.9324951171875,206.69000244140625,204.8000030517578,206.1699981689453,7496193,-0.6098779326490833,204.67444305419923,206.71043731689454
2026-06-10 10:00:00,206.29989624023438,206.29989624023438,206.52999877929688,204.85000610351562,204.94000244140625,5904408,0.6672446564733203,204.7529327392578,206.67507537841797
2026-06-10 10:15:00,206.19500732421875,206.19500732421875,206.78500366210938,205.21229553222656,206.3000030517578,5504659,-0.05084293202624046,204.91216278076172,206.62837554931642
2026-06-10 10:30:00,205.74420166015625,205.74420166015625,206.82000732421875,205.44000244140625,206.1300048828125,4795692,-0.21863073694780022,205.1081230163574,206.5714596557617
2026-06-10 10:45:00,203.90499877929688,203.90499877929688,206.35000610351562,203.77999877929688,205.74000549316406,6249366,-0.8939269568808195,205.2293731689453,206.49615966796875
2026-06-10 11:00:00,202.35499572753906,202.35499572753906,204.52000427246094,202.33999633789062,203.9199981689453,6794656,-0.760159417884354,205.30662307739257,206.3696597290039
2026-06-10 11:15:00,202.72500610351562,202.72500610351562,203.5,201.61000061035156,202.36500549316406,6249510,0.18285210831896492,205.344873046875,206.25795989990235
2026-06-10 11:30:00,203.5399932861328,203.5399932861328,203.66000366210938,202.19000244140625,202.72500610351562,4433465,0.4020161095474428,205.3553726196289,206.1503598022461
2026-06-10 11:45:00,203.4550018310547,203.4550018310547,203.72000122070312,201.8699951171875,203.55999755859375,5453644,-0.04175663647519867,205.33312301635743,206.04795989990234
2026-06-10 12:00:00,202.66000366210938,202.66000366210938,203.86000061035156,202.5,203.47000122070312,3426269,-0.3907488937556103,205.2131233215332,205.9307598876953
2026-06-10 12:15:00,202.86500549316406,202.86500549316406,203.0500030517578,202.38499450683594,202.6699981689453,2944749,0.10115554492760026,205.1033737182617,205.81656005859375
2026-06-10 12:30:00,203.14500427246094,203.14500427246094,203.9499969482422,202.60000610351562,202.85000610351562,2831153,0.138022217590561,204.9891242980957,205.71226013183593
2026-06-10 12:45:00,202.85499572753906,202.85499572753906,203.1300048828125,202.3979949951172,203.11000061035156,2836323,-0.1427593781892389,204.8090042114258,205.5971600341797
2026-06-10 13:00:00,202.26499938964844,202.26499938964844,203.61500549316406,202.17999267578125,202.86000061035156,2927094,-0.29084634360352357,204.615079498291,205.47386016845704
2026-06-10 13:15:00,202.50999450683594,202.50999450683594,202.6199951171875,202.00999450683594,202.26499938964844,2763972,0.12112580917449378,204.38607940673828,205.3480599975586
2026-06-10 13:30:00,201.9499969482422,201.9499969482422,202.55990600585938,201.8800048828125,202.52000427246094,2801556,-0.27652835602385295,204.1955795288086,205.20725982666016
2026-06-10 13:45:00,203.15499877929688,203.15499877929688,203.4600067138672,201.86500549316406,201.94000244140625,3719970,0.5966832628195196,204.05682983398438,205.0853598022461
2026-06-10 14:00:00,202.7050018310547,202.7050018310547,203.4199981689453,202.6199951171875,203.1699981689453,2703786,-0.22150424599252094,203.882080078125,204.9626599121094
2026-06-10 14:15:00,202.25999450683594,202.25999450683594,202.97999572753906,202.1300048828125,202.7050018310547,2800091,-0.2195344565743107,203.5855796813965,204.83115966796876
2026-06-10 14:30:00,201.82940673828125,201.82940673828125,202.35499572753906,201.6300048828125,202.25999450683594,3281902,-0.2128882528670939,203.36754989624023,204.71074768066407
2026-06-10 14:45:00,201.16000366210938,201.16000366210938,201.82000732421875,200.89999389648438,201.82000732421875,4302363,-0.3316677618935393,203.17892532348634,204.57764770507814
2026-06-10 15:00:00,200.72999572753906,200.72999572753906,201.4499969482422,200.61000061035156,201.1699981689453,4113641,-0.21376413140884454,202.90043029785156,204.43744750976563
2026-06-10 15:15:00,200.20669555664062,200.20669555664062,200.75,199.9199981689453,200.75,6217271,-0.2606985413424412,202.60101470947265,204.2693814086914
2026-06-10 15:30:00,201.22000122070312,201.22000122070312,201.5399932861328,200.1300048828125,200.2100067138672,5962348,0.5061297581707702,202.3748046875,204.09048156738282
2026-06-10 15:45:00,200.33999633789062,200.33999633789062,201.8800048828125,200.30999755859375,201.22000122070312,9322102,-0.4373346970847569,202.1965545654297,203.91408142089844
2026-06-11 09:30:00,202.32989501953125,202.32989501953125,202.8800048828125,201.0800018310547,201.39500427246094,14490749,0.9932608156209,202.1952995300293,203.8221792602539
2026-06-11 09:45:00,202.77000427246094,202.77000427246094,203.56500244140625,202.00999450683594,202.30499267578125,7313106,0.2175206253565154,202.19754943847656,203.7380792236328
2026-06-11 10:00:00,202.09500122070312,202.09500122070312,203.64999389648438,201.9550018310547,202.75999450683594,5328246,-0.332890978712419,202.12529983520508,203.6551791381836
2026-06-11 10:15:00,202.34500122070312,202.34500122070312,202.9550018310547,201.22000122070312,202.0800018310547,5134554,0.1237041977733,202.0697998046875,203.57547912597656
2026-06-11 10:30:00,202.09500122070312,202.09500122070312,203.0,201.8699951171875,202.36000061035156,3487844,-0.12355135955511853,202.0415496826172,203.4919790649414
2026-06-11 10:45:00,200.22000122070312,200.22000122070312,202.24000549316406,199.86000061035156,202.1300048828125,4910275,-0.9277814832997056,201.90929946899413,203.42837921142578
2026-06-11 11:00:00,201.2382049560547,201.2382049560547,201.4320068359375,199.5399932861328,200.22000122070312,4744199,0.5085424678572315,201.81395950317383,203.35854125976562
2026-06-11 11:15:00,200.6999969482422,200.6999969482422,201.83859252929688,200.6300048828125,201.25999450683594,3352801,-0.26744822531588053,201.706209564209,203.31233306884766
2026-06-11 11:30:00,201.17999267578125,201.17999267578125,201.92750549316406,200.47999572753906,200.6699981689453,3369624,0.2391608046027338,201.65195922851564,203.29943298339845
2026-06-11 11:45:00,201.3249969482422,201.3249969482422,201.5800018310547,200.84500122070312,201.19000244140625,2306718,0.07207688524704103,201.59270935058595,203.2963330078125
2026-06-11 12:00:00,201.74000549316406,201.74000549316406,201.9499969482422,201.0399932861328,201.3249969482422,3296698,0.20613860733278422,201.58220977783202,203.31493316650392
2026-06-11 12:15:00,201.3300018310547,201.3300018310547,202.0449981689453,201.1999969482422,201.77999877929688,2179410,-0.20323369234926947,201.49095993041993,203.30233306884764
2026-06-11 12:30:00,201.3800048828125,201.3800048828125,202.0,201.13499450683594,201.31500244140625,2102447,0.024836363832037023,201.42471008300782,203.26333312988282
2026-06-11 12:45:00,200.30999755859375,200.30999755859375,201.5659942626953,200.2899932861328,201.3800048828125,2198570,-0.5313374209328314,201.32721023559571,203.191533203125
2026-06-11 13:00:00,200.0998992919922,200.0998992919922,200.72000122070312,199.94000244140625,200.30999755859375,3103123,-0.10488656041249822,201.24073486328126,203.09233123779296
2026-06-11 13:15:00,202.80999755859375,202.80999755859375,202.86000061035156,199.710693359375,200.08999633789062,4816194,1.3543726289671376,201.32323455810547,203.04733123779297
2026-06-11 13:30:00,204.0800018310547,204.0800018310547,204.17990112304688,201.72999572753906,202.8249969482422,7829487,0.6262039779838968,201.49073486328126,203.02033142089843
2026-06-11 13:45:00,202.97999572753906,202.97999572753906,204.47000122070312,202.52999877929688,204.10000610351562,4731728,-0.5390072979449712,201.62939987182617,202.95078338623046
2026-06-11 14:00:00,202.8094940185547,202.8094940185547,203.17999267578125,201.63999938964844,202.97000122070312,3919949,-0.08399926720524808,201.70887451171876,202.88410339355468
2026-06-11 14:15:00,202.75999450683594,202.75999450683594,203.27999877929688,202.55999755859375,202.80999755859375,2674486,-0.02440690065240725,201.82987442016602,202.7975033569336
2026-06-11 14:30:00,202.17999267578125,202.17999267578125,203.05999755859375,201.97900390625,202.78990173339844,2750930,-0.2860533866482884,201.8223793029785,202.7259033203125
2026-06-11 14:45:00,202.85499572753906,202.85499572753906,202.89999389648438,202.0850067138672,202.14999389648438,3288231,0.33386243753616984,201.8266288757324,202.66440338134765
2026-06-11 15:00:00,203.125,203.125,203.13259887695312,202.00999450683594,202.86000061035156,3888365,0.13310210650350207,201.87812881469728,202.60290344238283
2026-06-11 15:15:00,204.47000122070312,204.47000122070312,204.66000366210938,203.0800018310547,203.13999938964844,5878905,0.6621544471153928,201.98437881469727,202.52850341796875
2026-06-11 15:30:00,205.5500030517578,205.5500030517578,205.6300048828125,204.4499969482422,204.47999572753906,6347828,0.5281957375688373,202.15712890625,202.5157034301758
2026-06-11 15:45:00,204.6699981689453,204.6699981689453,205.66000366210938,204.14199829101562,205.5399932861328,11763515,-0.42812204804050236,202.3796287536621,202.51045349121094
2026-06-12 09:30:00,204.27999877929688,204.27999877929688,206.24000549316406,203.43850708007812,204.72999572753906,12555346,-0.19055034598989273,202.5317184448242,202.4700555419922
2026-06-12 09:45:00,203.97000122070312,203.97000122070312,204.72000122070312,203.57000732421875,204.2899932861328,5649314,-0.1517513023527428,202.69521865844726,202.42555541992186
2026-06-12 10:00:00,205.4351043701172,205.4351043701172,206.25,203.92999267578125,204.05999755859375,5687195,0.7182934454311063,202.90797424316406,202.4193734741211
2026-06-12 10:15:00,205.69000244140625,205.69000244140625,206.67999267578125,205.4199981689453,205.4499969482422,4479760,0.12407717369951055,203.12622451782227,202.45507354736327
2026-06-12 10:30:00,204.47000122070312,204.47000122070312,206.25999450683594,204.4600067138672,205.66000366210938,3449977,-0.5931261637524998,203.26272430419922,202.49737365722658
2026-06-12 10:45:00,205.6999969482422,205.6999969482422,206.0,203.9501953125,204.4506072998047,4707098,0.6015531472567615,203.4812240600586,202.5568734741211
2026-06-12 11:00:00,206.34500122070312,206.34500122070312,206.35000610351562,205.30499267578125,205.74000549316406,2965199,0.31356552359269596,203.72947387695314,202.6129736328125
2026-06-12 11:15:00,206.9550018310547,206.9550018310547,207.07000732421875,206.33009338378906,206.34500122070312,3947899,0.2956217047870746,204.06172409057618,202.6829736328125
2026-06-12 11:30:00,205.1699981689453,205.1699981689453,206.99969482421875,205.1300048828125,206.9600067138672,4449765,-0.8625081038469151,204.31522903442382,202.73317352294922
2026-06-12 11:45:00,204.16990661621094,204.16990661621094,205.67990112304688,203.91000366210938,205.17999267578125,3646830,-0.4874453193253192,204.3832244873047,202.75927154541014
2026-06-12 12:00:00,205.16000366210938,205.16000366210938,205.60989379882812,203.9499969482422,204.1699981689453,3364194,0.48493779632254874,204.4372245788574,202.79957153320314
2026-06-12 12:15:00,204.99899291992188,204.99899291992188,205.7899932861328,204.77999877929688,205.14999389648438,2569276,-0.07848057092681993,204.53817443847657,202.8424514770508
2026-06-12 12:30:00,204.5749969482422,204.5749969482422,205.1199951171875,204.3426971435547,204.97000122070312,2104051,-0.20682831932024026,204.62644958496094,202.88865142822266
2026-06-12 12:45:00,205.16000366210938,205.16000366210938,205.2050018310547,204.5,204.57000732421875,2448350,0.2859619809820524,204.7464500427246,202.94165161132813
2026-06-12 13:00:00,205.01499938964844,205.01499938964844,205.5800018310547,204.6558074951172,205.19500732421875,2427948,-0.07067862637580857,204.88820037841796,203.00295166015624
2026-06-12 13:15:00,205.02999877929688,205.02999877929688,205.2899932861328,204.81500244140625,205.02999877929688,1810060,0.007316240125398998,204.99695053100587,203.04045166015624
2026-06-12 13:30:00,205.0,205.0,205.22000122070312,204.69000244140625,205.0695037841797,1915814,-0.014631409781729054,205.09070053100587,203.08635162353517
2026-06-12 13:45:00,205.0749969482422,205.0749969482422,205.3000030517578,204.80999755859375,205.0,1835730,0.036583877191320724,205.1209503173828,203.1426516723633
2026-06-12 14:00:00,204.80999755859375,204.80999755859375,205.5500030517578,204.78500366210938,205.10000610351562,2266641,-0.12922072100057802,205.0839500427246,203.20226348876952
2026-06-12 14:15:00,204.9199981689453,204.9199981689453,205.0,204.19500732421875,204.80999755859375,2628687,0.05370861367257618,205.0964500427246,203.27746337890625
2026-06-12 14:30:00,205.1999969482422,205.1999969482422,205.27999877929688,204.9199981689453,204.92999267578125,2227957,0.13663809379211855,205.14244995117187,203.3668634033203
2026-06-12 14:45:00,204.67970275878906,204.67970275878906,205.3249969482422,204.58999633789062,205.1999969482422,2390799,-0.2535546769936614,205.17793502807618,203.45632354736327
2026-06-12 15:00:00,204.87010192871094,204.87010192871094,205.1199951171875,204.6300048828125,204.6750030517578,1818411,0.09302298535496245,205.14968490600586,203.52932556152345
2026-06-12 15:15:00,204.75,204.75,205.0850067138672,204.70199584960938,204.84500122070312,3104040,-0.058623453388395586,205.10268478393556,203.61752563476563
2026-06-12 15:30:00,204.3699951171875,204.3699951171875,204.77000427246094,203.91000366210938,204.72000122070312,3612761,-0.18559457036019245,205.09768447875976,203.65832763671875
2026-06-12 15:45:00,205.1300048828125,205.1300048828125,205.27999877929688,204.14999389648438,204.33999633789062,6505951,0.3718793285624855,205.06918487548828,203.7055276489258
2026-06-15 09:30:00,208.92999267578125,208.92999267578125,210.99000549316406,208.69679260253906,208.85499572753906,19629365,1.852477795795715,205.19843444824218,203.84222747802735
2026-06-15 09:45:00,208.7635040283203,208.7635040283203,209.97000122070312,208.7100067138672,208.92999267578125,5487469,-0.07968633192808605,205.28885955810546,203.9705975341797
2026-06-15 10:00:00,209.33999633789062,209.33999633789062,209.38890075683594,208.33999633789062,208.8000030517578,5973116,0.27614611675232936,205.49735946655272,204.11549743652344
2026-06-15 10:15:00,209.39500427246094,209.39500427246094,209.60910034179688,208.58999633789062,209.3000030517578,4131386,0.026276839367822546,205.75861434936525,204.2989974975586
2026-06-15 10:30:00,209.5800018310547,209.5800018310547,210.10000610351562,209.22999572753906,209.39999389648438,4704464,0.08834860183819515,205.9796142578125,204.46583343505858
2026-06-15 10:45:00,210.36000061035156,210.36000061035156,210.44000244140625,209.5,209.57000732421875,4375724,0.372172331559395,206.24766464233397,204.65903350830078
2026-06-15 11:00:00,211.32000732421875,211.32000732421875,211.3800048828125,210.35000610351562,210.36000061035156,5590929,0.45636371509876206,206.5849151611328,204.86183380126954
2026-06-15 11:15:00,211.1649932861328,211.1649932861328,211.38999938964844,210.2501983642578,211.3300018310547,3629629,-0.07335511674865236,206.885164642334,205.05863372802733
2026-06-15 11:30:00,211.7519989013672,211.7519989013672,211.91000366210938,210.8300018310547,211.1649932861328,4491067,0.2779843411066629,207.2220146179199,205.2588735961914
2026-06-15 11:45:00,212.27499389648438,212.27499389648438,212.710693359375,211.75999450683594,211.75999450683594,4901381,0.24698467916743905,207.5842643737793,205.4777734375
2026-06-15 12:00:00,212.44000244140625,212.44000244140625,212.61000061035156,212.2259979248047,212.27999877929688,3396021,0.07773338813630293,207.9562644958496,205.69897338867187
2026-06-15 12:15:00,212.34500122070312,212.34500122070312,212.5500030517578,211.97000122070312,212.44000244140625,2489513,-0.04471908285226256,208.31976470947265,205.93967346191405
2026-06-15 12:30:00,212.24000549316406,212.24000549316406,212.5800018310547,212.02000427246094,212.35000610351562,2424843,-0.04944582021496613,208.69126510620117,206.1824755859375
2026-06-15 12:45:00,212.3300018310547,212.3300018310547,212.3800048828125,211.85299682617188,212.22999572753906,2195448,0.04240309817251653,209.06176528930663,206.3728756713867
2026-06-15 13:00:00,212.2100067138672,212.2100067138672,212.4499969482422,211.9199981689453,212.3300018310547,1888551,-0.05651350075481787,209.4122657775879,206.53547576904296
2026-06-15 13:15:00,212.52999877929688,212.52999877929688,212.6699981689453,212.0800018310547,212.2050018310547,2228752,0.15079028099798109,209.80478057861328,206.72647583007813
2026-06-15 13:30:00,212.13999938964844,212.13999938964844,212.64999389648438,212.10000610351562,212.52000427246094,1909297,-0.18350321925774127,210.16827545166015,206.9130859375
2026-06-15 13:45:00,211.8300018310547,211.8300018310547,212.38980102539062,211.8000030517578,212.14999389648438,2007521,-0.1461287637812947,210.52227554321288,207.09448608398438
2026-06-15 14:00:00,212.16000366210938,212.16000366210938,212.30999755859375,211.4199981689453,211.82000732421875,2980128,0.15578616258422606,210.911775970459,207.29408630371094
2026-06-15 14:15:00,211.94000244140625,211.94000244140625,212.25,211.88999938964844,212.1699981689453,1833014,-0.10369589786277666,211.25227584838868,207.4757864379883
2026-06-15 14:30:00,212.30999755859375,212.30999755859375,212.33999633789062,211.7899932861328,211.9600067138672,2334436,0.17457540479635103,211.4212760925293,207.65948638916015
2026-06-15 14:45:00,212.2899932861328,212.2899932861328,212.55999755859375,212.1699981689453,212.30999755859375,2352503,-0.009422199939224107,211.59760055541992,207.81588623046875
2026-06-15 15:00:00,211.99000549316406,211.99000549316406,212.35000610351562,211.831298828125,212.3000030517578,2512141,-0.1413103784710268,211.7301010131836,207.9446862792969
2026-06-15 15:15:00,211.66000366210938,211.66000366210938,212.1300048828125,211.6199951171875,211.99000549316406,3640537,-0.15566857988752458,211.843350982666,208.08448638916016
2026-06-15 15:30:00,211.65960693359375,211.65960693359375,211.86000061035156,211.2899932861328,211.64999389648438,3132097,-0.0001874366950538331,211.94733123779298,208.2320785522461
2026-06-15 15:45:00,212.4600067138672,212.4600067138672,212.60000610351562,211.5399932861328,211.64999389648438,8007550,0.3781542410803862,212.05233154296874,208.40187866210937
2026-06-16 09:30:00,209.47000122070312,209.47000122070312,211.4600067138672,208.86000061035156,211.11500549316406,12861013,-1.4073262725586178,211.95983123779297,208.4825765991211
2026-06-16 09:45:00,208.7050018310547,208.7050018310547,210.0800018310547,208.64999389648438,209.47000122070312,6388776,-0.3652071347640895,211.83683166503906,208.54287658691408
2026-06-16 10:00:00,209.5449981689453,209.5449981689453,210.35000610351562,208.71499633789062,208.71499633789062,5885629,0.4024802139483974,211.72648162841796,208.6443765258789
2026-06-16 10:15:00,209.07000732421875,209.07000732421875,209.6591033935547,208.5500030517578,209.55999755859375,4899473,-0.22667725256013682,211.56623229980468,208.71177673339844
2026-06-16 10:30:00,209.3699951171875,209.3699951171875,209.61000061035156,208.5301055908203,209.0749969482422,3873390,0.1434867663746342,211.41273193359376,208.77227661132812
2026-06-16 10:45:00,209.33030700683594,209.33030700683594,209.80999755859375,208.73989868164062,209.36000061035156,3147849,-0.01895596851370085,211.2619972229004,208.81978271484374
2026-06-16 11:00:00,209.69850158691406,209.69850158691406,210.32000732421875,209.13999938964844,209.35000610351562,3908459,0.17589167347187296,211.1349220275879,208.91035278320314
2026-06-16 11:15:00,209.14999389648438,209.14999389648438,209.80999755859375,208.6999969482422,209.7100067138672,3375660,-0.2615696756432695,210.97592163085938,209.0099545288086
2026-06-16 11:30:00,209.08949279785156,209.08949279785156,209.66000366210938,208.90499877929688,209.16000366210938,4451237,-0.02892713382662837,210.81989593505858,209.08854431152344
2026-06-16 11:45:00,209.1699981689453,209.1699981689453,209.55999755859375,208.5229949951172,209.07989501953125,3452447,0.03850282958579587,210.65189590454102,209.1719644165039
2026-06-16 12:00:00,209.35989379882812,209.35989379882812,209.72000122070312,209.14999389648438,209.1699981689453,3730211,0.09078530933936957,210.512890625,209.26766235351562
2026-06-16 12:15:00,209.28500366210938,209.28500366210938,209.55990600585938,209.16000366210938,209.3699951171875,1735599,-0.035771004350393376,210.38564071655273,209.35016235351563
2026-06-16 12:30:00,208.77000427246094,208.77000427246094,209.3000030517578,208.27999877929688,209.2899932861328,2951656,-0.24607562923136816,210.2161407470703,209.42526245117188
2026-06-16 12:45:00,209.1300048828125,209.1300048828125,209.1699981689453,208.57000732421875,208.77499389648438,2406307,0.17243885758690958,210.0756408691406,209.5072625732422
2026-06-16 13:00:00,209.19500732421875,209.19500732421875,209.30999755859375,208.75999450683594,209.13499450683594,1774026,0.031082312383956534,209.91989135742188,209.59116271972655
2026-06-16 13:15:00,209.10000610351562,209.10000610351562,209.32000732421875,208.7220001220703,209.19000244140625,1424147,-0.045412757177276664,209.76039199829103,209.67166290283203
2026-06-16 13:30:00,209.1699981689453,209.1699981689453,209.3300018310547,208.86000061035156,209.09500122070312,1710695,0.03347300974971823,209.61939163208007,209.75886291503906
2026-06-16 13:45:00,209.4250030517578,209.4250030517578,209.6999969482422,209.1300048828125,209.16000366210938,1678950,0.1219127432446232,209.5076416015625,209.84896301269532
2026-06-16 14:00:00,209.4949951171875,209.4949951171875,209.82000732421875,209.3699951171875,209.4199981689453,1609260,0.033421064538496914,209.3994110107422,209.9348629760742
2026-06-16 14:15:00,209.45010375976562,209.45010375976562,209.57000732421875,209.19000244140625,209.49000549316406,1301909,-0.021428367487619226,209.2489158630371,210.03027099609375
2026-06-16 14:30:00,208.91969299316406,208.91969299316406,209.4949951171875,208.80999755859375,209.45010375976562,1866640,-0.25323967717386653,209.22140045166014,210.11126281738282
2026-06-16 14:45:00,208.99000549316406,208.99000549316406,209.0850067138672,208.75999450683594,208.89999389648438,1946889,0.033655276337363205,209.23565063476562,210.1960629272461
2026-06-16 15:00:00,208.61000061035156,208.61000061035156,209.39999389648438,208.5,208.9949951171875,2495646,-0.18182921327543067,209.18890075683595,210.28086303710938
2026-06-16 15:15:00,208.9300994873047,208.9300994873047,208.97999572753906,208.07000732421875,208.61000061035156,3174576,0.15344368727125968,209.18190536499023,210.35686492919922
2026-06-16 15:30:00,208.7100067138672,208.7100067138672,209.10000610351562,208.1999969482422,208.92999267578125,2582221,-0.1053427792250039,209.1489059448242,210.35246520996094
2026-06-16 15:45:00,207.2899932861328,207.2899932861328,208.89999389648438,207.2899932861328,208.6999969482422,9541381,-0.6803763030304277,209.04689025878906,210.3229949951172
2026-06-17 09:30:00,208.64999389648438,208.64999389648438,208.85000610351562,207.5500030517578,208.52999877929688,8975111,0.6560859927638996,208.99446487426758,210.30919494628907
2026-06-17 09:45:00,207.19000244140625,207.19000244140625,209.2100067138672,207.1300048828125,208.65499877929688,5296884,-0.6997323258022492,208.89646530151367,210.26509490966797
2026-06-17 10:00:00,207.44500732421875,207.44500732421875,207.60000610351562,206.74000549316406,207.19500732421875,4397552,0.12307779323696977,208.81424102783203,210.22239501953126
2026-06-17 10:15:00,207.89439392089844,207.89439392089844,208.22000122070312,207.27000427246094,207.44500732421875,3390766,0.2166292659805169,208.75046081542968,210.1730828857422
2026-06-17 10:30:00,207.40499877929688,207.40499877929688,207.92999267578125,206.72999572753906,207.89999389648438,3590472,-0.2354056462858578,208.65271606445313,210.09478271484375
2026-06-17 10:45:00,206.46499633789062,206.46499633789062,207.89999389648438,206.36000061035156,207.4149932861328,3994224,-0.45322072608603436,208.5117156982422,210.00078277587892
2026-06-17 11:00:00,206.8699951171875,206.8699951171875,206.97999572753906,205.9199981689453,206.46499633789062,4903245,0.19615856754433558,208.4167152404785,209.9031427001953
2026-06-17 11:15:00,206.4499969482422,206.4499969482422,207.03990173339844,206.1300048828125,206.8800048828125,3561029,-0.20302517467909453,208.28271484375,209.78664276123047
2026-06-17 11:30:00,206.4600067138672,206.4600067138672,206.7299041748047,206.1999969482422,206.44000244140625,2502087,0.0048485181753266104,208.1459648132324,209.6670428466797
2026-06-17 11:45:00,206.41000366210938,206.41000366210938,206.65029907226562,206.0399932861328,206.47000122070312,2738992,-0.024219243500811505,208.0114646911621,209.5483428955078
2026-06-17 12:00:00,207.1699981689453,207.1699981689453,207.17999267578125,206.41000366210938,206.41000366210938,2074687,0.36819654733404317,207.9114646911621,209.44694274902344
2026-06-17 12:15:00,207.42999267578125,207.42999267578125,207.65989685058594,207.0399932861328,207.17999267578125,2883732,0.1254981460317106,207.81171417236328,209.34894256591798
2026-06-17 12:30:00,207.2949981689453,207.2949981689453,207.63999938964844,207.16000366210938,207.4250030517578,1302396,-0.06507955050016889,207.70171432495118,209.25064239501953
2026-06-17 12:45:00,207.1300048828125,207.1300048828125,207.42999267578125,207.07000732421875,207.30999755859375,1356148,-0.07959347190729105,207.58570938110353,209.14264251708985
2026-06-17 13:00:00,206.9199981689453,206.9199981689453,207.2698974609375,206.60000610351562,207.13999938964844,2142513,-0.10138884223268585,207.48572463989257,209.03824249267578
2026-06-17 13:15:00,207.36399841308594,207.36399841308594,207.5500030517578,206.72000122070312,206.9250030517578,1513569,0.21457580130950227,207.40442428588867,208.9489224243164
2026-06-17 13:30:00,207.3300018310547,207.3300018310547,207.55499267578125,207.0800018310547,207.3800048828125,1642393,-0.01639464048311945,207.34042434692384,208.85232238769532
2026-06-17 13:45:00,207.77999877929688,207.77999877929688,207.91000366210938,207.30999755859375,207.33999633789062,1583486,0.21704381626779234,207.28291931152344,208.7691223144531
2026-06-17 14:00:00,206.1649932861328,206.1649932861328,207.82000732421875,205.3000030517578,207.76499938964844,8525071,-0.7772670625912914,207.15566864013672,208.6462222290039
2026-06-17 14:15:00,205.96499633789062,205.96499633789062,206.67999267578125,205.3800048828125,206.19000244140625,3378704,-0.09700819962418228,207.08941879272462,208.51972229003906
2026-06-17 14:30:00,207.61000061035156,207.61000061035156,207.67999267578125,205.49000549316406,205.9600067138672,4238883,0.7986814758379035,207.03741912841798,208.43212219238282
2026-06-17 14:45:00,205.9550018310547,205.9550018310547,207.61000061035156,205.59500122070312,207.60499572753906,3608367,-0.7971671761626831,206.97566909790038,208.31802215576172
2026-06-17 15:00:00,206.39999389648438,206.39999389648438,206.44000244140625,205.3800048828125,205.97000122070312,3384718,0.21606276199823693,206.92341842651368,208.21282989501952
2026-06-17 15:15:00,204.72000122070312,204.72000122070312,206.47999572753906,204.44000244140625,206.40499877929688,4701403,-0.8139499638860515,206.76469879150392,208.05802978515624
2026-06-17 15:30:00,203.87010192871094,203.87010192871094,205.1699981689453,203.4499969482422,204.7100067138672,5348572,-0.41515205496502894,206.58795394897462,207.94603179931642
2026-06-17 15:45:00,204.67799377441406,204.67799377441406,204.88999938964844,203.47500610351562,203.8800048828125,8412863,0.3962777464964651,206.49860382080078,207.86549163818358
2026-06-18 09:30:00,207.13999938964844,207.13999938964844,207.99000549316406,206.5,207.27499389648438,32639166,1.2028677679672084,206.51210403442383,207.81739166259766
2026-06-18 09:45:00,207.80999755859375,207.80999755859375,208.3300018310547,207.0605010986328,207.125,7564705,0.3234518542625686,206.5801040649414,207.79219146728516
2026-06-18 10:00:00,208.44500732421875,208.44500732421875,208.75999450683594,207.5,207.85000610351562,4996496,0.30557228867007513,206.679354095459,207.77369171142578
2026-06-18 10:15:00,209.13009643554688,209.13009643554688,209.8699951171875,208.32000732421875,208.4199981689453,5888169,0.328666596587035,206.81535873413085,207.7696875
2026-06-18 10:30:00,208.97999572753906,208.97999572753906,209.47000122070312,208.60000610351562,209.1300048828125,4426503,-0.07177384344297932,206.90585861206054,207.7553173828125
2026-06-18 10:45:00,209.3249969482422,209.3249969482422,209.77999877929688,208.9149932861328,208.98500061035156,3823468,0.16508815568783142,207.0006088256836,207.75881744384765
2026-06-18 11:00:00,209.27000427246094,209.27000427246094,209.64920043945312,208.57000732421875,209.33999633789062,5000200,-0.02627143273998822,207.09935913085937,207.76242767333986
2026-06-18 11:15:00,208.88499450683594,208.88499450683594,209.66000366210938,208.72999572753906,209.28500366210938,2679664,-0.18397752079353236,207.18710861206054,207.75672760009766
2026-06-18 11:30:00,208.1898956298828,208.1898956298828,209.0800018310547,208.14999389648438,208.89999389648438,2803109,-0.332766304537202,207.25060348510743,207.73332763671874
2026-06-18 11:45:00,208.97000122070312,208.97000122070312,209.02499389648438,207.63999938964844,208.16000366210938,3661449,0.3747086708795866,207.33090362548828,207.72702758789063
2026-06-18 12:00:00,209.23500061035156,209.23500061035156,209.6199951171875,208.97000122070312,208.97999572753906,3156212,0.1268121683018819,207.42615356445313,207.73632751464845
2026-06-18 12:15:00,209.98500061035156,209.98500061035156,210.11000061035156,209.13999938964844,209.2100067138672,4865749,0.3584486332650849,207.53640365600586,207.7534274291992
2026-06-18 12:30:00,210.71499633789062,210.71499633789062,211.1999969482422,209.9600067138672,209.98500061035156,5502960,0.347641843663693,207.76390380859374,207.78382720947266
2026-06-18 12:45:00,210.0800018310547,210.0800018310547,210.82000732421875,209.9499969482422,210.71499633789062,3895024,-0.30135230898217236,207.96965408325195,207.80342712402344
2026-06-18 13:00:00,209.95989990234375,209.95989990234375,210.5,209.94000244140625,210.0850067138672,2598920,-0.05716961522473918,208.08714904785157,207.8192251586914
2026-06-18 13:15:00,210.05999755859375,210.05999755859375,210.50999450683594,209.8800048828125,209.9499969482422,2251642,0.047674654206142364,208.29239883422852,207.8319250488281
2026-06-18 13:30:00,210.13999938964844,210.13999938964844,210.5,210.0399932861328,210.06500244140625,1955414,0.0380852289748157,208.47939910888672,207.84482513427736
2026-06-18 13:45:00,209.91009521484375,209.91009521484375,210.2899932861328,209.82000732421875,210.14500427246094,1825652,-0.10940524196841883,208.73890380859376,207.85402496337892
2026-06-18 14:00:00,209.72000122070312,209.72000122070312,210.0399932861328,209.61000061035156,209.92999267578125,2725945,-0.09055971983913391,209.03139877319336,207.87003112792968
2026-06-18 14:15:00,210.19500732421875,210.19500732421875,210.5399932861328,209.69000244140625,209.72000122070312,3856072,0.22649537514343177,209.3072494506836,207.89413116455077
2026-06-18 14:30:00,210.16000366210938,210.16000366210938,210.5,209.9199981689453,210.19000244140625,2461443,-0.016652946497142107,209.45824966430663,207.92513122558594
2026-06-18 14:45:00,209.6999969482422,209.6999969482422,210.22999572753906,209.58009338378906,210.16009521484375,2661901,-0.2188840435151329,209.55274963378906,207.94052917480468
2026-06-18 15:00:00,210.05999755859375,210.05999755859375,210.1999969482422,209.6999969482422,209.6999969482422,2692098,0.1716741133002575,209.6334991455078,207.96752899169923
2026-06-18 15:15:00,209.85499572753906,209.85499572753906,210.16000366210938,209.83999633789062,210.05999755859375,3165211,-0.09759203724521992,209.66974411010742,208.01882904052735
2026-06-18 15:30:00,210.15499877929688,210.15499877929688,210.27000427246094,209.52000427246094,209.85000610351562,3189736,0.1429573076007662,209.7284942626953,208.04892913818358
2026-06-18 15:45:00,210.22999572753906,210.22999572753906,211.38999938964844,209.92999267578125,210.15499877929688,12720280,0.035686492673403514,209.77374420166015,208.10972900390624
2026-06-22 09:30:00,212.34500122070312,212.34500122070312,213.99000549316406,210.7899932861328,211.44500732421875,15776033,1.0060436360875613,209.92749404907227,208.20772888183595
2026-06-22 09:45:00,213.06500244140625,213.06500244140625,213.3300018310547,211.60000610351562,212.31500244140625,6480881,0.33907142459868034,210.1364944458008,208.3111410522461
2026-06-22 10:00:00,212.63499450683594,212.63499450683594,213.99000549316406,212.63499450683594,213.0800018310547,5390357,-0.20182006882550896,210.35874938964844,208.41574096679688
2026-06-22 10:15:00,211.11000061035156,211.11000061035156,212.94000244140625,211.11000061035156,212.63999938964844,4629921,-0.71718857943458,210.46574935913085,208.5086410522461
2026-06-22 10:30:00,209.49000549316406,209.49000549316406,211.13999938964844,209.2104949951172,211.1199951171875,5932812,-0.7673701447131087,210.47849960327147,208.56104125976563
2026-06-22 10:45:00,209.11000061035156,209.11000061035156,209.8791046142578,208.6199951171875,209.47000122070312,4782258,-0.18139523263552837,210.43474960327148,208.6142413330078
2026-06-22 11:00:00,209.860107421875,209.860107421875,210.0800018310547,209.00999450683594,209.11000061035156,4049421,0.3587139827526231,210.3920051574707,208.68224334716797
2026-06-22 11:15:00,209.8300018310547,209.8300018310547,210.3800048828125,209.67999267578125,209.8699951171875,3819795,-0.014345551991823413,210.3795051574707,208.75064331054688
2026-06-22 11:30:00,210.5500030517578,210.5500030517578,210.88999938964844,209.80999755859375,209.8300018310547,3490246,0.343135497507574,210.4090103149414,208.81824340820313
2026-06-22 11:45:00,209.47999572753906,209.47999572753906,210.64999389648438,209.41000366210938,210.5749969482422,3233239,-0.508196299553465,210.38001022338867,208.8592434692383
2026-06-22 12:00:00,209.6300048828125,209.6300048828125,209.8000030517578,209.17059326171875,209.48500061035156,2959544,0.07161025316639869,210.35451049804686,208.90594360351562
2026-06-22 12:15:00,209.76499938964844,209.76499938964844,209.9761962890625,209.22999572753906,209.63009643554688,2340890,0.0643965575974681,210.3472557067871,208.95864349365235
2026-06-22 12:30:00,209.42799377441406,209.42799377441406,209.8000030517578,209.16000366210938,209.75999450683594,1951109,-0.16065864954352138,210.33265533447266,209.0088034057617
2026-06-22 12:45:00,209.39999389648438,209.39999389648438,209.9199981689453,209.2100067138672,209.4250030517578,1928270,-0.013369692095621666,210.29290466308595,209.0495233154297
2026-06-22 13:00:00,209.0399932861328,209.0399932861328,209.61000061035156,208.8800048828125,209.39999389648438,1914906,-0.17192006726108877,210.2369041442871,209.08372314453126
2026-06-22 13:15:00,208.99000549316406,208.99000549316406,209.38499450683594,208.97999572753906,209.0500030517578,1715221,-0.02391302840328846,210.2014045715332,209.10792327880858
2026-06-22 13:30:00,208.5,208.5,209.0399932861328,208.5,208.99200439453125,2134912,-0.2344636012654111,210.1234046936035,209.15462341308594
2026-06-22 13:45:00,208.55499267578125,208.55499267578125,208.92999267578125,208.4499969482422,208.50999450683594,2120056,0.02637538406775608,210.05840454101562,209.20642333984375
2026-06-22 14:00:00,208.9801025390625,208.9801025390625,209.0800018310547,208.4600067138672,208.55999755859375,2295643,0.20383586018586364,209.9996597290039,209.23382537841798
2026-06-22 14:15:00,208.75,208.75,209.27000427246094,208.6011962890625,208.98500061035156,1800321,-0.110107391214187,209.92565994262696,209.28972534179687
2026-06-22 14:30:00,208.7100067138672,208.7100067138672,209.13499450683594,208.6999969482422,208.75999450683594,1965892,-0.019158460422907808,209.74391021728516,209.33592559814454
2026-06-22 14:45:00,208.6199951171875,208.6199951171875,209.02000427246094,208.5500030517578,208.72000122070312,2065033,-0.043127590333069676,209.52165985107422,209.4139254760742
2026-06-22 15:00:00,208.7050018310547,208.7050018310547,208.92999267578125,208.3000946044922,208.6300048828125,2537458,0.040747155525266976,209.32516021728514,209.5106234741211
2026-06-22 15:15:00,208.00999450683594,208.00999450683594,208.75,207.9499969482422,208.7050018310547,2813053,-0.3330094238859438,209.17015991210937,209.57726348876952
2026-06-22 15:30:00,207.81500244140625,207.81500244140625,208.17999267578125,207.72999572753906,208.00010681152344,3352083,-0.09374168096681901,209.08640975952147,209.59076354980468
2026-06-22 15:45:00,208.55999755859375,208.55999755859375,208.85000610351562,207.72000122070312,207.82000732421875,6686566,0.358489574109333,209.05890960693358,209.6057635498047
2026-06-23 09:30:00,201.71009826660156,201.71009826660156,202.50929260253906,200.0399932861328,200.80499267578125,20938804,-3.284378295060031,208.65140914916992,209.47106536865235
2026-06-23 09:45:00,203.41000366210938,203.41000366210938,203.77000427246094,201.61000061035156,201.69000244140625,6577663,0.8427467985569148,208.33040924072264,209.3566635131836
2026-06-23 10:00:00,203.1999969482422,203.1999969482422,203.5800018310547,202.7899932861328,203.3800048828125,4692761,-0.10324306085557344,207.96290893554686,209.24106353759765
2026-06-23 10:15:00,203.05999755859375,203.05999755859375,203.39999389648438,202.57000732421875,203.17999267578125,4573453,-0.06889733846014989,207.64190902709962,209.11576354980468
2026-06-23 10:30:00,202.8000030517578,202.8000030517578,203.4499969482422,202.6011962890625,203.09280395507812,3581880,-0.1280382694582305,207.30040893554687,208.98636352539063
2026-06-23 10:45:00,202.23500061035156,202.23500061035156,202.9149932861328,201.89999389648438,202.80499267578125,3876193,-0.27860080517949637,206.92390899658204,208.85336364746092
2026-06-23 11:00:00,201.08999633789062,201.08999633789062,202.49000549316406,200.66000366210938,202.24000549316406,5103351,-0.56617512745335,206.50700912475585,208.7113656616211
2026-06-23 11:15:00,200.76499938964844,200.76499938964844,201.1999969482422,200.42999267578125,201.0850067138672,4186580,-0.1616176608288833,206.07525939941405,208.547265625
2026-06-23 11:30:00,201.39999389648438,201.39999389648438,201.47999572753906,200.6199951171875,200.75999450683594,3285724,0.31628745486833587,205.69325942993163,208.39056549072265
2026-06-23 11:45:00,201.85000610351562,201.85000610351562,202.1300048828125,201.2100067138672,201.41000366210938,2896411,0.22344201622099824,205.3362594604492,208.22786560058594
2026-06-23 12:00:00,202.78500366210938,202.78500366210938,202.96099853515625,201.8000030517578,201.8300018310547,2839658,0.46321403533386984,205.05050964355468,208.06926574707032
2026-06-23 12:15:00,202.22999572753906,202.22999572753906,202.88760375976562,202.02000427246094,202.7899932861328,3269137,-0.27369279017056547,204.73425979614257,207.912265625
2026-06-23 12:30:00,202.47999572753906,202.47999572753906,202.52000427246094,201.9199981689453,202.24000549316406,2562909,0.12362162156045464,204.4092544555664,207.7626675415039
2026-06-23 12:45:00,202.30999755859375,202.30999755859375,202.5399932861328,201.9300994873047,202.49000549316406,1715317,-0.08395800697964528,204.0872543334961,207.6076675415039
2026-06-23 13:00:00,202.14999389648438,202.14999389648438,202.41000366210938,201.75,202.32000732421875,2023284,-0.07908836144542297,203.75925369262694,207.44786743164062
2026-06-23 13:15:00,202.50999450683594,202.50999450683594,202.8000030517578,201.9499969482422,202.14999389648438,1972891,0.17808588732182162,203.45375366210936,207.29986541748048
2026-06-23 13:30:00,202.16000366210938,202.16000366210938,202.6199951171875,202.07009887695312,202.5,1666414,-0.17282645509861805,203.12650375366212,207.1486654663086
2026-06-23 13:45:00,201.610107421875,201.610107421875,202.3300018310547,201.61000061035156,202.15499877929688,1686669,-0.27201040278643784,202.80650939941407,206.9769674682617
2026-06-23 14:00:00,201.72000122070312,201.72000122070312,202.00999450683594,201.44000244140625,201.6199951171875,2303076,0.05450808009250796,202.50175933837892,206.8081674194336
2026-06-23 14:15:00,201.65499877929688,201.65499877929688,201.8300018310547,201.4600067138672,201.7050018310547,2077700,-0.032224093304034085,202.15650939941406,206.6472674560547
2026-06-23 14:30:00,200.74000549316406,200.74000549316406,201.64999389648438,200.71389770507812,201.64999389648438,2530803,-0.4537419313538793,202.10800476074218,206.4608676147461
2026-06-23 14:45:00,200.6300048828125,200.6300048828125,200.97999572753906,200.3000030517578,200.75,3459142,-0.054797552725638354,201.96900482177733,206.27636779785155
2026-06-23 15:00:00,200.9001007080078,200.9001007080078,201.7187042236328,200.51499938964844,200.6199951171875,3217940,0.13462384420170892,201.85401000976563,206.0912698364258
2026-06-23 15:15:00,201.22500610351562,201.22500610351562,201.4600067138672,200.6999969482422,200.88999938964844,3032049,0.16172485447383256,201.76226043701172,205.9111700439453
2026-06-23 15:30:00,200.81910705566406,200.81910705566406,201.47000122070312,200.55999755859375,201.2100067138672,3648266,-0.20171401940112244,201.66321563720703,205.68065216064454
2026-06-23 15:45:00,200.02099609375,200.02099609375,201.22000122070312,200.0,200.82000732421875,12884623,-0.3974278013759158,201.55251541137696,205.4197720336914
2026-06-24 09:30:00,200.6999053955078,200.6999053955078,201.64999389648438,199.4199981689453,200.07000732421875,11008256,0.33941901851124445,201.53301086425782,205.18107025146483
2026-06-24 09:45:00,200.2465057373047,200.2465057373047,201.21929931640625,199.69000244140625,200.6999969482422,5732352,-0.225909253574208,201.50708618164063,204.9638003540039
2026-06-24 10:00:00,199.61500549316406,199.61500549316406,200.57000732421875,199.0500030517578,200.25,5363040,-0.31536143006113404,201.4178367614746,204.7663003540039
2026-06-24 10:15:00,199.8699951171875,199.8699951171875,200.19000244140625,198.60000610351562,199.6300048828125,5904498,0.12774070936873994,201.3188362121582,204.5815002441406
2026-06-24 10:30:00,200.75999450683594,200.75999450683594,200.7899932861328,199.8699951171875,199.87989807128906,3411008,0.44528914363890504,201.21758575439452,204.39949798583984
2026-06-24 10:45:00,201.18499755859375,201.18499755859375,201.3000030517578,200.55999755859375,200.75999450683594,3709431,0.2116970827787723,201.16533584594725,204.22659790039063
2026-06-24 11:00:00,201.00999450683594,201.00999450683594,201.50999450683594,200.77000427246094,201.2100067138672,2847463,-0.08698613409622302,201.09183578491212,204.03579772949217
2026-06-24 11:15:00,200.91000366210938,200.91000366210938,201.35000610351562,200.33999633789062,201.0,2481592,-0.049744215441571704,201.0218360900879,203.8643978881836
2026-06-24 11:30:00,200.77999877929688,200.77999877929688,201.17999267578125,200.5,200.90499877929688,1829362,-0.06470801873615928,200.9533363342285,203.6873977661133
2026-06-24 11:45:00,200.7899932861328,200.7899932861328,201.25,200.41000366210938,200.77999877929688,2185066,0.00497783987285505,200.86733627319336,203.50789764404297
2026-06-24 12:00:00,200.86810302734375,200.86810302734375,201.00999450683594,200.52999877929688,200.77999877929688,1589699,0.038901212123465534,200.80274124145507,203.33669982910158
2026-06-24 12:15:00,200.73500061035156,200.73500061035156,201.02000427246094,200.58999633789062,200.8800048828125,1722392,-0.06626359037904539,200.7589859008789,203.1633999633789
2026-06-24 12:30:00,199.66000366210938,199.66000366210938,200.74000549316406,199.50999450683594,200.74000549316406,3409046,-0.5355303982731319,200.6559860229492,202.97580017089842
2026-06-24 12:45:00,199.25729370117188,199.25729370117188,199.82000732421875,199.1300048828125,199.66000366210938,2926447,-0.20169786314289118,200.53610076904297,202.7811459350586
2026-06-24 13:00:00,198.8699951171875,198.8699951171875,199.5570068359375,198.63999938964844,199.24000549316406,3200456,-0.19437109517567164,200.44260025024414,202.58854583740234
2026-06-24 13:15:00,197.9600067138672,197.9600067138672,199.02000427246094,197.86000061035156,198.8699951171875,3612883,-0.4575795372168012,200.30910034179686,202.37664611816408
2026-06-24 13:30:00,197.77000427246094,197.77000427246094,198.35000610351562,197.45889282226562,197.97900390625,4036385,-0.09598021568107962,200.15259552001953,202.15244415283203
2026-06-24 13:45:00,197.4600067138672,197.4600067138672,198.17990112304688,197.38999938964844,197.75999450683594,3251037,-0.15674649941690433,199.9643455505371,201.92664428710938
2026-06-24 14:00:00,197.61990356445312,197.61990356445312,198.3000030517578,197.32989501953125,197.47000122070312,3323372,0.08097682829395492,199.80438537597655,201.70484222412108
2026-06-24 14:15:00,198.57000732421875,198.57000732421875,198.77000427246094,197.60009765625,197.6199951171875,3049933,0.48077331413924895,199.7318359375,201.50384246826172
2026-06-24 14:30:00,197.89500427246094,197.89500427246094,198.72999572753906,197.6999969482422,198.5850067138672,2728881,-0.3399320274263262,199.59159088134766,201.28764251708984
2026-06-24 14:45:00,197.2100067138672,197.2100067138672,197.89999389648438,197.0399932861328,197.89019775390625,3643778,-0.34614191556379126,199.43976593017578,201.07164276123046
2026-06-24 15:00:00,196.97999572753906,196.97999572753906,197.72999572753906,196.5800018310547,197.2006072998047,4414330,-0.11663251280238374,199.30801544189453,200.85494262695312
2026-06-24 15:15:00,197.74000549316406,197.74000549316406,198.00999450683594,196.8300018310547,196.98500061035156,4160312,0.3858309382218872,199.20151596069337,200.63854278564452
2026-06-24 15:30:00,197.26499938964844,197.26499938964844,197.97000122070312,196.9600067138672,197.74000549316406,6228974,-0.24021750294329625,199.026766204834,200.54964080810547
2026-06-24 15:45:00,199.08999633789062,199.08999633789062,199.22999572753906,196.95010375976562,197.2899932861328,9820065,0.9251499018522624,198.92201614379883,200.4632406616211
2026-06-25 09:30:00,196.11419677734375,196.11419677734375,200.30999755859375,195.8800048828125,199.96499633789062,16641112,-1.4947006958081488,198.6772262573242,200.32152465820312
2026-06-25 09:45:00,192.38499450683594,192.38499450683594,196.4600067138672,192.1300048828125,196.14999389648438,12668226,-1.9015463091342277,198.25097579956054,200.10802459716797
2026-06-25 10:00:00,194.41510009765625,194.41510009765625,195.89999389648438,192.3699951171875,192.38499450683594,9975514,1.0552307346133327,197.9327308654785,199.94032653808594
2026-06-25 10:15:00,194.49000549316406,194.49000549316406,194.9199981689453,193.6300048828125,194.39999389648438,5666918,0.038528589327779805,197.61773147583008,199.7854266357422
2026-06-25 10:30:00,194.58999633789062,194.58999633789062,195.59500122070312,194.34500122070312,194.49009704589844,4638437,0.05141181649566118,197.30382614135743,199.65542663574217
2026-06-25 10:45:00,195.46499633789062,195.46499633789062,196.4499053955078,194.27000427246094,194.5800018310547,6082984,0.44966340329264387,197.0403259277344,199.54942657470704
2026-06-25 11:00:00,195.58999633789062,195.58999633789062,196.67999267578125,195.2100067138672,195.48500061035156,4572077,0.06395006898520794,196.83682556152343,199.43322662353515
2026-06-25 11:15:00,195.1699981689453,195.1699981689453,195.77999877929688,194.77000427246094,195.60000610351562,3549972,-0.21473397249813786,196.6324607849121,199.29962646484375
2026-06-25 11:30:00,195.77000427246094,195.77000427246094,195.88999938964844,195.12010192871094,195.17999267578125,2666628,0.3074274269328159,196.4774612426758,199.15932647705077
2026-06-25 11:45:00,195.61000061035156,195.61000061035156,196.38999938964844,195.5800018310547,195.77000427246094,2924307,-0.08173042785792894,196.3599609375,199.02692657470703
2026-06-25 12:00:00,196.72000122070312,196.72000122070312,196.94500732421875,195.55999755859375,195.6199951171875,3570300,0.567455961805674,196.3074607849121,198.9117266845703
2026-06-25 12:15:00,196.0,196.0,197.10000610351562,195.74000549316406,196.72999572753906,3094147,-0.36600305827334534,196.23446044921874,198.78552673339843
2026-06-25 12:30:00,195.0,195.0,196.01499938964844,194.9199981689453,196.0,2591441,-0.5102040816326481,196.10346527099608,198.64252685546876
2026-06-25 12:45:00,194.86500549316406,194.86500549316406,195.24000549316406,194.50999450683594,194.97999572753906,2153565,-0.0692279522235606,195.91821517944337,198.4896270751953
2026-06-25 13:00:00,195.21499633789062,195.21499633789062,195.36000061035156,194.5500030517578,194.88999938964844,1878585,0.17960682260049765,195.78421478271486,198.35072692871094
2026-06-25 13:15:00,195.39500427246094,195.39500427246094,195.72999572753906,194.80450439453125,195.24000549316406,2149313,0.09221009550861581,195.69346466064454,198.22642486572266
2026-06-25 13:30:00,195.0399932861328,195.0399932861328,195.67999267578125,194.92999267578125,195.39999389648438,1820912,-0.18168887564448122,195.59646453857422,198.09282470703124
2026-06-25 13:45:00,194.7899932861328,194.7899932861328,195.0399932861328,194.3800048828125,195.0399932861328,3598238,-0.1281788395230521,195.44896392822267,197.95552459716797
2026-06-25 14:00:00,194.33999633789062,194.33999633789062,194.80599975585938,193.72459411621094,194.7899932861328,3329620,-0.2310164606767917,195.30271377563477,197.8275244140625
2026-06-25 14:15:00,195.75999450683594,195.75999450683594,195.84759521484375,194.2550048828125,194.33999633789062,2483278,0.7306772644352755,195.13621368408204,197.73012420654297
2026-06-25 14:30:00,195.11000061035156,195.11000061035156,195.77000427246094,194.77720642089844,195.77000427246094,2154130,-0.33203612317310727,195.08600387573242,197.61432220458985
2026-06-25 14:45:00,194.39999389648438,194.39999389648438,195.0800018310547,194.11000061035156,195.0800018310547,3030183,-0.3639007286382667,195.18675384521484,197.4778219604492
2026-06-25 15:00:00,194.10000610351562,194.10000610351562,194.63999938964844,194.07000732421875,194.42999267578125,2381803,-0.1543147131622291,195.1709991455078,197.34343994140625
2026-06-25 15:15:00,194.3800048828125,194.3800048828125,194.5800018310547,193.7032928466797,194.10000610351562,3364131,0.14425490494192061,195.16549911499024,197.2306201171875
2026-06-25 15:30:00,194.72000122070312,194.72000122070312,194.82000732421875,193.89990234375,194.3699951171875,3992940,0.17491322633498285,195.17199935913087,197.1110220336914
2026-06-25 15:45:00,195.74000549316406,195.74000549316406,195.9600067138672,193.97999572753906,194.72000122070312,9655217,0.5238312787934074,195.18574981689454,197.0208920288086
2026-06-26 09:30:00,193.07000732421875,193.07000732421875,193.5,191.22000122070312,193.10499572753906,14620245,-1.3640533840889035,195.05975036621095,196.88999206542968
2026-06-26 09:45:00,193.55999755859375,193.55999755859375,194.05999755859375,192.25999450683594,193.07000732421875,5599573,0.2537888930372212,194.97925033569337,196.76379211425783
2026-06-26 10:00:00,194.00010681152344,194.00010681152344,194.25999450683594,193.3350067138672,193.5800018310547,4554735,0.2273761409799846,194.8907554626465,196.62859436035157
2026-06-26 10:15:00,193.72000122070312,193.72000122070312,194.52999877929688,193.27000427246094,193.9499969482422,4186490,-0.14438424567077002,194.79625549316407,196.47929443359374
2026-06-26 10:30:00,192.875,192.875,193.92999267578125,192.64999389648438,193.73399353027344,4326684,-0.4361971997617453,194.6040054321289,196.31659454345703
2026-06-26 10:45:00,193.09500122070312,193.09500122070312,193.58999633789062,192.6800994873047,192.88999938964844,3149972,0.11406414553629673,194.45875549316406,196.1602944946289
2026-06-26 11:00:00,192.67999267578125,192.67999267578125,193.60000610351562,192.64999389648438,193.10499572753906,3349382,-0.21492454092456592,194.34275512695314,195.9982943725586
2026-06-26 11:15:00,193.6300048828125,193.6300048828125,193.66000366210938,192.48500061035156,192.69000244140625,3741496,0.4930518181147203,194.28100509643554,195.8550946044922
2026-06-26 11:30:00,195.09500122070312,195.09500122070312,195.25,193.60000610351562,193.63999938964844,4150103,0.7565957242924526,194.27500534057617,195.73963256835938
2026-06-26 11:45:00,194.35899353027344,194.35899353027344,195.1999969482422,193.8000030517578,195.1199951171875,4027237,-0.3772560474766151,194.22320480346679,195.61211242675782
2026-06-26 12:00:00,193.77000427246094,193.77000427246094,194.39199829101562,193.6300048828125,194.36000061035156,2970604,-0.3030419365290471,194.1597053527832,195.49431243896484
2026-06-26 12:15:00,194.1699981689453,194.1699981689453,194.39500427246094,193.63119506835938,193.75999450683594,2597424,0.20642714954062225,194.12870559692382,195.39256652832032
2026-06-26 12:30:00,194.22000122070312,194.22000122070312,194.57000732421875,194.14999389648438,194.16990661621094,1818464,0.025752202827078463,194.12270584106446,195.29956665039063
2026-06-26 12:45:00,194.13999938964844,194.13999938964844,194.4199981689453,193.9300994873047,194.22999572753906,2428826,-0.04119134515079281,194.04170608520508,195.22316650390624
2026-06-26 13:00:00,194.67999267578125,194.67999267578125,194.83999633789062,194.02999877929688,194.13999938964844,3174041,0.2781463314260213,194.02020568847655,195.16136627197267
2026-06-26 13:15:00,195.03500366210938,195.03500366210938,195.17999267578125,194.13999938964844,194.67999267578125,2497095,0.1823561740724733,194.0519561767578,195.1128662109375
2026-06-26 13:30:00,194.8699951171875,194.8699951171875,195.5500030517578,194.6999969482422,195.03500366210938,3110026,-0.08460457960035583,194.0904556274414,195.05786804199218
2026-06-26 13:45:00,194.59010314941406,194.59010314941406,194.98480224609375,194.31100463867188,194.85000610351562,3810882,-0.1436300994440476,194.1009605407715,194.9782699584961
2026-06-26 14:00:00,194.65499877929688,194.65499877929688,195.30999755859375,194.4199981689453,194.60499572753906,3938084,0.033349912884816924,194.09771041870118,194.91346984863281
2026-06-26 14:15:00,194.02000427246094,194.02000427246094,194.7100067138672,193.9199981689453,194.6613006591797,2123815,-0.32621536092988235,194.011710357666,194.8496697998047
2026-06-26 14:30:00,193.99000549316406,193.99000549316406,194.3699951171875,193.77000427246094,194.02499389648438,2272612,-0.015461693967777634,194.05771026611328,194.7898699951172
2026-06-26 14:45:00,193.69000244140625,193.69000244140625,193.99000549316406,193.39999389648438,193.99000549316406,2401233,-0.15464871553312332,194.0642105102539,194.70886993408203
2026-06-26 15:00:00,194.50999450683594,194.50999450683594,194.52000427246094,193.5500030517578,193.6999969482422,4176233,0.4233528086601934,194.08970489501954,194.6537698364258
2026-06-26 15:15:00,193.9499969482422,193.9499969482422,194.52000427246094,193.88999938964844,194.51739501953125,2774828,-0.28790168855516995,194.1012046813965,194.5509698486328
2026-06-26 15:30:00,194.73500061035156,194.73500061035156,194.77000427246094,193.72999572753906,193.97999572753906,3931759,0.4047453851308225,194.19420471191407,194.52338592529296
2026-06-26 15:45:00,191.72000122070312,191.72000122070312,195.17999267578125,191.7100067138672,194.74000549316406,12681468,-1.5482575706465829,194.12545471191407,194.5100860595703
2026-06-29 09:30:00,195.8000030517578,195.8000030517578,195.82000732421875,192.11000061035156,192.125,13326462,2.1281044257650983,194.28145523071288,194.53778411865235
2026-06-29 09:45:00,193.30499267578125,193.30499267578125,196.1699981689453,193.02999877929688,195.77999877929688,7016492,-1.2742647278289554,194.26520462036132,194.5140838623047
2026-06-29 10:00:00,190.88009643554688,190.88009643554688,193.66000366210938,190.8800048828125,193.29150390625,6710527,-1.2544405639338563,194.05445938110353,194.4398858642578
2026-06-29 10:15:00,192.6999969482422,192.6999969482422,192.74000549316406,189.8000030517578,190.88999938964844,11548760,0.9534260232888281,193.97150955200195,194.38458587646485
2026-06-29 10:30:00,194.42999267578125,194.42999267578125,194.72999572753906,192.5800018310547,192.72000122070312,7970785,0.8977663492147014,194.00450897216797,194.36138580322265
2026-06-29 10:45:00,194.86000061035156,194.86000061035156,194.9499969482422,193.50999450683594,194.44000244140625,4271910,0.22116337538897746,194.03900909423828,194.3551858520508
2026-06-29 11:00:00,194.73500061035156,194.73500061035156,195.0,194.1199951171875,194.8699951171875,4343651,-0.06414861932078075,194.06475906372071,194.33448577880858
2026-06-29 11:15:00,194.25999450683594,194.25999450683594,195.1199951171875,193.72500610351562,194.75999450683594,5159886,-0.2439243597847529,194.07075881958008,194.3074856567383
2026-06-29 11:30:00,194.22999572753906,194.22999572753906,194.3699951171875,193.69000244140625,194.27000427246094,4878069,-0.015442592476666572,194.04825897216796,194.257685546875
2026-06-29 11:45:00,193.96499633789062,193.96499633789062,194.24000549316406,193.60000610351562,194.2100067138672,2906995,-0.13643587266519708,193.99475860595703,194.2169854736328
2026-06-29 12:00:00,193.66000366210938,193.66000366210938,194.2299041748047,193.55999755859375,193.97000122070312,2304758,-0.15724109068109282,193.93425903320312,194.190185546875
2026-06-29 12:15:00,192.8350067138672,192.8350067138672,193.86000061035156,192.75010681152344,193.65499877929688,2891876,-0.42600275361018847,193.84650421142578,194.14958557128907
2026-06-29 12:30:00,193.0800018310547,193.0800018310547,193.1699981689453,192.71119689941406,192.83999633789062,2104639,0.12704908790290848,193.76775436401368,194.10688568115233
2026-06-29 12:45:00,193.82000732421875,193.82000732421875,194.00999450683594,193.00999450683594,193.0800018310547,2730663,0.3832636659137689,193.75775451660155,194.0753857421875
2026-06-29 13:00:00,194.5800018310547,194.5800018310547,194.7169952392578,193.82000732421875,193.8350067138672,2423758,0.39211354768171613,193.7872543334961,194.06618591308595
2026-06-29 13:15:00,194.6699981689453,194.6699981689453,194.7899932861328,194.25999450683594,194.58999633789062,2495424,0.04625158651645478,193.83625411987305,194.06378601074218
2026-06-29 13:30:00,194.36000061035156,194.36000061035156,195.05999755859375,194.1199951171875,194.6699981689453,3419810,-0.15924259593649293,193.82875442504883,194.0641860961914
2026-06-29 13:45:00,193.9600067138672,193.9600067138672,194.4600067138672,193.72000122070312,194.36000061035156,1858999,-0.20580052234424606,193.8292549133301,194.02818634033204
2026-06-29 14:00:00,193.94000244140625,193.94000244140625,194.05499267578125,193.69000244140625,193.9550018310547,1953057,-0.01031360680990856,193.7895050048828,194.00478637695312
2026-06-29 14:15:00,193.8000030517578,193.8000030517578,194.01499938964844,193.72999572753906,193.92999267578125,1652968,-0.07218695879450676,193.89350509643555,193.9927865600586
2026-06-29 14:30:00,194.05029296875,194.05029296875,194.2899932861328,193.75999450683594,193.8249969482422,1858153,0.12914856194576885,193.80601959228517,193.99179229736328
2026-06-29 14:45:00,193.97999572753906,193.97999572753906,194.25,193.8699951171875,194.05999755859375,1823297,-0.03622629996351545,193.83976974487305,193.98379211425782
2026-06-29 15:00:00,194.30999755859375,194.30999755859375,194.41000366210938,193.82000732421875,193.97999572753906,2385102,0.17012157867979383,194.0112648010254,193.97559204101563
2026-06-29 15:15:00,194.7100067138672,194.7100067138672,194.8699951171875,194.27000427246094,194.3000030517578,3138528,0.20586133513424976,194.11176528930665,193.95499206542968
2026-06-29 15:30:00,194.7949981689453,194.7949981689453,194.92999267578125,194.52000427246094,194.7100067138672,4808120,0.043650275870521504,194.13001556396483,193.98949188232422
2026-06-29 15:45:00,194.89999389648438,194.89999389648438,195.17999267578125,194.52000427246094,194.7899932861328,8515412,0.053900628109548876,194.13201522827148,194.01629180908202
2026-06-30 09:30:00,197.02000427246094,197.02000427246094,199.05990600585938,195.11000061035156,197.19500732421875,15708554,1.0877426589877448,194.24626541137695,194.07668975830077
2026-06-30 09:45:00,197.8415985107422,197.8415985107422,198.0050048828125,196.35000610351562,196.6999969482422,6263038,0.41701056769092304,194.42534561157225,194.15912170410155
2026-06-30 10:00:00,196.97000122070312,196.97000122070312,198.74000549316406,196.64999389648438,197.85499572753906,6276379,-0.44055309732636827,194.56234588623047,194.24102172851562
2026-06-30 10:15:00,197.6999969482422,197.6999969482422,198.25999450683594,196.8144989013672,196.97000122070312,4132275,0.37061264304969477,194.74909591674805,194.33312164306642
2026-06-30 10:30:00,197.8800048828125,197.8800048828125,198.35000610351562,197.3300018310547,197.72000122070312,3429535,0.0910510558163713,194.9600959777832,194.43712188720704
2026-06-30 10:45:00,197.05999755859375,197.05999755859375,197.9550018310547,196.42999267578125,197.8800048828125,3506640,-0.4143962522663025,195.17134552001954,194.50572174072266
2026-06-30 11:00:00,198.28500366210938,198.28500366210938,198.64500427246094,197.00999450683594,197.05999755859375,2961109,0.6216411847622005,195.43159561157228,194.56952178955078
2026-06-30 11:15:00,198.24000549316406,198.24000549316406,198.30880737304688,197.72999572753906,198.27999877929688,2313840,-0.022693682383556624,195.65259552001953,194.6471420288086
2026-06-30 11:30:00,198.0500030517578,198.0500030517578,198.35000610351562,197.8000030517578,198.24000549316406,1975539,-0.09584465099946593,195.8260955810547,194.73274200439454
2026-06-30 11:45:00,198.20989990234375,198.20989990234375,198.64999389648438,197.90020751953125,198.05999755859375,3071604,0.08073559612324921,196.00309066772462,194.8135400390625
2026-06-30 12:00:00,198.22999572753906,198.22999572753906,198.61700439453125,197.91000366210938,198.1999969482422,2256263,0.0101386586670138,196.19659042358398,194.89373992919923
2026-06-30 12:15:00,197.9499969482422,197.9499969482422,198.5469970703125,197.83999633789062,198.24000549316406,1869490,-0.14124945030101754,196.39608993530274,194.9699398803711
2026-06-30 12:30:00,197.85000610351562,197.85000610351562,198.5500030517578,197.64500427246094,197.9499969482422,1986259,-0.050513183262490546,196.5915901184082,195.0333401489258
2026-06-30 12:45:00,198.25999450683594,198.25999450683594,198.38999938964844,197.6699981689453,197.8699951171875,1761145,0.20722183000885241,196.8145896911621,195.0978399658203
2026-06-30 13:00:00,198.20989990234375,198.20989990234375,198.5,198.0,198.25,2479384,-0.025267126944494844,197.0225700378418,195.16463806152345
2026-06-30 13:15:00,198.2100067138672,198.2100067138672,198.55999755859375,197.99000549316406,198.2100067138672,2010338,5.3888087059306145e-05,197.23407058715821,195.2370361328125
2026-06-30 13:30:00,198.6927947998047,198.6927947998047,198.8249969482422,198.05999755859375,198.2100067138672,1976149,0.24357402229164826,197.45321044921874,195.31779205322266
2026-06-30 13:45:00,198.38999938964844,198.38999938964844,198.7480010986328,198.10980224609375,198.69000244140625,1669602,-0.15239375462071658,197.6372100830078,195.4051919555664
2026-06-30 14:00:00,198.72000122070312,198.72000122070312,198.75,198.3000030517578,198.39500427246094,2313264,0.16633995265382673,197.8334602355957,195.49979187011718
2026-06-30 14:15:00,198.92999267578125,198.92999267578125,199.4696044921875,198.6699981689453,198.7100067138672,3740743,0.1056720278724832,198.03496017456055,195.60459167480468
2026-06-30 14:30:00,198.48770141601562,198.48770141601562,198.9600067138672,198.10000610351562,198.92999267578125,3197232,-0.22233513097569269,198.10834503173828,195.68414581298828
2026-06-30 14:45:00,198.85000610351562,198.85000610351562,199.0821075439453,198.47000122070312,198.5,2485373,0.18253256242846128,198.15876541137695,195.78214599609376
2026-06-30 15:00:00,198.88999938964844,198.88999938964844,199.22000122070312,198.74000549316406,198.82000732421875,3197295,0.02011228810925303,198.25476531982423,195.86524597167968
2026-06-30 15:15:00,199.27999877929688,199.27999877929688,199.4149932861328,198.83999633789062,198.88999938964844,5511469,0.19608798373234038,198.33376541137696,196.01644592285157
2026-06-30 15:30:00,199.1750030517578,199.1750030517578,199.61000061035156,198.94000244140625,199.27000427246094,4116034,-0.05268753923234337,198.3985153198242,196.08394592285157
2026-06-30 15:45:00,199.77000427246094,199.77000427246094,200.6300048828125,198.3699951171875,199.1750030517578,17984511,0.29873287891879485,198.53401565551758,196.21324615478517
2026-07-01 09:30:00,194.4499969482422,194.4499969482422,196.2100067138672,193.4499969482422,196.1699981689453,17308143,-2.663066131271108,198.3422653198242,196.28464416503905
2026-07-01 09:45:00,195.4550018310547,195.4550018310547,195.71839904785156,194.3000030517578,194.4499969482422,6414311,0.5168448951326177,198.20301513671876,196.33974426269532
2026-07-01 10:00:00,196.2050018310547,196.2050018310547,196.42999267578125,195.02000427246094,195.4499969482422,6054796,0.3837200342656333,198.1107650756836,196.37524444580077
2026-07-01 10:15:00,196.1999969482422,196.1999969482422,196.57000732421875,195.64999389648438,196.19000244140625,4055707,-0.0025508436409804602,198.01026992797853,196.4020443725586
2026-07-01 10:30:00,195.2949981689453,195.2949981689453,196.38999938964844,195.2100067138672,196.2050018310547,4092105,-0.46126340131168453,197.86352005004883,196.41324432373048
2026-07-01 10:45:00,195.64999389648438,195.64999389648438,195.9600067138672,194.47000122070312,195.25999450683594,5000333,0.18177410116360093,197.74851989746094,196.44104431152343
2026-07-01 11:00:00,196.15499877929688,196.15499877929688,196.3300018310547,195.58999633789062,195.64999389648438,3538669,0.25811648278388777,197.66376953125,196.4795443725586
2026-07-01 11:15:00,196.92999267578125,196.92999267578125,196.99000549316406,196.1699981689453,196.19000244140625,4612923,0.39509260600407714,197.59726943969727,196.5388442993164
2026-07-01 11:30:00,197.02000427246094,197.02000427246094,197.1999969482422,196.75,196.9302978515625,3368749,0.0457074087378162,197.53777465820312,196.60604431152345
2026-07-01 11:45:00,197.0850067138672,197.0850067138672,197.1999969482422,196.6300048828125,197.0207977294922,3462239,0.03299281291069267,197.4815246582031,196.69104431152343
2026-07-01 12:00:00,196.75999450683594,196.75999450683594,197.27000427246094,196.68499755859375,197.1300048828125,2189868,-0.16490965621911435,197.3848846435547,196.76464416503907
2026-07-01 12:15:00,197.06199645996094,197.06199645996094,197.36000061035156,196.57009887695312,196.75,2030242,0.15348747792047757,197.3184844970703,196.8294839477539
2026-07-01 12:30:00,197.17999267578125,197.17999267578125,197.4499969482422,196.97000122070312,197.0800018310547,2654567,0.059877712567613095,197.24148406982422,196.88148376464844
2026-07-01 12:45:00,197.14999389648438,197.14999389648438,197.6300048828125,196.910400390625,197.18739318847656,2135471,-0.015213906284194945,197.15248413085936,196.93108367919922
2026-07-01 13:00:00,197.7100067138672,197.7100067138672,197.7949981689453,196.9499969482422,197.16000366210938,2902005,0.28405418956130024,197.11359939575195,196.99808380126953
2026-07-01 13:15:00,198.2050018310547,198.2050018310547,198.47999572753906,197.66000366210938,197.6999969482422,4384762,0.2503642205140766,197.08134918212892,197.08298370361328
2026-07-01 13:30:00,198.7200927734375,198.7200927734375,198.83999633789062,198.022705078125,198.1999969482422,2574170,0.2598778727198159,197.07285385131837,197.1785855102539
2026-07-01 13:45:00,198.66000366210938,198.66000366210938,198.9250030517578,198.4550018310547,198.72970581054688,2916802,-0.0302380652552503,197.04185409545897,197.27578552246095
2026-07-01 14:00:00,197.91000366210938,197.91000366210938,198.8699951171875,197.86000061035156,198.6649932861328,2593482,-0.37752944033748737,196.97860412597657,197.35297973632814
2026-07-01 14:15:00,198.09500122070312,198.09500122070312,198.27000427246094,197.67999267578125,197.91000366210938,3538111,0.09347559757999502,196.89485397338868,197.4352798461914
2026-07-01 14:30:00,198.35000610351562,198.35000610351562,198.48500061035156,198.02000427246094,198.09500122070312,2021987,0.12872858034838064,197.08985443115233,197.51608001708985
2026-07-01 14:45:00,198.3699951171875,198.3699951171875,198.39999389648438,197.89010620117188,198.3300018310547,2761517,0.010077647117112676,197.235604095459,197.58927978515624
2026-07-01 15:00:00,199.2301025390625,199.2301025390625,199.85000610351562,198.3300018310547,198.3699951171875,4724564,0.4335874593165645,197.38685913085936,197.6779818725586
2026-07-01 15:15:00,199.3000030517578,199.3000030517578,199.55499267578125,199.02999877929688,199.22000122070312,3697773,0.03508531682936411,197.54185943603517,197.76598205566407
2026-07-01 15:30:00,198.25,198.25,199.70989990234375,198.2301025390625,199.3000030517578,4581210,-0.5268454770094189,197.6896095275879,197.79058197021484
2026-07-01 15:45:00,197.5800018310547,197.5800018310547,198.7899932861328,197.22999572753906,198.24000549316406,11828351,-0.33795620123344694,197.7861099243164,197.78535003662108
2026-07-02 09:30:00,198.10000610351562,198.10000610351562,198.69000244140625,196.77999877929688,197.14999389648438,10605964,0.26318669280385176,197.88336029052735,197.80795013427735
2026-07-02 09:45:00,198.85499572753906,198.85499572753906,198.94000244140625,197.5,198.11990356445312,5121622,0.3811153966491565,197.97961044311523,197.83105010986327
2026-07-02 10:00:00,199.0330047607422,199.0330047607422,200.05499267578125,198.52000427246094,198.89999389648438,5370937,0.0895170033580861,198.08026046752929,197.8541101074219
2026-07-02 10:15:00,197.85000610351562,197.85000610351562,199.36349487304688,197.44000244140625,199.03500366210938,4357245,-0.5943731084443238,198.1185104370117,197.8699102783203
2026-07-02 10:30:00,196.4600067138672,196.4600067138672,198.2050018310547,196.0800018310547,197.88999938964844,5133846,-0.7025521085509578,198.10351104736327,197.83341033935548
2026-07-02 10:45:00,196.24000549316406,196.24000549316406,196.86000061035156,195.2100067138672,196.47000122070312,5539278,-0.11198270038926816,198.06241149902343,197.79341033935546
2026-07-02 11:00:00,195.25999450683594,195.25999450683594,196.47000122070312,194.7100067138672,196.25,5406942,-0.4993940883079806,197.96641159057617,197.73761016845702
2026-07-02 11:15:00,194.7794952392578,194.7794952392578,195.4600067138672,194.4199981689453,195.27000427246094,4611400,-0.2460817787031666,197.84788665771484,197.66900207519532
2026-07-02 11:30:00,195.06509399414062,195.06509399414062,196.0,194.75999450683594,194.77999877929688,3953655,0.14662670448550852,197.71564102172852,197.60570404052734
2026-07-02 11:45:00,194.49000549316406,194.49000549316406,195.39999389648438,194.01499938964844,195.0800018310547,3420469,-0.2948187649574274,197.52989120483397,197.53650421142578
2026-07-02 12:00:00,194.55999755859375,194.55999755859375,194.6591033935547,193.86000061035156,194.5,3586998,0.03598748699307208,197.3218864440918,197.47070404052735
2026-07-02 12:15:00,193.7899932861328,193.7899932861328,194.61000061035156,193.625,194.57000732421875,4053942,-0.39576700355840044,197.07838592529296,197.3813040161133
2026-07-02 12:30:00,194.0399932861328,194.0399932861328,194.15989685058594,193.17999267578125,193.7899932861328,3564873,0.12900562911464242,196.88488540649413,197.29790588378907
2026-07-02 12:45:00,193.49000549316406,193.49000549316406,194.14999389648438,193.1300048828125,194.0399932861328,2803047,-0.28344043083826653,196.65463562011718,197.203505859375
2026-07-02 13:00:00,193.0749969482422,193.0749969482422,193.72000122070312,192.8800048828125,193.5,3402812,-0.21448577866547414,196.39088516235353,197.09114990234374
2026-07-02 13:15:00,193.0500030517578,193.0500030517578,193.40989685058594,192.76199340820312,193.07000732421875,2582278,-0.012945175128542541,196.12488555908203,196.98434997558593
2026-07-02 13:30:00,192.9499969482422,192.9499969482422,193.27999877929688,192.35000610351562,193.0449981689453,2925506,-0.051803212605394666,195.810880279541,196.86894989013672
2026-07-02 13:45:00,192.5449981689453,192.5449981689453,193.14999389648438,192.38999938964844,192.9499969482422,2693853,-0.209898308215839,195.4731300354004,196.74125
2026-07-02 14:00:00,193.19509887695312,193.19509887695312,193.6999969482422,192.5,192.5449981689453,2875237,0.3376357288894072,195.22038497924805,196.63539794921874
2026-07-02 14:15:00,193.76260375976562,193.76260375976562,193.86000061035156,192.58999633789062,193.19009399414062,2974342,0.2937470391906505,195.0295150756836,196.53364990234374
2026-07-02 14:30:00,193.22500610351562,193.22500610351562,193.9499969482422,193.20069885253906,193.75999450683594,2384540,-0.2774517093693363,194.7857650756836,196.4203500366211
2026-07-02 14:45:00,193.42999267578125,193.42999267578125,193.75999450683594,192.89999389648438,193.22000122070312,2626355,0.10608697931975275,194.5145149230957,196.30334991455078
2026-07-02 15:00:00,192.88009643554688,192.88009643554688,193.52999877929688,192.52999877929688,193.4199981689453,2743796,-0.28428695706775864,194.20686950683594,196.17745178222657
2026-07-02 15:15:00,193.10499572753906,193.10499572753906,193.3300018310547,192.64999389648438,192.88499450683594,3273076,0.11660057006832591,193.9696189880371,196.04415161132812
2026-07-02 15:30:00,193.6649932861328,193.6649932861328,193.8000030517578,193.06500244140625,193.11500549316406,3487808,0.2899964117882625,193.8298683166504,196.02845153808593
2026-07-02 15:45:00,194.6199951171875,194.6199951171875,195.0,193.41000366210938,193.66000366210938,11605062,0.4931205247009851,193.74886779785157,196.0117514038086
2026-07-06 09:30:00,195.36500549316406,195.36500549316406,195.47999572753906,194.0,194.38999938964844,10523683,0.38280258692224844,193.75411834716797,195.9949514770508
2026-07-06 09:45:00,196.27999877929688,196.27999877929688,196.72999572753906,194.57000732421875,195.3800048828125,5647739,0.46835065667112374,193.82914352416992,195.99655151367188
2026-07-06 10:00:00,196.60000610351562,196.60000610351562,197.4199981689453,196.02999877929688,196.27999877929688,5287192,0.16303613521955196,193.90588912963867,196.02265167236328
2026-07-06 10:15:00,196.57400512695312,196.57400512695312,196.75970458984375,195.87100219726562,196.60499572753906,3331542,-0.013225318288545562,194.0100891113281,196.04113189697264
2026-07-06 10:30:00,196.5500030517578,196.5500030517578,196.75999450683594,195.9499969482422,196.58990478515625,3015723,-0.01221019797598144,194.10958938598634,196.04903198242187
2026-07-06 10:45:00,196.02499389648438,196.02499389648438,196.72999572753906,195.66000366210938,196.5402069091797,2765520,-0.2671122600467202,194.2213394165039,196.03093200683594
2026-07-06 11:00:00,195.67999267578125,195.67999267578125,196.11000061035156,195.5800018310547,196.02000427246094,2376774,-0.1759985876522041,194.30333938598633,196.00413177490233
2026-07-06 11:15:00,196.5135040283203,196.5135040283203,196.5500030517578,195.36000061035156,195.6699981689453,2912354,0.4259563490070617,194.45451431274415,195.9927017211914
2026-07-06 11:30:00,196.1999969482422,196.1999969482422,196.64999389648438,196.1699981689453,196.5,2269368,-0.15953462416147257,194.61076431274415,195.98150177001952
2026-07-06 11:45:00,196.39999389648438,196.39999389648438,196.4499969482422,196.02999877929688,196.2093963623047,1770882,0.1019352453379252,194.77826385498048,195.96826171875
2026-07-06 12:00:00,197.1649932861328,197.1649932861328,197.5500030517578,196.25999450683594,196.41000366210938,3875278,0.3895109029645072,194.989013671875,195.96796173095703
2026-07-06 12:15:00,197.0,197.0,197.38999938964844,196.88999938964844,197.1699981689453,2423189,-0.08368285027827715,195.21176376342774,195.96496185302735
2026-07-06 12:30:00,196.69000244140625,196.69000244140625,197.24000549316406,196.61000061035156,197.00509643554688,1839874,-0.15735916679885387,195.3865089416504,195.94456176757814
2026-07-06 12:45:00,196.4600067138672,196.4600067138672,196.7100067138672,196.25999450683594,196.67999267578125,1917822,-0.11693310523374079,195.52137908935546,195.90966186523437
2026-07-06 13:00:00,196.5050048828125,196.5050048828125,196.87649536132812,196.3699951171875,196.42999267578125,1532559,0.02290449323401056,195.6853790283203,195.86536010742188
2026-07-06 13:15:00,195.97000122070312,195.97000122070312,196.5500030517578,195.85000610351562,196.52000427246094,1805366,-0.27225956022262077,195.8123794555664,195.81156005859376
2026-07-06 13:30:00,195.85499572753906,195.85499572753906,196.07000732421875,195.73500061035156,195.97000122070312,2091987,-0.058685254093837624,195.96112442016602,195.77045989990233
2026-07-06 13:45:00,195.69000244140625,195.69000244140625,196.07000732421875,195.6300048828125,195.85000610351562,1784756,-0.08424257217433118,196.0903747558594,195.7223599243164
2026-07-06 14:00:00,196.28500366210938,196.28500366210938,196.4600067138672,195.6999969482422,195.6999969482422,1862717,0.30405294766209234,196.22137527465821,195.68105987548827
2026-07-06 14:15:00,196.27000427246094,196.27000427246094,196.6699981689453,196.25,196.28500366210938,1569094,-0.007641638112232396,196.3038757324219,195.63906005859374
2026-07-06 14:30:00,196.30499267578125,196.30499267578125,196.47500610351562,196.0399932861328,196.27000427246094,1383452,0.017826668649645327,196.35087509155272,195.58055786132812
2026-07-06 14:45:00,196.625,196.625,196.64959716796875,196.3000030517578,196.30999755859375,1905806,0.1630153771724263,196.36812515258788,195.52705780029297
2026-07-06 15:00:00,196.85000610351562,196.85000610351562,196.97000122070312,196.49000549316406,196.6300048828125,2036114,0.1144341276620997,196.3806251525879,195.49905792236328
2026-07-06 15:15:00,196.85000610351562,196.85000610351562,197.13999938964844,196.7729949951172,196.85499572753906,2581322,0.0,196.39442520141603,195.4844580078125
2026-07-06 15:30:00,196.65499877929688,196.65499877929688,196.9499969482422,196.47999572753906,196.85499572753906,3541289,-0.09906391575938978,196.39967498779296,195.45555786132812
2026-07-06 15:45:00,195.5749969482422,195.5749969482422,197.03500366210938,195.4199981689453,196.64999389648438,8227729,-0.5491860556602224,196.37717514038087,195.38995788574218
2026-07-07 09:30:00,192.56640625,192.56640625,193.29989624023438,191.44000244140625,192.3699951171875,14983520,-1.5383309447466798,196.22149581909179,195.26062591552736
2026-07-07 09:45:00,192.63999938964844,192.63999938964844,192.88999938964844,191.5800018310547,192.5749969482422,6291519,0.03821701878410355,196.0278205871582,195.15642578125
2026-07-07 10:00:00,192.97799682617188,192.97799682617188,193.5,192.5399932861328,192.63499450683594,4869264,0.17545548047879223,195.8667205810547,195.0867855834961
2026-07-07 10:15:00,191.860107421875,191.860107421875,193.05499267578125,191.4600067138672,192.99000549316406,4747669,-0.5792833497509253,195.6397262573242,194.9991876220703
2026-07-07 10:30:00,191.65989685058594,191.65989685058594,192.17970275878906,191.14999389648438,191.8699951171875,4105610,-0.10435237109964746,195.36447143554688,194.9271856689453
2026-07-07 10:45:00,192.57000732421875,192.57000732421875,192.7899932861328,191.60000610351562,191.65499877929688,3294981,0.47485701943288383,195.14297180175782,194.88299591064452
2026-07-07 11:00:00,193.05690002441406,193.05690002441406,193.36500549316406,192.32000732421875,192.5800018310547,3598185,0.25283932163722156,194.9613166809082,194.84283203125
2026-07-07 11:15:00,193.0500030517578,193.0500030517578,193.19000244140625,192.54400634765625,193.02999877929688,3108658,-0.0035725077194181942,194.79081649780272,194.81403198242188
2026-07-07 11:30:00,193.47000122070312,193.47000122070312,193.48500061035156,192.8000946044922,193.0500030517578,2787823,0.21755926563373773,194.63906631469726,194.79223205566407
2026-07-07 11:45:00,194.72000122070312,194.72000122070312,194.77999877929688,193.44769287109375,193.4600067138672,3196874,0.6460949977325159,194.57656631469726,194.81083221435546
2026-07-07 12:00:00,196.1199951171875,196.1199951171875,196.16000366210938,194.60000610351562,194.72500610351562,4631677,0.7189779620520698,194.58981628417968,194.85243225097656
2026-07-07 12:15:00,197.38999938964844,197.38999938964844,197.58999633789062,195.97000122070312,196.1199951171875,5486598,0.6475649113197646,194.6748161315918,194.93043212890626
2026-07-07 12:30:00,197.2899932861328,197.2899932861328,198.1199951171875,196.78030395507812,197.38949584960938,4906344,-0.05066421998320969,194.72506561279297,195.01473205566407
2026-07-07 12:45:00,197.44000244140625,197.44000244140625,197.50999450683594,196.63099670410156,197.2899932861328,4149886,0.07603485243972141,194.78356552124023,195.10253204345702
2026-07-07 13:00:00,197.43499755859375,197.43499755859375,198.41000366210938,197.3302001953125,197.4499969482422,4252304,-0.0025348879409525793,194.84006576538087,195.19223205566405
2026-07-07 13:15:00,197.44000244140625,197.44000244140625,198.00999450683594,197.2899932861328,197.44000244140625,2379504,0.0025349521991513413,194.88081588745118,195.29013214111328
2026-07-07 13:30:00,197.9197998046875,197.9197998046875,198.25,197.3800048828125,197.42999267578125,2874960,0.2430091963879777,194.93430557250977,195.38462615966796
2026-07-07 13:45:00,197.94000244140625,197.94000244140625,198.13999938964844,197.625,197.92999267578125,2186741,0.010207486435764856,194.9888053894043,195.46817413330078
2026-07-07 14:00:00,197.52499389648438,197.52499389648438,197.9499969482422,197.3000030517578,197.9499969482422,1820464,-0.209663807114846,195.03230514526368,195.55417388916015
2026-07-07 14:15:00,197.27499389648438,197.27499389648438,197.77999877929688,197.22000122070312,197.5261993408203,1832141,-0.12656626134666116,195.11730499267577,195.63107391357423
2026-07-07 14:30:00,197.08999633789062,197.08999633789062,197.64999389648438,196.9600067138672,197.27999877929688,2412546,-0.09377648679124162,195.3434844970703,195.7152719116211
2026-07-07 14:45:00,196.41799926757812,196.41799926757812,197.35000610351562,196.32000732421875,197.08999633789062,2715807,-0.34095950215576876,195.5323844909668,195.78153198242188
2026-07-07 15:00:00,196.5050048828125,196.5050048828125,196.89500427246094,196.17010498046875,196.41799926757812,2776737,0.04429615185921332,195.70873489379883,195.83833221435546
2026-07-07 15:15:00,196.14500427246094,196.14500427246094,196.5,195.6999969482422,196.5,3243592,-0.18320175130717153,195.92297973632813,195.86883239746095
2026-07-07 15:30:00,196.03500366210938,196.03500366210938,196.6699981689453,195.47000122070312,196.14999389648438,3625341,-0.05608127046599076,196.1417350769043,195.88223236083985
2026-07-07 15:45:00,196.92999267578125,196.92999267578125,197.0500030517578,195.83999633789062,196.03500366210938,6954303,0.4565455132770513,196.35973434448243,195.89523223876952
2026-07-08 09:30:00,198.2655029296875,198.2655029296875,198.47000122070312,195.10499572753906,195.1300048828125,11514246,0.6781649842972248,196.6201644897461,195.92854217529296
2026-07-08 09:45:00,197.61500549316406,197.61500549316406,199.86000061035156,197.10000610351562,199.3249969482422,6262868,-0.32809410962134633,196.8484146118164,195.9493621826172
2026-07-08 10:00:00,197.32009887695312,197.32009887695312,197.72000122070312,196.3800048828125,197.57000732421875,3914347,-0.149232906415675,197.0409194946289,195.96476409912108
2026-07-08 10:15:00,197.00999450683594,197.00999450683594,197.5998992919922,196.52000427246094,197.30999755859375,3081363,-0.157158024895665,197.15541915893556,195.98446411132812
2026-07-08 10:30:00,197.25,197.25,197.36940002441406,196.77000427246094,197.00999450683594,2711825,0.12182401901226214,197.21191940307617,196.0158642578125
2026-07-08 10:45:00,198.78329467773438,198.78329467773438,199.3000030517578,196.0500030517578,197.25,9113192,0.7773357048082907,197.28158416748047,196.06126007080078
2026-07-08 11:00:00,197.25990295410156,197.25990295410156,199.4499969482422,197.16009521484375,198.78500366210938,5570203,-0.7663580212323828,197.28007965087892,196.08245819091798
2026-07-08 11:15:00,196.58999633789062,196.58999633789062,197.4600067138672,196.38999938964844,197.22999572753906,3557425,-0.3396060761354125,197.23757934570312,196.0862582397461
2026-07-08 11:30:00,197.4550018310547,197.4550018310547,197.83999633789062,196.5500030517578,196.5500030517578,2656682,0.4400048371115073,197.23857955932618,196.09205841064454
2026-07-08 11:45:00,197.23989868164062,197.23989868164062,197.60000610351562,196.86000061035156,197.4445037841797,2861339,-0.108937807307663,197.22857437133788,196.09685638427734
2026-07-08 12:00:00,198.7100067138672,198.7100067138672,198.7100067138672,197.2100067138672,197.22000122070312,2902612,0.7453400868956184,197.26808471679686,196.13725646972657
2026-07-08 12:15:00,199.2528076171875,199.2528076171875,200.10000610351562,198.44000244140625,198.7100067138672,5559286,0.27316233958056824,197.33372497558594,196.19311248779297
2026-07-08 12:30:00,199.58030700683594,199.58030700683594,199.8800048828125,198.906494140625,199.25999450683594,2920882,0.1643637515400309,197.4364906311035,196.25461853027343
2026-07-08 12:45:00,200.9949951171875,200.9949951171875,201.1999969482422,199.33009338378906,199.60169982910156,4555802,0.708831513273056,197.62249069213868,196.3551184082031
2026-07-08 13:00:00,200.625,200.625,201.1300048828125,200.24000549316406,201.0399932861328,3118480,-0.18408175635009627,197.79924087524415,196.45051849365234
2026-07-08 13:15:00,203.0800018310547,203.0800018310547,203.12899780273438,200.610595703125,200.61500549316406,5758771,1.2236769251362967,198.13234100341796,196.59831848144532
2026-07-08 13:30:00,202.61990356445312,202.61990356445312,203.7100067138672,202.5,203.08999633789062,6090845,-0.22656010560031525,198.4380859375,196.72501647949218
2026-07-08 13:45:00,202.1999969482422,202.1999969482422,202.66990661621094,201.92999267578125,202.61000061035156,3349068,-0.2072385825992451,198.74083557128907,196.84361633300782
2026-07-08 14:00:00,202.5200958251953,202.5200958251953,202.7899932861328,201.89999389648438,202.18499755859375,3178599,0.1583080523166691,199.06509017944336,196.9679183959961
2026-07-08 14:15:00,202.19000244140625,202.19000244140625,202.9600067138672,202.17999267578125,202.52499389648438,2897344,-0.1629929032198274,199.3280906677246,197.07921844482422
2026-07-08 14:30:00,203.09620666503906,203.09620666503906,203.23680114746094,202.09300231933594,202.1999969482422,3527524,0.4481943779071962,199.5696258544922,197.20414245605468
2026-07-08 14:45:00,204.17999267578125,204.17999267578125,204.1999969482422,202.8800048828125,203.0800018310547,5081361,0.5336318331782719,199.89787521362305,197.3507421875
2026-07-08 15:00:00,204.35499572753906,204.35499572753906,204.8300018310547,204.11000061035156,204.17999267578125,5118946,0.08571018612764103,200.24962005615234,197.50474212646483
2026-07-08 15:15:00,204.4550018310547,204.4550018310547,204.5500030517578,204.07000732421875,204.35499572753906,3977440,0.04893744004621503,200.6218704223633,197.6823422241211
2026-07-08 15:30:00,204.41000366210938,204.41000366210938,205.14999389648438,203.77000427246094,204.4550018310547,5529309,-0.02200883741767523,200.97987060546876,197.91921417236327
2026-07-08 15:45:00,204.14999389648438,204.14999389648438,204.9250030517578,203.85000610351562,204.42990112304688,9583760,-0.12720011788405206,201.24820556640626,198.1494140625
2026-07-09 09:30:00,201.67909240722656,201.67909240722656,204.4600067138672,201.5399932861328,204.4600067138672,16601925,-1.21033630327253,201.4691650390625,198.32343597412108
2026-07-09 09:45:00,202.10000610351562,202.10000610351562,202.677001953125,201.32000732421875,201.6300048828125,7582977,0.20870467596074693,201.74466552734376,198.5282339477539
2026-07-09 10:00:00,200.24989318847656,200.24989318847656,202.1699981689453,199.67999267578125,202.0800018310547,8073211,-0.9154442648019678,201.88441009521483,198.70003387451172
2026-07-09 10:15:00,200.23500061035156,200.23500061035156,200.27499389648438,198.97000122070312,200.22999572753906,7676854,-0.007436996788301453,202.0341651916504,198.85333374023438
2026-07-09 10:30:00,200.72999572753906,200.72999572753906,200.85800170898438,199.30999755859375,200.24850463867188,4885358,0.24720708950916048,202.135164642334,199.00679565429687
2026-07-09 10:45:00,201.2949981689453,201.2949981689453,201.6699981689453,200.52000427246094,200.75,5098913,0.28147384717387425,202.23727416992188,199.17169555664063
2026-07-09 11:00:00,201.36000061035156,201.36000061035156,202.02999877929688,201.110107421875,201.2899932861328,3531397,0.03229212946052051,202.32625885009764,199.3294955444336
2026-07-09 11:15:00,201.72000122070312,201.72000122070312,202.1999969482422,201.0,201.3699951171875,3101598,0.1787845695571777,202.36250915527344,199.46949554443358
2026-07-09 11:30:00,201.38999938964844,201.38999938964844,201.77999877929688,201.17030334472656,201.74000549316406,2701261,-0.16359400607658392,202.40075912475587,199.5748956298828
2026-07-09 11:45:00,201.74000549316406,201.74000549316406,202.1237030029297,201.33819580078125,201.39999389648438,2530723,0.17379517581626036,202.33375930786133,199.66189575195312
2026-07-09 12:00:00,202.02000427246094,202.02000427246094,202.5084991455078,201.7100067138672,201.75,4509920,0.13879189633825284,202.30376434326172,199.7564959716797
2026-07-09 12:15:00,202.17630004882812,202.17630004882812,202.36000061035156,201.91000366210938,202.02999877929688,2277609,0.07736648503204879,202.302579498291,199.85122192382812
2026-07-09 12:30:00,201.77999877929688,201.77999877929688,202.55999755859375,201.7100067138672,202.19000244140625,2184042,-0.19601766845843693,202.26557464599608,199.93812194824218
2026-07-09 12:45:00,201.7100067138672,201.7100067138672,201.99000549316406,201.63999938964844,201.75999450683594,1800006,-0.03468731581579565,202.24157485961913,200.0235220336914
2026-07-09 13:00:00,203.0749969482422,203.0749969482422,203.24000549316406,201.69009399414062,201.7100067138672,3486383,0.6767092305496103,202.2405143737793,200.1266259765625
2026-07-09 13:15:00,202.8300018310547,202.8300018310547,203.3300018310547,202.75,203.0749969482422,1967897,-0.12064267924127847,202.17301483154296,200.22442596435548
2026-07-09 13:30:00,203.17999267578125,203.17999267578125,203.30999755859375,202.77000427246094,202.8300018310547,1984590,0.17255378472957883,202.11426467895507,200.3375259399414
2026-07-09 13:45:00,203.32000732421875,203.32000732421875,203.5299072265625,203.110107421875,203.18499755859375,2189810,0.06891163179680859,202.0575149536133,200.4584262084961
2026-07-09 14:00:00,203.22000122070312,203.22000122070312,203.5500030517578,203.02029418945312,203.30999755859375,2136973,-0.049186553173863334,201.99801483154297,200.58102630615235
2026-07-09 14:15:00,203.50999450683594,203.50999450683594,203.52999877929688,202.92010498046875,203.22000122070312,2545843,0.14269918531191195,201.96601486206055,200.7228662109375
2026-07-09 14:30:00,204.00509643554688,204.00509643554688,204.1999969482422,203.52999877929688,203.52999877929688,3802301,0.24328138276978883,202.08231506347656,200.87286804199218
2026-07-09 14:45:00,203.47000122070312,203.47000122070312,204.00999450683594,203.39999389648438,203.99000549316406,2327754,-0.2622950231112475,202.15081481933595,201.01936798095704
2026-07-09 15:00:00,203.39010620117188,203.39010620117188,203.52000427246094,202.97000122070312,203.47999572753906,2447366,-0.03926624025749614,202.3078254699707,201.16647003173827
2026-07-09 15:15:00,203.7899932861328,203.7899932861328,204.5800018310547,203.32009887695312,203.38999938964844,4051007,0.19661088360187762,202.48557510375977,201.30367004394532
2026-07-09 15:30:00,203.9550018310547,203.9550018310547,204.1300048828125,203.5,203.77999877929688,3310334,0.0809698956563576,202.64682540893554,201.41746002197266
2026-07-09 15:45:00,202.72999572753906,202.72999572753906,204.10000610351562,202.58999633789062,203.95010375976562,6244507,-0.6006256735641924,202.71857528686525,201.51975982666016
2026-07-10 09:30:00,204.6199951171875,204.6199951171875,204.99000549316406,201.9199981689453,201.9199981689453,11487140,0.9322741722880057,202.88157501220704,201.66575775146484
2026-07-10 09:45:00,207.3314971923828,207.3314971923828,207.44000244140625,204.3800048828125,204.63999938964844,9559482,1.3251403283645047,203.16214981079102,201.87218780517577
2026-07-10 10:00:00,208.00289916992188,208.00289916992188,208.13999938964844,205.89999389648438,207.3300018310547,10359027,0.3238301881918426,203.4927947998047,202.08724578857422
2026-07-10 10:15:00,207.3000030517578,207.3000030517578,208.0500030517578,206.24000549316406,208.02000427246094,4828287,-0.33792611591910715,203.7707946777344,202.25757995605468
2026-07-10 10:30:00,206.92999267578125,206.92999267578125,207.83999633789062,205.72000122070312,207.2899932861328,5078786,-0.17849028969101344,204.01629409790038,202.45098175048827
2026-07-10 10:45:00,206.10000610351562,206.10000610351562,207.2100067138672,205.94000244140625,206.91000366210938,3743216,-0.40109534704620975,204.21247940063478,202.64118194580078
2026-07-10 11:00:00,207.1999969482422,207.1999969482422,207.4199981689453,205.87449645996094,206.11000061035156,5520155,0.5337170364633881,204.48347930908204,202.83608184814454
2026-07-10 11:15:00,208.57000732421875,208.57000732421875,208.8000030517578,207.1999969482422,207.1999969482422,5881361,0.6612019286461601,204.82647933959962,203.0626840209961
2026-07-10 11:30:00,207.99899291992188,207.99899291992188,209.47940063476562,207.66000366210938,208.58999633789062,6474534,-0.27377589502082245,205.0726791381836,203.2484637451172
2026-07-10 11:45:00,209.01809692382812,209.01809692382812,209.38999938964844,207.82000732421875,208.00999450683594,4605747,0.48995622026815067,205.38208389282227,203.44376953125
2026-07-10 12:00:00,209.0601043701172,209.0601043701172,209.5800018310547,208.9022979736328,209.02999877929688,4157544,0.020097516390826797,205.67608947753905,203.63336547851563
2026-07-10 12:15:00,209.7899932861328,209.7899932861328,210.55999755859375,209.02000427246094,209.0800018310547,6475243,0.34912874372408087,205.99958877563478,203.80926544189452
2026-07-10 12:30:00,209.81500244140625,209.81500244140625,210.3800048828125,209.67999267578125,209.7949981689453,3390480,0.011921042982887542,206.32933883666993,203.99306549072264
2026-07-10 12:45:00,209.6199951171875,209.6199951171875,210.02000427246094,209.41000366210938,209.81500244140625,2812684,-0.09294250742303278,206.6348388671875,204.12386535644532
2026-07-10 13:00:00,209.86000061035156,209.86000061035156,210.1905059814453,209.4801025390625,209.61500549316406,2913551,0.11449551510096523,206.92758407592774,204.2686672973633
2026-07-10 13:15:00,210.19000244140625,210.19000244140625,210.30999755859375,209.66000366210938,209.8699951171875,2530767,0.15724856099061935,207.2635841369629,204.42846740722655
2026-07-10 13:30:00,210.75,210.75,210.7899932861328,210.0800018310547,210.19000244140625,3447797,0.2664244503017388,207.6315788269043,204.59306549072267
2026-07-10 13:45:00,210.3800048828125,210.3800048828125,210.87989807128906,210.3300018310547,210.73599243164062,3464789,-0.17556114694543545,207.9610794067383,204.75686553955077
2026-07-10 14:00:00,210.07139587402344,210.07139587402344,210.84500122070312,209.9600067138672,210.3800048828125,3881204,-0.1466912261747333,208.26689910888672,204.89636932373048
2026-07-10 14:15:00,210.30999755859375,210.30999755859375,210.52999877929688,209.92999267578125,210.0749969482422,3010361,0.11358123440727841,208.64589920043946,205.0189694213867
2026-07-10 14:30:00,209.97500610351562,209.97500610351562,210.42999267578125,209.7899932861328,210.32000732421875,2365577,-0.1592846079439436,208.91364974975585,205.13136962890624
2026-07-10 14:45:00,210.1300048828125,210.1300048828125,210.25950622558594,209.82000732421875,209.97000122070312,2266900,0.07381772820165278,209.05357513427734,205.2448696899414
2026-07-10 15:00:00,210.22500610351562,210.22500610351562,210.73989868164062,210.08999633789062,210.13499450683594,4184493,0.04521068790537264,209.16468048095703,205.36116973876952
2026-07-10 15:15:00,209.96609497070312,209.96609497070312,210.22999572753906,209.74000549316406,210.22500610351562,4689999,-0.1231590559141238,209.2979850769043,205.4774917602539
2026-07-10 15:30:00,209.63999938964844,209.63999938964844,210.2899932861328,209.63999938964844,209.97000122070312,3903013,-0.15530868500468475,209.43348541259766,205.63670989990234
2026-07-10 15:45:00,210.9499969482422,210.9499969482422,211.0,209.55999755859375,209.63999938964844,9104274,0.6248795851973465,209.67598495483398,205.81370971679686
2026-07-13 09:30:00,208.11000061035156,208.11000061035156,210.57000732421875,207.66000366210938,208.5399932861328,13529039,-1.3462888736554213,209.72148513793945,205.97091186523437
2026-07-13 09:45:00,208.71499633789062,208.71499633789062,208.8300018310547,207.02000427246094,208.10000610351562,5419567,0.2907095890465117,209.72873458862304,206.14051177978516
2026-07-13 10:00:00,209.11000061035156,209.11000061035156,209.5800018310547,208.33999633789062,208.7100067138672,4571342,0.18925533832818697,209.78428497314454,206.3081118774414
2026-07-13 10:15:00,208.6300048828125,208.6300048828125,209.2899932861328,207.7100067138672,209.11500549316406,3494293,-0.22954221516812146,209.76488037109374,206.45481201171876
2026-07-13 10:30:00,207.30999755859375,207.30999755859375,208.8800048828125,207.07000732421875,208.6300048828125,3428473,-0.632702532389906,209.67737503051757,206.5738119506836
2026-07-13 10:45:00,207.39500427246094,207.39500427246094,207.6300048828125,206.63999938964844,207.31500244140625,3839605,0.04100463791822939,209.557625579834,206.68731201171875
2026-07-13 11:00:00,207.4199981689453,207.4199981689453,207.67999267578125,207.07000732421875,207.39500427246094,2992489,0.012051349342789841,209.43787536621093,206.8079119873047
2026-07-13 11:15:00,207.80499267578125,207.80499267578125,208.0469970703125,207.30999755859375,207.4199981689453,3062440,0.1856110839044245,209.3471252441406,206.92921173095704
2026-07-13 11:30:00,207.16000366210938,207.16000366210938,208.02999877929688,207.11000061035156,207.80999755859375,2679526,-0.3103818658862445,209.2121253967285,207.03201171875
2026-07-13 11:45:00,206.75,206.75,207.19219970703125,206.6699981689453,207.1300048828125,2919709,-0.19791641960873463,209.0401252746582,207.12348571777343
2026-07-13 12:00:00,206.2449951171875,206.2449951171875,206.8249969482422,205.8000030517578,206.75,3760625,-0.2442587099455884,208.81487503051758,207.21278564453124
2026-07-13 12:15:00,205.9199981689453,205.9199981689453,206.2440948486328,205.57000732421875,206.24000549316406,2623564,-0.15757810174134024,208.5918746948242,207.29698547363282
2026-07-13 12:30:00,205.1300048828125,205.1300048828125,205.9199981689453,204.52000427246094,205.9199981689453,4286866,-0.3836408766304866,208.34480514526368,207.3380856323242
2026-07-13 12:45:00,204.64999389648438,204.64999389648438,205.24000549316406,204.32000732421875,205.13499450683594,2737122,-0.23400330273591896,208.0618049621582,207.3744854736328
2026-07-13 13:00:00,204.7100067138672,204.7100067138672,205.16990661621094,204.49000549316406,204.63999938964844,2403161,0.02932461234921302,207.79855499267578,207.40508575439452
2026-07-13 13:15:00,204.24000549316406,204.24000549316406,204.8199005126953,203.83999633789062,204.7100067138672,3481813,-0.22959367167627587,207.50405502319336,207.42348571777345
2026-07-13 13:30:00,204.02000427246094,204.02000427246094,204.33999633789062,203.7100067138672,204.25,2579971,-0.10771700684785168,207.1938049316406,207.4394857788086
2026-07-13 13:45:00,203.64999389648438,203.64999389648438,204.13999938964844,203.47000122070312,204.02999877929688,2478507,-0.181359851106766,206.87799987792968,207.44228576660157
2026-07-13 14:00:00,204.16000366210938,204.16000366210938,204.4499969482422,203.60000610351562,203.64500427246094,3081328,0.2504344615321896,206.60400009155273,207.4453839111328
2026-07-13 14:15:00,203.6300048828125,203.6300048828125,204.22999572753906,203.6156005859375,204.15029907226562,2190064,-0.2595997109081316,206.23800048828124,207.448583984375
2026-07-13 14:30:00,204.10000610351562,204.10000610351562,204.2899932861328,203.35000610351562,203.61500549316406,2485737,0.23081137820215591,206.03750076293946,207.4627819824219
2026-07-13 14:45:00,203.7720947265625,203.7720947265625,204.13999938964844,203.5399932861328,204.1199951171875,2145225,-0.1606621103121486,205.79035568237305,207.46242401123047
2026-07-13 15:00:00,203.88999938964844,203.88999938964844,204.5,203.60000610351562,203.8000030517578,2535971,0.057861044832541175,205.52935562133788,207.46112396240235
2026-07-13 15:15:00,203.8300018310547,203.8300018310547,204.06900024414062,203.54910278320312,203.8699951171875,2626940,-0.029426435221613367,205.28935546875,207.48312408447265
2026-07-13 15:30:00,204.04989624023438,204.04989624023438,204.35000610351562,203.61000061035156,203.85000610351562,3313909,0.10788127714482787,205.12635040283203,207.47172210693358
2026-07-13 15:45:00,203.47999572753906,203.47999572753906,204.5,203.4199981689453,204.0399932861328,8342249,-0.2792946838965027,204.93059997558595,207.3946920776367
2026-07-14 09:30:00,204.2050018310547,204.2050018310547,208.33999633789062,203.8000030517578,208.1999969482422,12380767,0.3563033805477511,204.7698501586914,207.31873413085938
2026-07-14 09:45:00,205.0,205.0,205.52999877929688,204.1999969482422,204.1999969482422,5294028,0.3893137591228335,204.62960052490234,207.27273406982422
2026-07-14 10:00:00,204.6999969482422,204.6999969482422,205.1199951171875,204.05999755859375,204.99000549316406,3239665,-0.14634295207698322,204.506600189209,207.22813415527344
2026-07-14 10:15:00,205.53219604492188,205.53219604492188,206.0500030517578,204.2263946533203,204.64999389648438,4717728,0.40654572989080595,204.4457099914551,207.21677795410156
2026-07-14 10:30:00,206.50999450683594,206.50999450683594,207.42999267578125,205.25,205.5399932861328,3775688,0.4757398017098735,204.4589599609375,207.20297790527343
2026-07-14 10:45:00,207.48500061035156,207.48500061035156,207.67999267578125,206.35000610351562,206.47999572753906,2998027,0.47213506825372065,204.5372100830078,207.1812777709961
2026-07-14 11:00:00,207.77999877929688,207.77999877929688,208.3300018310547,207.2100067138672,207.5,3986437,0.14217806977734337,204.66970977783203,207.1768978881836
2026-07-14 11:15:00,209.10000610351562,209.10000610351562,209.13999938964844,207.76390075683594,207.77999877929688,3844049,0.6352908518499234,204.8922103881836,207.17853607177733
2026-07-14 11:30:00,209.13009643554688,209.13009643554688,209.30999755859375,208.42999267578125,209.1199951171875,3384317,0.014390402273045666,205.11321487426758,207.17993591308593
2026-07-14 11:45:00,209.1699981689453,209.1699981689453,209.3188018798828,208.32000732421875,209.1300048828125,2937416,0.019079861807802523,205.35971450805664,207.1675360107422
2026-07-14 12:00:00,208.55999755859375,208.55999755859375,209.27000427246094,208.3101043701172,209.18820190429688,2812996,-0.2916291130140358,205.5867141723633,207.14243591308593
2026-07-14 12:15:00,209.55499267578125,209.55499267578125,209.5850067138672,208.3699951171875,208.5749969482422,3053905,0.4770786003236216,205.88196411132813,207.14113586425782
2026-07-14 12:30:00,210.0800018310547,210.0800018310547,210.25950622558594,209.3000030517578,209.55999755859375,3576585,0.25053526454781316,206.1779640197754,207.14553588867187
2026-07-14 12:45:00,210.8699951171875,210.8699951171875,210.9149932861328,209.8000030517578,210.08999633789062,3810163,0.3760440209668925,206.53996353149415,207.1591357421875
2026-07-14 13:00:00,211.2100067138672,211.2100067138672,211.5,210.8000030517578,210.8699951171875,4525413,0.16124228413374464,206.8954635620117,207.16833587646485
2026-07-14 13:15:00,211.02999877929688,211.02999877929688,211.52000427246094,210.88999938964844,211.1999969482422,3110405,-0.08522699154788205,207.25835876464845,207.18133575439452
2026-07-14 13:30:00,210.7698974609375,210.7698974609375,211.24000549316406,210.50999450683594,211.02999877929688,2394521,-0.12325324355016987,207.60235366821288,207.19530578613282
2026-07-14 13:45:00,211.3101043701172,211.3101043701172,211.48370361328125,210.69000244140625,210.75999450683594,2457565,0.2563017374337395,207.97635879516602,207.21530792236328
2026-07-14 14:00:00,211.9149932861328,211.9149932861328,212.00999450683594,211.14999389648438,211.32000732421875,3325056,0.2862565033596942,208.36961364746094,207.2541076660156
2026-07-14 14:15:00,211.77969360351562,211.77969360351562,212.10000610351562,211.57000732421875,211.91000366210938,2951782,-0.06384620574463318,208.78459854125975,207.2871014404297
2026-07-14 14:30:00,212.09500122070312,212.09500122070312,212.5399932861328,211.72500610351562,211.77999877929688,3493592,0.14888472630327776,209.1790985107422,207.32450134277343
2026-07-14 14:45:00,212.32000732421875,212.32000732421875,212.42999267578125,211.91000366210938,212.0800018310547,2331304,0.10608741470596872,209.54509887695312,207.37157958984375
2026-07-14 15:00:00,211.72999572753906,211.72999572753906,212.33070373535156,211.4600067138672,212.32000732421875,2678080,-0.27788789389909807,209.89659881591797,207.41337951660157
2026-07-14 15:15:00,211.27499389648438,211.27499389648438,212.22500610351562,211.25999450683594,211.72999572753906,3111545,-0.21489719937471952,210.1837387084961,207.41987945556642
2026-07-14 15:30:00,211.7449951171875,211.7449951171875,211.875,211.02000427246094,211.27999877929688,3758280,0.22245946481171952,210.44548873901368,207.49257934570312
2026-07-14 15:45:00,211.8000030517578,211.8000030517578,212.3000030517578,211.47999572753906,211.75,8259596,0.025978387134895087,210.66123886108397,207.55427947998047
2026-07-15 09:30:00,212.0095977783203,212.0095977783203,213.80999755859375,211.16009521484375,212.00999450683594,11109086,0.09895879298513766,210.87271881103516,207.61227142333985
2026-07-15 09:45:00,211.99000549316406,211.99000549316406,212.0500030517578,210.7100067138672,211.9949951171875,4697485,-0.009241225567879763,211.01721878051757,207.67947143554687
2026-07-15 10:00:00,211.35499572753906,211.35499572753906,212.07989501953125,210.27999877929688,211.97999572753906,4149456,-0.299547030128966,211.1284637451172,207.76037139892577
2026-07-15 10:15:00,210.67999267578125,210.67999267578125,211.97000122070312,209.36000061035156,211.36500549316406,4560791,-0.3193693385076024,211.20396347045897,207.8260711669922
2026-07-15 10:30:00,209.98500061035156,209.98500061035156,210.82000732421875,209.36500549316406,210.67999267578125,4085179,-0.3298804298418667,211.27521362304688,207.87737121582032
2026-07-15 10:45:00,210.02999877929688,210.02999877929688,210.67999267578125,209.57009887695312,209.92999267578125,3417909,0.021429230094782703,211.29896392822266,207.92187133789062
2026-07-15 11:00:00,209.1199951171875,209.1199951171875,210.2100067138672,209.08999633789062,210.03500366210938,3566371,-0.4332731835444248,211.2509635925293,207.96107116699218
2026-07-15 11:15:00,209.5,209.5,209.52000427246094,208.3699951171875,209.11300659179688,3562226,0.18171618768427766,211.1824638366699,208.0160711669922
2026-07-15 11:30:00,208.89950561523438,208.89950561523438,209.73779296875,208.77000427246094,209.5050048828125,2241721,-0.28663216456592533,211.0669387817383,208.06916137695313
2026-07-15 11:45:00,208.64010620117188,208.64010620117188,208.97999572753906,208.3699951171875,208.89999389648438,4234906,-0.12417425943567206,210.94744415283202,208.12356353759765
2026-07-15 12:00:00,206.94200134277344,206.94200134277344,208.77000427246094,206.83189392089844,208.60000610351562,5634202,-0.813891868307004,210.75604934692382,208.1598034667969
2026-07-15 12:15:00,206.86000061035156,206.86000061035156,207.2899932861328,206.52000427246094,206.94009399414062,3216502,-0.03962498279218574,210.53354415893554,208.20400360107422
2026-07-15 12:30:00,206.6699981689453,206.6699981689453,207.10000610351562,206.0399932861328,206.85499572753906,3924142,-0.09185074003946747,210.27129440307618,208.24320343017578
2026-07-15 12:45:00,207.27999877929688,207.27999877929688,207.77999877929688,206.5,206.67739868164062,3553716,0.29515682767506934,210.04630966186522,208.30400329589844
2026-07-15 13:00:00,207.9499969482422,207.9499969482422,208.36990356445312,207.19000244140625,207.3000030517578,3029223,0.32323339101265613,209.83905944824218,208.38260314941405
2026-07-15 13:15:00,209.02999877929688,209.02999877929688,209.10989379882812,207.9199981689453,207.9600067138672,2883032,0.5193565024785629,209.6745590209961,208.49020324707033
2026-07-15 13:30:00,209.1199951171875,209.1199951171875,209.40989685058594,208.86000061035156,209.02999877929688,2237228,0.04305426896435982,209.5440589904785,208.58940307617186
2026-07-15 13:45:00,209.63999938964844,209.63999938964844,209.80499267578125,209.0500946044922,209.12989807128906,3001553,0.24866310472584363,209.46230926513672,208.70960296630858
2026-07-15 14:00:00,210.3699951171875,210.3699951171875,211.0,209.5800018310547,209.6199951171875,2802530,0.34821395232988994,209.39355926513673,208.83500274658203
2026-07-15 14:15:00,210.47000122070312,210.47000122070312,210.75,209.9199981689453,210.38499450683594,2071074,0.04753819738405607,209.327059173584,208.96896087646485
2026-07-15 14:30:00,210.3800048828125,210.3800048828125,210.7198944091797,210.2100067138672,210.49000549316406,1988651,-0.04275969846945227,209.2455795288086,209.09876098632813
2026-07-15 14:45:00,210.27000427246094,210.27000427246094,210.66000366210938,209.85000610351562,210.3800048828125,2433392,-0.0522866279106915,209.15957946777343,209.22756103515624
2026-07-15 15:00:00,211.64500427246094,211.64500427246094,212.00999450683594,210.19000244140625,210.27999877929688,4245755,0.6539211357119212,209.17407989501953,209.37946319580078
2026-07-15 15:15:00,210.968505859375,210.968505859375,211.74000549316406,210.41000366210938,211.63999938964844,2955653,-0.3196382619147675,209.18850555419922,209.5292333984375
2026-07-15 15:30:00,211.72000122070312,211.72000122070312,211.85000610351562,210.91000366210938,211.0,3050545,0.3562121077110181,209.2752555847168,209.67953338623047
2026-07-15 15:45:00,212.49000549316406,212.49000549316406,212.56930541992188,211.25999450683594,211.6999969482422,8537140,0.36368990554569436,209.39825592041015,209.82933349609374
2026-07-16 09:30:00,207.78500366210938,207.78500366210938,211.0800018310547,207.47500610351562,210.26499938964844,11070353,-2.21422265020651,209.33150634765624,209.89103363037108
2026-07-16 09:45:00,207.5,207.5,208.4600067138672,207.17999267578125,207.5399932861328,5200908,-0.1371627678062981,209.23150634765625,209.93038970947265
2026-07-16 10:00:00,208.58999633789062,208.58999633789062,208.64999389648438,207.2899932861328,207.47999572753906,4244881,0.5252994399472799,209.21603088378907,209.97198974609375
2026-07-16 10:15:00,208.9698944091797,208.9698944091797,209.27000427246094,207.9138946533203,208.5850067138672,4104323,0.18212669732908804,209.23252029418944,210.0016876220703
2026-07-16 10:30:00,207.84500122070312,207.84500122070312,209.14999389648438,207.6300048828125,208.9499969482422,2964528,-0.5383039464402106,209.27767028808594,210.00298767089845
2026-07-16 10:45:00,206.48500061035156,206.48500061035156,208.00999450683594,206.0,207.83999633789062,5320449,-0.6543340481436122,209.25892028808593,209.95068756103515
2026-07-16 11:00:00,206.02999877929688,206.02999877929688,206.75,205.85000610351562,206.5,4413816,-0.2203558755888957,209.2269203186035,209.88868560791016
2026-07-16 11:15:00,207.05999755859375,207.05999755859375,207.0970001220703,205.89999389648438,206.00999450683594,5304974,0.49992660554263324,209.21592025756837,209.84648559570311
2026-07-16 11:30:00,207.44000244140625,207.44000244140625,207.8699951171875,206.7100067138672,207.02999877929688,2642608,0.18352404486288165,209.19042053222657,209.82408569335936
2026-07-16 11:45:00,207.60000610351562,207.60000610351562,207.94000244140625,207.05999755859375,207.4149932861328,2528995,0.07713250107319602,209.1189208984375,209.78498596191406
2026-07-16 12:00:00,206.64999389648438,206.64999389648438,208.1699981689453,206.4644012451172,207.60000610351562,3271962,-0.457616656599491,208.99542083740235,209.71638580322266
2026-07-16 12:15:00,207.22000122070312,207.22000122070312,212.5,206.4700927734375,206.63999938964844,2495502,0.27583224827205655,208.8744209289551,209.64338592529296
2026-07-16 12:30:00,207.3000030517578,207.3000030517578,207.81500244140625,207.10000610351562,207.22999572753906,2448954,0.03860719553296921,208.7209213256836,209.56518585205077
2026-07-16 12:45:00,207.1999969482422,207.1999969482422,207.58999633789062,206.82000732421875,207.3000030517578,2150182,-0.048242210344129344,208.55742111206055,209.4885858154297
2026-07-16 13:00:00,207.0850067138672,207.0850067138672,207.6999969482422,206.6199951171875,207.2050018310547,2380343,-0.05549721817984521,208.39267120361328,209.41488800048828
2026-07-16 13:15:00,207.32260131835938,207.32260131835938,207.3498992919922,206.75,207.10499572753906,1920292,0.11473288591117292,208.24530105590821,209.33513793945312
2026-07-16 13:30:00,206.17999267578125,206.17999267578125,207.4499969482422,206.00999450683594,207.3300018310547,2515045,-0.5511259434872517,207.97205047607423,209.22043792724608
2026-07-16 13:45:00,206.6782989501953,206.6782989501953,206.8300018310547,205.875,206.1999053955078,2447239,0.24168507717314824,207.75754013061524,209.11841003417967
2026-07-16 14:00:00,206.82000732421875,206.82000732421875,207.24000549316406,206.27499389648438,206.67999267578125,2308922,0.06856470889455846,207.512540435791,209.01291015625
2026-07-16 14:15:00,206.88999938964844,206.88999938964844,207.3800048828125,206.58999633789062,206.80999755859375,4611113,0.03384201863989578,207.23254013061523,208.90430999755858
2026-07-16 14:30:00,206.9499969482422,206.9499969482422,206.98989868164062,206.52000427246094,206.8800048828125,1974334,0.02899973839758374,207.19078979492187,208.80871002197264
2026-07-16 14:45:00,207.02000427246094,207.02000427246094,207.4199981689453,206.8699951171875,206.94000244140625,1943067,0.033828134936508825,207.16679000854492,208.72361022949218
2026-07-16 15:00:00,206.82000732421875,206.82000732421875,207.66000366210938,206.68319702148438,207.0,3005330,-0.09660754715228315,207.07829055786132,208.62511047363282
2026-07-16 15:15:00,206.47000122070312,206.47000122070312,207.19000244140625,206.13999938964844,206.80999755859375,3033285,-0.16923222663218773,206.9532958984375,208.5185104370117
2026-07-16 15:30:00,206.05999755859375,206.05999755859375,206.57989501953125,205.94000244140625,206.4600067138672,3677225,-0.19857783682148966,206.86404571533203,208.39951843261719
2026-07-16 15:45:00,207.47000122070312,207.47000122070312,207.5399932861328,205.97000122070312,206.0500030517578,10513986,0.6842685037441232,206.9132957458496,208.30911834716798
2026-07-17 09:30:00,198.34500122070312,198.34500122070312,202.73500061035156,197.97000122070312,202.73500061035156,27000054,-4.398226223700153,206.52904586791993,208.04891845703125
2026-07-17 09:45:00,201.6649932861328,201.6649932861328,201.7299041748047,198.25999450683594,198.33099365234375,12375334,1.673847107311488,206.25929565429686,207.86861846923827
2026-07-17 10:00:00,204.49000549316406,204.49000549316406,205.5399932861328,201.52000427246094,201.69000244140625,8695417,1.4008441232152613,206.11179580688477,207.75871856689454
2026-07-17 10:15:00,203.8000030517578,203.8000030517578,206.1999969482422,203.60000610351562,204.5,6261285,-0.3374259977851679,205.9217956542969,207.63411865234374
2026-07-17 10:30:00,203.25,203.25,204.64500427246094,202.9001007080078,203.82000732421875,5515437,-0.26987391733165333,205.75179595947264,207.51671875
2026-07-17 10:45:00,203.01019287109375,203.01019287109375,204.2899932861328,202.76600646972656,203.2449951171875,4528136,-0.1179862872847437,205.5413055419922,207.38692260742187
2026-07-17 11:00:00,203.27999877929688,203.27999877929688,203.47999572753906,202.3699951171875,203.00999450683594,3730839,0.13290264118632766,205.34030532836914,207.27453247070312
2026-07-17 11:15:00,203.9250030517578,203.9250030517578,204.05999755859375,203.08999633789062,203.28509521484375,2955173,0.31729844369057236,205.17655563354492,207.18023040771484
2026-07-17 11:30:00,204.4250030517578,204.4250030517578,205.0,203.83999633789062,203.9250030517578,3625940,0.2451881782603582,205.04355545043944,207.12989044189453
2026-07-17 11:45:00,205.1199951171875,205.1199951171875,205.39990234375,204.2899932861328,204.39999389648438,2847295,0.3399741005525314,204.93342514038085,207.09509033203125
2026-07-17 12:00:00,205.02000427246094,205.02000427246094,205.3800048828125,204.0,205.1199951171875,4015835,-0.048747487864087,204.87542572021485,207.06209045410156
2026-07-17 12:15:00,204.8350067138672,204.8350067138672,205.2949981689453,204.1699981689453,205.0399932861328,2771626,-0.09023390632062478,204.78326110839845,207.01319061279298
2026-07-17 12:30:00,205.3000030517578,205.3000030517578,205.32200622558594,204.55999755859375,204.8249969482422,2013133,0.22701018998192435,204.7072608947754,206.9601907348633
2026-07-17 12:45:00,205.61000061035156,205.61000061035156,206.16000366210938,205.1699981689453,205.3300018310547,3170902,0.15099734728967196,204.64326095581055,206.89179077148438
2026-07-17 13:00:00,206.1649932861328,206.1649932861328,206.64500427246094,205.5800018310547,205.6199951171875,2687012,0.2699249424316763,204.60401077270507,206.8326907348633
2026-07-17 13:15:00,206.13499450683594,206.13499450683594,206.375,205.3509979248047,206.1649932861328,2489365,-0.014550859881068412,204.55976028442382,206.76259063720704
2026-07-17 13:30:00,205.30999755859375,205.30999755859375,206.22999572753906,205.11000061035156,206.13999938964844,2053655,-0.4002216849283369,204.48425979614257,206.66139068603516
2026-07-17 13:45:00,204.41000366210938,204.41000366210938,205.5,204.25,205.31500244140625,2155726,-0.4383585345022145,204.3812599182129,206.54019073486327
2026-07-17 14:00:00,203.63499450683594,203.63499450683594,204.7073974609375,203.6027069091797,204.42300415039062,2342067,-0.3791444358831497,204.260009765625,206.40529052734374
2026-07-17 14:15:00,203.3957977294922,203.3957977294922,203.6999969482422,202.99000549316406,203.63999938964844,2678587,-0.11746349291438252,204.05629959106446,206.2678063964844
2026-07-17 14:30:00,203.07000732421875,203.07000732421875,203.89999389648438,202.8000030517578,203.36000061035156,2702198,-0.16017558322749537,204.29254989624025,206.09630645751952
2026-07-17 14:45:00,203.30499267578125,203.30499267578125,203.6708984375,202.9600067138672,203.07000732421875,2358852,0.11571642442860242,204.37454986572266,205.94303619384766
2026-07-17 15:00:00,202.27000427246094,202.27000427246094,203.3800048828125,202.11000061035156,203.2949981689453,2924427,-0.5090816461014613,204.2635498046875,205.7540362548828
2026-07-17 15:15:00,202.96499633789062,202.96499633789062,203.11000061035156,201.63009643554688,202.25999450683594,3846139,0.3435962084093802,204.22179946899413,205.56353607177735
2026-07-17 15:30:00,203.04510498046875,203.04510498046875,203.3300018310547,202.52000427246094,202.97000122070312,4011833,0.0394691912514622,204.21155471801757,205.46873809814454
2026-07-17 15:45:00,202.63999938964844,202.63999938964844,203.82000732421875,202.5800018310547,203.02999877929688,7001101,-0.19951507368733967,204.19304504394532,205.3715380859375
2026-07-20 09:30:00,207.1999969482422,207.1999969482422,207.74000549316406,205.0800018310547,205.97500610351562,10796110,2.250294893569116,204.38904495239257,205.34373809814454
2026-07-20 09:45:00,205.85499572753906,205.85499572753906,207.29989624023438,205.5988006591797,207.1999969482422,3977085,-0.6491318728344853,204.48554458618165,205.28144012451173
2026-07-20 10:00:00,205.6999969482422,205.6999969482422,206.57989501953125,205.27000427246094,205.85000610351562,3173576,-0.07529512643065228,204.54929428100587,205.2385400390625
2026-07-20 10:15:00,205.93499755859375,205.93499755859375,205.99000549316406,204.66000366210938,205.72000122070312,3270804,0.11424434313953569,204.59004440307618,205.22753997802735
2026-07-20 10:30:00,205.51499938964844,205.51499938964844,206.25,205.2100067138672,205.9261016845703,2602941,-0.20394696089760522,204.61479415893555,205.21723999023436
2026-07-20 10:45:00,204.875,204.875,205.88999938964844,204.58009338378906,205.52999877929688,2242922,-0.3114124961920761,204.61679382324218,205.1735400390625
2026-07-20 11:00:00,205.77999877929688,205.77999877929688,206.0800018310547,204.71060180664062,204.875,2651092,0.44173216805216686,204.64079360961915,205.14033996582032
2026-07-20 11:15:00,206.49000549316406,206.49000549316406,206.5050048828125,205.6300048828125,205.7899932861328,2736919,0.34503193608659277,204.68479385375977,205.11813995361328
2026-07-20 11:30:00,206.1300048828125,206.1300048828125,206.53500366210938,205.5,206.4604949951172,2066191,-0.17434287412204652,204.68304443359375,205.10774017333983
2026-07-20 11:45:00,205.92010498046875,205.92010498046875,206.19000244140625,204.77999877929688,206.1300048828125,2517717,-0.10182889311193266,204.67229995727538,205.08174224853516
2026-07-20 12:00:00,205.889892578125,205.889892578125,206.3350067138672,205.74549865722656,205.94000244140625,1815170,-0.014671905080188008,204.70129470825196,205.0535400390625
2026-07-20 12:15:00,205.27499389648438,205.27499389648438,205.91000366210938,205.1300048828125,205.8852996826172,1635179,-0.29865413689859066,204.7445442199707,205.01503997802735
2026-07-20 12:30:00,204.30999755859375,204.30999755859375,205.36000061035156,204.2899932861328,205.2899932861328,2460631,-0.47009931388781734,204.7782943725586,204.95953979492188
2026-07-20 12:45:00,204.02000427246094,204.02000427246094,204.81500244140625,203.66000366210938,204.32000732421875,2174991,-0.1419378834115248,204.80950469970702,204.8934878540039
2026-07-20 13:00:00,203.1999969482422,203.1999969482422,204.10000610351562,203.11000061035156,204.02999877929688,1964389,-0.4019249617913223,204.8160041809082,204.83388793945312
2026-07-20 13:15:00,203.7899932861328,203.7899932861328,203.9199981689453,203.0426025390625,203.1999969482422,2084028,0.2903525328501466,204.8402542114258,204.77612182617187
2026-07-20 13:30:00,203.97500610351562,203.97500610351562,204.25999450683594,203.6501007080078,203.7899932861328,1524410,0.09078601672214415,204.9255043029785,204.7192218017578
2026-07-20 13:45:00,204.43499755859375,204.43499755859375,204.72999572753906,203.97500610351562,203.97999572753906,1716744,0.22551363711917904,204.99900436401367,204.6701217651367
2026-07-20 14:00:00,204.84429931640625,204.84429931640625,204.88999938964844,204.4539031982422,204.47000122070312,1556107,0.20021119803383947,205.08896408081054,204.6280078125
2026-07-20 14:15:00,204.30999755859375,204.30999755859375,205.01499938964844,204.24000549316406,204.8300018310547,1512886,-0.2608331106091488,205.1724639892578,204.57380767822266
2026-07-20 14:30:00,203.6300048828125,203.6300048828125,204.31500244140625,203.6300048828125,204.3105926513672,1840734,-0.33282398507504807,204.99396438598632,204.51000762939452
2026-07-20 14:45:00,203.35000610351562,203.35000610351562,203.7100067138672,203.13999938964844,203.6300048828125,1755933,-0.1375036942409369,204.86871490478515,204.44760772705078
2026-07-20 15:00:00,202.49000549316406,202.49000549316406,203.47000122070312,202.38999938964844,203.36500549316406,3460823,-0.4229164418681042,204.70821533203124,204.3762078857422
2026-07-20 15:15:00,202.95989990234375,202.95989990234375,203.0500030517578,202.27999877929688,202.47999572753906,2502235,0.23205807518018595,204.55946044921876,204.286005859375
2026-07-20 15:30:00,203.0500030517578,203.0500030517578,203.38999938964844,202.7100067138672,202.9499969482422,2420394,0.04439455747535792,204.43621063232422,204.38010589599608
2026-07-20 15:45:00,203.3800048828125,203.3800048828125,203.44000244140625,202.5800018310547,203.0500030517578,5450126,0.1625224457497687,204.36146087646483,204.41440612792968
2026-07-21 09:30:00,206.6999969482422,206.6999969482422,208.64999389648438,206.25999450683594,207.5399932861328,11355188,1.6324082927142491,204.4074607849121,204.45860595703124
2026-07-21 09:45:00,205.44000244140625,205.44000244140625,207.05999755859375,204.82000732421875,206.6999969482422,5309588,-0.6095764515910651,204.3549606323242,204.4914059448242
2026-07-21 10:00:00,204.50010681152344,204.50010681152344,205.9199981689453,204.0200958251953,205.44000244140625,4511455,-0.4575037084858291,204.27346572875976,204.5164080810547
2026-07-21 10:15:00,205.38999938964844,205.38999938964844,205.4499969482422,204.01010131835938,204.5,3350380,0.4351550676426674,204.24696044921876,204.56400421142578
2026-07-21 10:30:00,205.4409942626953,205.4409942626953,205.53529357910156,204.70030212402344,205.3699951171875,2665289,0.024828313549063452,204.22451553344726,204.60722412109374
2026-07-21 10:45:00,205.83050537109375,205.83050537109375,205.88999938964844,205.08999633789062,205.4499969482422,2593527,0.1895975580707976,204.25229110717774,204.64533416748046
2026-07-21 11:00:00,206.17739868164062,206.17739868164062,206.5800018310547,205.4600067138672,205.8300018310547,3634795,0.16853347851497613,204.34566116333008,204.68038208007812
2026-07-21 11:15:00,206.60000610351562,206.60000610351562,206.72999572753906,205.6999969482422,206.2100067138672,3027276,0.204972719889418,204.47466125488282,204.7099822998047
2026-07-21 11:30:00,206.14999389648438,206.14999389648438,206.82000732421875,206.1199951171875,206.6199951171875,3397562,-0.21781809958213438,204.6221611022949,204.73258209228516
2026-07-21 11:45:00,205.77000427246094,205.77000427246094,206.5,205.72000122070312,206.14500427246094,5114910,-0.18432676947555127,204.72116165161134,204.75128204345702
2026-07-21 12:00:00,205.8249969482422,205.8249969482422,206.5373992919922,205.58050537109375,205.77999877929688,2114760,0.026725312066600004,204.81366119384765,204.76178192138673
2026-07-21 12:15:00,205.0850067138672,205.0850067138672,206.10000610351562,205.02000427246094,205.8101043701172,2715480,-0.35952398656470264,204.84616165161134,204.75128204345702
2026-07-21 12:30:00,205.32000732421875,205.32000732421875,205.39500427246094,204.8300018310547,205.0800018310547,2960143,0.11458692866779252,204.86994705200195,204.73438232421876
2026-07-21 12:45:00,205.4573974609375,205.4573974609375,205.50729370117188,204.97000122070312,205.3300018310547,2509340,0.06691512362055896,204.92731704711915,204.72083038330078
2026-07-21 13:00:00,206.35499572753906,206.35499572753906,206.36000061035156,205.3000030517578,205.4550018310547,3426909,0.43687804756322723,205.06356658935547,204.74173034667967
2026-07-21 13:15:00,206.125,206.125,206.35499572753906,205.67999267578125,206.35009765625,2893107,-0.11145634091782597,205.2023162841797,204.7760302734375
2026-07-21 13:30:00,206.75999450683594,206.75999450683594,206.96499633789062,205.71119689941406,206.125,2658301,0.30806282927153816,205.4158157348633,204.8385302734375
2026-07-21 13:45:00,206.25999450683594,206.25999450683594,206.92999267578125,206.17999267578125,206.77020263671875,1610920,-0.24182627843098992,205.5808204650879,204.89581420898438
2026-07-21 14:00:00,206.17999267578125,206.17999267578125,206.64999389648438,206.16000366210938,206.27000427246094,1527344,-0.0387868870286634,205.73731994628906,204.95801391601563
2026-07-21 14:15:00,206.25,206.25,206.44000244140625,205.94000244140625,206.18499755859375,1513793,0.03395447022294107,205.88081970214844,205.0169140625
2026-07-21 14:30:00,207.0,207.0,207.0697021484375,206.22000122070312,206.24989318847656,2149596,0.363636363636366,205.89581985473632,205.11151397705078
2026-07-21 14:45:00,207.1699981689453,207.1699981689453,207.34500122070312,206.91000366210938,207.0,2297719,0.08212471929724963,205.9823196411133,205.19561401367187
2026-07-21 15:00:00,206.72999572753906,206.72999572753906,207.3000030517578,206.5,207.18499755859375,3628517,-0.21238714355127364,206.09381408691405,205.26931182861327
2026-07-21 15:15:00,206.77000427246094,206.77000427246094,207.19000244140625,206.61000061035156,206.72000122070312,2253531,0.0193530429781541,206.16281433105468,205.35191192626954
2026-07-21 15:30:00,206.92999267578125,206.92999267578125,207.2100067138672,206.61000061035156,206.7899932861328,2385334,0.07737505441529624,206.23726425170898,205.3465118408203
2026-07-21 15:45:00,207.17999267578125,207.17999267578125,207.82009887695312,206.5,206.92999267578125,8053849,0.12081380604487268,206.30473861694335,205.37301177978514
2026-07-22 09:30:00,207.26510620117188,207.26510620117188,207.42999267578125,204.9499969482422,205.80499267578125,8725900,0.04108192315839254,206.35912399291993,205.40431396484374
2026-07-22 09:45:00,207.75,207.75,208.22999572753906,206.76499938964844,207.27000427246094,5016536,0.23394859256120615,206.41662368774413,205.44061401367188
2026-07-22 10:00:00,207.0500030517578,207.0500030517578,207.77000427246094,206.52540588378906,207.72999572753906,3652494,-0.33694197267974957,206.4616241455078,205.47131408691405
2026-07-22 10:15:00,206.79949951171875,206.79949951171875,207.5850067138672,206.46490478515625,207.05999755859375,3150570,-0.12098697722618956,206.5130989074707,205.50980407714843
2026-07-22 10:30:00,207.28990173339844,207.28990173339844,208.17999267578125,206.4499969482422,206.8000030517578,4022213,0.23713897898089975,206.58634414672852,205.54000213623047
2026-07-22 10:45:00,209.22999572753906,209.22999572753906,209.5,207.17999267578125,207.2949981689453,4434997,0.9359327096579051,206.7935935974121,205.59480194091796
2026-07-22 11:00:00,212.99639892578125,212.99639892578125,213.11000061035156,209.10000610351562,209.17999267578125,9909807,1.8001258304984225,207.17741317749022,205.73212982177733
2026-07-22 11:15:00,212.1999969482422,212.1999969482422,213.5458984375,212.1199951171875,213.02000427246094,8418996,-0.3739039634264252,207.51454315185546,205.8577276611328
2026-07-22 11:30:00,211.98500061035156,211.98500061035156,212.6699981689453,211.83999633789062,212.22500610351562,4273103,-0.101317785571442,207.7960433959961,205.97962982177734
2026-07-22 11:45:00,213.2301025390625,213.2301025390625,213.61000061035156,211.8800048828125,211.98500061035156,5073159,0.5873537868839929,208.15129852294922,206.1387319946289
2026-07-22 12:00:00,213.4700927734375,213.4700927734375,213.6999969482422,212.9149932861328,213.2100067138672,5158881,0.11254988461633086,208.4868034362793,206.32193389892578
2026-07-22 12:15:00,213.5,213.5,214.25999450683594,213.41000366210938,213.47000122070312,5346362,0.014010031182332128,208.8488037109375,206.51153381347658
2026-07-22 12:30:00,213.59010314941406,213.59010314941406,214.32000732421875,213.3800048828125,213.49000549316406,3365546,0.04220288028762287,209.21930923461915,206.7193359375
2026-07-22 12:45:00,214.00999450683594,214.00999450683594,214.1699981689453,213.32000732421875,213.6199951171875,3940774,0.19658745945179135,209.60730895996093,206.92373596191408
2026-07-22 13:00:00,213.49000549316406,213.49000549316406,214.38999938964844,213.4600067138672,214.02999877929688,2948759,-0.24297417271101907,209.93180923461915,207.11403594970704
2026-07-22 13:15:00,213.75999450683594,213.75999450683594,213.83999633789062,213.1999969482422,213.49000549316406,2894590,0.12646447455382237,210.26130905151368,207.30053588867187
2026-07-22 13:30:00,213.85000610351562,213.85000610351562,214.37989807128906,213.6999969482422,213.77000427246094,3211728,0.042108719588696,210.6173095703125,207.48065002441408
2026-07-22 13:45:00,213.60000610351562,213.60000610351562,214.15989685058594,213.46009826660156,213.85000610351562,2305809,-0.11690436888693867,210.95880966186525,207.6664501953125
2026-07-22 14:00:00,213.52999877929688,213.52999877929688,213.9499969482422,213.50999450683594,213.58999633789062,2343872,-0.03277496358535803,211.288809967041,207.86445007324218
2026-07-22 14:15:00,213.74000549316406,213.74000549316406,213.8300018310547,213.47999572753906,213.52999877929688,2086632,0.0983499812990063,211.61681060791017,208.07225006103516
2026-07-22 14:30:00,213.6699981689453,213.6699981689453,213.8000030517578,213.4600067138672,213.72999572753906,2413376,-0.03275349603235611,211.93705520629882,208.2958499145508
2026-07-22 14:45:00,213.77000427246094,213.77000427246094,213.99000549316406,213.57000732421875,213.66580200195312,2195639,0.04680399886396458,212.23805541992186,208.51205200195312
2026-07-22 15:00:00,213.32000732421875,213.32000732421875,214.2050018310547,213.30999755859375,213.77000427246094,3027493,-0.21050518746710267,212.55155563354492,208.71745208740234
2026-07-22 15:15:00,213.35000610351562,213.35000610351562,213.58999633789062,212.91000366210938,213.32000732421875,3972715,0.014062806237991055,212.87908096313475,208.9168521118164
2026-07-22 15:30:00,212.47999572753906,212.47999572753906,213.39999389648438,212.36000061035156,213.35000610351562,4868560,-0.40778549383047036,213.1385856628418,209.03245208740233
2026-07-22 15:45:00,212.05990600585938,212.05990600585938,212.80999755859375,211.72000122070312,212.49000549316406,8533201,-0.19770789256714494,213.28008117675782,209.1648501586914
2026-07-23 09:30:00,209.6999969482422,209.6999969482422,210.8686981201172,208.4499969482422,209.39500427246094,11380322,-1.1128501856225381,213.11526107788086,209.2688479614258
2026-07-23 09:45:00,208.92999267578125,208.92999267578125,210.3553009033203,208.72999572753906,209.67010498046875,4934455,-0.3671932683198764,212.9517608642578,209.33964782714844
2026-07-23 10:00:00,208.6300048828125,208.6300048828125,209.9600067138672,208.47000122070312,208.9499969482422,4416179,-0.14358292417798735,212.78401107788085,209.4034280395508
2026-07-23 10:15:00,208.5760040283203,208.5760040283203,209.22000122070312,208.0500030517578,208.64990234375,3506387,-0.02588355137245202,212.55130615234376,209.45833801269532
2026-07-23 10:30:00,208.2100067138672,208.2100067138672,209.12989807128906,207.33999633789062,208.5399932861328,3951734,-0.17547431506235167,212.28830184936524,209.49899017333985
2026-07-23 10:45:00,207.30499267578125,207.30499267578125,208.7100067138672,207.1999969482422,208.24000549316406,3182161,-0.43466404538838876,211.9785514831543,209.51308990478515
2026-07-23 11:00:00,206.63999938964844,206.63999938964844,207.33999633789062,206.52999877929688,207.3300018310547,4409387,-0.32078015948840966,211.63104629516602,209.52289001464842
2026-07-23 11:15:00,206.3800048828125,206.3800048828125,207.77960205078125,206.04010009765625,206.6300048828125,3859916,-0.12582002884431454,211.24954681396486,209.53509002685547
2026-07-23 11:30:00,207.22999572753906,207.22999572753906,207.49000549316406,205.9600067138672,206.34500122070312,3312792,0.4118571686289041,210.9365463256836,209.56319000244142
2026-07-23 11:45:00,208.1800994873047,208.1800994873047,208.25,207.10000610351562,207.22999572753906,2764966,0.45847791311774966,210.65755157470704,209.62509185791015
2026-07-23 12:00:00,208.8800048828125,208.8800048828125,209.42999267578125,208.0399932861328,208.19000244140625,2915527,0.3362018738733985,210.40905151367187,209.69629180908203
2026-07-23 12:15:00,209.6300048828125,209.6300048828125,209.81500244140625,208.72000122070312,208.8699951171875,2587242,0.35905782385479146,210.2105514526367,209.77974395751954
2026-07-23 12:30:00,209.97500610351562,209.97500610351562,210.38999938964844,209.24000549316406,209.63999938964844,3044314,0.16457625944148457,210.03280181884764,209.85214416503905
2026-07-23 12:45:00,209.8800048828125,209.8800048828125,209.97000122070312,209.4199981689453,209.9600067138672,2134160,-0.045244061408089564,209.83980178833008,209.92724426269533
2026-07-23 13:00:00,210.09010314941406,210.09010314941406,210.42999267578125,209.17999267578125,209.88999938964844,2415541,0.10010399357427424,209.66080703735352,209.99384643554689
2026-07-23 13:15:00,210.1300048828125,210.1300048828125,210.42999267578125,209.80999755859375,210.05999755859375,1623639,0.018992676380413798,209.4788070678711,210.07124664306642
2026-07-23 13:30:00,209.44000244140625,209.44000244140625,210.1999969482422,209.14999389648438,210.13499450683594,1670467,-0.32836930727292435,209.28480682373046,210.1364468383789
2026-07-23 13:45:00,209.07000732421875,209.07000732421875,209.8300018310547,209.0,209.35049438476562,1466498,-0.1766592402953293,209.07080688476563,210.19284698486328
2026-07-23 14:00:00,208.4550018310547,208.4550018310547,209.10989379882812,208.25999450683594,209.08999633789062,2280464,-0.29416246789063516,208.86955718994142,210.22194702148437
2026-07-23 14:15:00,208.57000732421875,208.57000732421875,208.72889709472656,208.19000244140625,208.4600067138672,1877756,0.05517041671050382,208.69506225585937,210.24994720458983
2026-07-23 14:30:00,207.6793975830078,207.6793975830078,208.8249969482422,207.5800018310547,208.57980346679688,2327486,-0.42700758015820073,208.59403228759766,210.2689352416992
2026-07-23 14:45:00,207.6750030517578,207.6750030517578,208.0198974609375,207.3300018310547,207.64999389648438,2102448,-0.0021160169478284807,208.5312828063965,210.28703521728517
2026-07-23 15:00:00,207.38999938964844,207.38999938964844,207.82000732421875,207.1199951171875,207.6741943359375,2074442,-0.13723541972855413,208.4692825317383,210.2962353515625
2026-07-23 15:15:00,207.84500122070312,207.84500122070312,208.1649932861328,207.36000061035156,207.3800048828125,2808685,0.21939429692547918,208.43273239135743,210.30953552246095
2026-07-23 15:30:00,206.9700927734375,206.9700927734375,207.88999938964844,206.88999938964844,207.85000610351562,3088279,-0.4209427420083012,208.37073669433593,210.30363525390624
2026-07-23 15:45:00,208.6999969482422,208.6999969482422,208.97999572753906,206.91000366210938,206.97999572753906,7617498,0.8358232591113346,208.44048690795898,210.3226351928711
2026-07-24 09:30:00,207.80369567871094,207.80369567871094,208.60000610351562,206.72999572753906,207.55999755859375,6675566,-0.4294687506648742,208.4986717224121,210.33770904541015
2026-07-24 09:45:00,206.28390502929688,206.28390502929688,208.49000549316406,205.6699981689453,207.77000427246094,5612607,-0.7313588165264617,208.49386672973634,210.32739715576173
2026-07-24 10:00:00,207.91000366210938,207.91000366210938,208.3000030517578,206.2301025390625,206.2899932861328,4336905,0.788281874236163,208.52786712646486,210.33979919433594
2026-07-24 10:15:00,208.11000061035156,208.11000061035156,208.35000610351562,206.47000122070312,207.92999267578125,3680861,0.09619399967266684,208.52436218261718,210.3173992919922
2026-07-24 10:30:00,207.4700927734375,207.4700927734375,208.25990295410156,207.11099243164062,208.11000061035156,3485395,-0.3074853851507964,208.45386657714843,210.20687316894532
2026-07-24 10:45:00,209.4949951171875,209.4949951171875,209.5800018310547,207.10000610351562,207.47999572753906,4261469,0.9759972228678082,208.44711608886718,210.15277313232423
2026-07-24 11:00:00,209.72999572753906,209.72999572753906,210.04989624023438,208.58999633789062,209.52000427246094,3992387,0.11217480886362985,208.43486557006835,210.10767303466798
2026-07-24 11:15:00,209.2100067138672,209.2100067138672,210.36000061035156,209.10000610351562,209.71499633789062,3347179,-0.2479325915532793,208.4013656616211,210.02727111816407
2026-07-24 11:30:00,209.22999572753906,209.22999572753906,209.85499572753906,208.97999572753906,209.2100067138672,2774061,0.009554520830934443,208.35836029052734,209.9424691772461
2026-07-24 11:45:00,210.18099975585938,210.18099975585938,210.30999755859375,209.15499877929688,209.24000549316406,2471300,0.454525664455252,208.36091003417968,209.8760891723633
2026-07-24 12:00:00,210.8699951171875,210.8699951171875,211.90989685058594,210.00999450683594,210.18499755859375,5869962,0.3278104881642152,208.43240966796876,209.82168701171875
2026-07-24 12:15:00,210.77000427246094,210.77000427246094,211.10000610351562,210.6699981689453,210.85000610351562,3442320,-0.047418242064733995,208.51740951538085,209.75688720703124
2026-07-24 12:30:00,210.17999267578125,210.17999267578125,210.8800048828125,209.97999572753906,210.77499389648438,2320326,-0.27993148205139873,208.6036590576172,209.69068695068358
2026-07-24 12:45:00,210.22000122070312,210.22000122070312,210.42999267578125,209.75999450683594,210.1699981689453,2439516,0.019035372688214203,208.6861587524414,209.61988708496094
2026-07-24 13:00:00,209.7899932861328,209.7899932861328,210.33059692382812,209.52000427246094,210.24000549316406,2434325,-0.2045513900073015,208.79168853759765,209.5386868286133
2026-07-24 13:15:00,210.25,210.25,210.35499572753906,209.61000061035156,209.7801055908203,1844245,0.21927009323070568,208.92043838500976,209.47168670654298
2026-07-24 13:30:00,209.85000610351562,209.85000610351562,210.52999877929688,209.80999755859375,210.27000427246094,1739096,-0.19024679975475633,209.04343872070314,209.39808685302734
2026-07-24 13:45:00,209.6999969482422,209.6999969482422,210.29989624023438,209.6699981689453,209.85000610351562,1435377,-0.07148398899708974,209.13618850708008,209.3172866821289
2026-07-24 14:00:00,209.28500366210938,209.28500366210938,209.91000366210938,209.01010131835938,209.6999969482422,1805412,-0.19789856565197717,209.25193405151367,209.22958679199218
2026-07-24 14:15:00,207.8249969482422,207.8249969482422,209.33999633789062,207.72999572753906,209.27000427246094,2858937,-0.6976164982295474,209.20818405151368,209.11068664550783
2026-07-24 14:30:00,206.22000122070312,206.22000122070312,207.88580322265625,206.1300048828125,207.8300018310547,4053718,-0.7722823294152525,209.12899932861328,208.9686865234375
2026-07-24 14:45:00,206.27999877929688,206.27999877929688,207.05999755859375,206.02000427246094,206.22000122070312,4695385,0.029093957054882047,209.1288040161133,208.8272863769531
2026-07-24 15:00:00,205.10000610351562,205.10000610351562,206.7100067138672,204.94000244140625,206.27000427246094,4675593,-0.572034459358195,208.9883041381836,208.67968658447265
2026-07-24 15:15:00,205.60659790039062,205.60659790039062,205.83799743652344,204.80999755859375,205.08999633789062,4568377,0.24699745577740906,208.86313400268554,208.5506204223633
2026-07-24 15:30:00,205.77999877929688,205.77999877929688,206.1199951171875,205.3699951171875,205.60000610351562,4388316,0.08433624245378635,208.77862930297852,208.47222045898437
2026-07-24 15:45:00,206.9600067138672,206.9600067138672,207.17999267578125,205.2899932861328,205.77499389648438,8860080,0.5734317919964038,208.6518798828125,208.4328207397461
2026-07-27 09:30:00,202.27499389648438,202.27499389648438,208.75,202.0493927001953,208.11000061035156,12529789,-2.263728578178914,208.27912979125978,208.30572052001952
2026-07-27 09:45:00,201.76499938964844,201.76499938964844,203.0399932861328,201.1999969482422,202.27499389648438,8560103,-0.25212929043365584,207.90687942504883,208.1695004272461
2026-07-27 10:00:00,201.135498046875,201.135498046875,202.9290008544922,200.85000610351562,201.80999755859375,6134565,-0.31199729619989514,207.5021545410156,208.02801025390625
2026-07-27 10:15:00,198.94500732421875,198.94500732421875,201.58999633789062,198.8800048828125,201.14999389648438,7568178,-1.089062221202619,206.9403549194336,207.860810546875
2026-07-27 10:30:00,197.6699981689453,197.6699981689453,199.639892578125,197.4199981689453,198.9499969482422,8894514,-0.640885223721932,206.28035507202148,207.68141052246094
2026-07-27 10:45:00,199.77499389648438,199.77499389648438,200.0,197.68280029296875,197.69000244140625,7006526,1.0649040051793568,205.73060455322266,207.54931030273437
2026-07-27 11:00:00,197.91000366210938,197.91000366210938,199.89999389648438,197.7100067138672,199.8000030517578,5317371,-0.9335453842343133,205.11710510253906,207.36291046142577
2026-07-27 11:15:00,197.06500244140625,197.06500244140625,198.3800048828125,196.77000427246094,197.91000366210938,6003717,-0.4269623591871552,204.45935516357423,207.1406085205078
2026-07-27 11:30:00,196.8300018310547,196.8300018310547,197.0749969482422,195.9199981689453,197.0749969482422,6053181,-0.11925030190047536,203.8113555908203,206.89960845947266
2026-07-27 11:45:00,197.60000610351562,197.60000610351562,197.6300048828125,196.4199981689453,196.8300018310547,4025296,0.3912026953705183,203.1788558959961,206.6590084838867
2026-07-27 12:00:00,197.69000244140625,197.69000244140625,198.5399932861328,197.47000122070312,197.60000610351562,4049448,0.045544704003441794,202.57085571289062,206.41330841064453
2026-07-27 12:15:00,197.77999877929688,197.77999877929688,198.33180236816406,196.77099609375,197.69000244140625,4176818,0.04552397024593091,201.97485580444337,206.1713082885742
2026-07-27 12:30:00,197.30999755859375,197.30999755859375,198.14999389648438,196.72999572753906,197.77999877929688,2819015,-0.23763839802001252,201.37610549926757,205.91570617675782
2026-07-27 12:45:00,196.32510375976562,196.32510375976562,197.82510375976562,196.1804962158203,197.32000732421875,3607240,-0.4991606157897066,200.80111083984374,205.63960815429687
2026-07-27 13:00:00,195.9949951171875,195.9949951171875,196.39999389648438,195.58009338378906,196.3300018310547,3502827,-0.16814387781098894,200.28986053466798,205.3707080078125
2026-07-27 13:15:00,195.57000732421875,195.57000732421875,196.0198974609375,195.44000244140625,195.9949951171875,3020650,-0.21683604355031694,199.75436096191407,205.1007080078125
2026-07-27 13:30:00,195.89999389648438,195.89999389648438,196.1699981689453,195.5,195.5800018310547,2326350,0.16873066416496219,199.2943603515625,204.8496078491211
2026-07-27 13:45:00,196.7949981689453,196.7949981689453,196.8394012451172,195.75999450683594,195.91000366210938,3091838,0.45686794300456857,198.85378036499023,204.61410766601563
2026-07-27 14:00:00,196.61300659179688,196.61300659179688,197.0800018310547,196.35000610351562,196.8000030517578,2640171,-0.09247774528913233,198.39543075561522,204.39277984619142
2026-07-27 14:15:00,196.7050018310547,196.7050018310547,196.74989318847656,196.0500030517578,196.60659790039062,2107503,0.04679000685281487,197.8826805114746,204.17337982177733
2026-07-27 14:30:00,196.78509521484375,196.78509521484375,196.8000030517578,196.08999633789062,196.69500732421875,2450711,0.04071751254086653,197.6081855773926,203.96128173828126
2026-07-27 14:45:00,197.44949340820312,197.44949340820312,197.64999389648438,196.5500030517578,196.78500366210938,2923071,0.33762627836930736,197.3924102783203,203.75337158203126
2026-07-27 15:00:00,197.50999450683594,197.50999450683594,197.8300018310547,197.1649932861328,197.44000244140625,4092627,0.03064130354983874,197.21113510131835,203.56416961669922
2026-07-27 15:15:00,197.72999572753906,197.72999572753906,198.02000427246094,197.41000366210938,197.50999450683594,3305868,0.11138738637122003,197.15038452148437,203.34476959228516
2026-07-27 15:30:00,196.8000030517578,196.8000030517578,197.8300018310547,196.66009521484375,197.72999572753906,4064647,-0.4703346461721103,197.106884765625,203.1246957397461
2026-07-27 15:45:00,196.52000427246094,196.52000427246094,197.39999389648438,196.30999755859375,196.8000030517578,9646802,-0.14227580028198794,196.94413528442382,202.92941772460938
2026-07-28 09:30:00,194.3000030517578,194.3000030517578,195.4550018310547,193.57000732421875,194.9499969482422,16710095,-1.1296566112553363,196.76363525390624,202.65721771240234
2026-07-28 09:45:00,193.6300048828125,193.6300048828125,194.5,192.8000030517578,194.27000427246094,7536609,-0.34482663840558203,196.59188537597657,202.36761779785155
2026-07-28 10:00:00,193.91000366210938,193.91000366210938,195.1699981689453,193.52000427246094,193.63999938964844,6017080,0.14460505718951744,196.4458854675293,202.096416015625
2026-07-28 10:15:00,194.08999633789062,194.08999633789062,194.17999267578125,192.74000549316406,193.92999267578125,6557458,0.09282279015108141,196.27038497924804,201.78831604003906
2026-07-28 10:30:00,196.0198974609375,196.0198974609375,196.33999633789062,193.89999389648438,194.08999633789062,6283680,0.9943331235305441,196.1868797302246,201.51411407470704
2026-07-28 10:45:00,196.77000427246094,196.77000427246094,197.59739685058594,195.71420288085938,196.00999450683594,5847016,0.38266870926861873,196.13638000488282,201.2653140258789
2026-07-28 11:00:00,196.4810028076172,196.4810028076172,197.08999633789062,195.86000061035156,196.77999877929688,3986255,-0.14687272377327254,196.09493026733398,201.01033416748047
2026-07-28 11:15:00,196.72000122070312,196.72000122070312,197.85000610351562,196.26499938964844,196.50999450683594,4549595,0.12163945097529716,196.11467514038085,200.74111419677735
2026-07-28 11:30:00,197.74009704589844,197.74009704589844,197.89999389648438,196.44000244140625,196.6999969482422,3621673,0.5185521649376357,196.2019302368164,200.47851623535155
2026-07-28 11:45:00,198.3300018310547,198.3300018310547,198.61000061035156,197.69000244140625,197.7301025390625,4206894,0.29832330112558036,196.3399299621582,200.22971618652343
2026-07-28 12:00:00,197.69000244140625,197.69000244140625,198.6999969482422,197.4499969482422,198.3300018310547,3172886,-0.3226941883425205,196.4294303894043,199.97991638183595
2026-07-28 12:15:00,197.27999877929688,197.27999877929688,198.17999267578125,197.25,197.6699981689453,2375816,-0.20739726695633287,196.45368041992188,199.7211163330078
2026-07-28 12:30:00,197.67999267578125,197.67999267578125,197.8300018310547,196.60000610351562,197.27999877929688,4459099,0.20275440944819145,196.50702972412108,199.47891632080078
2026-07-28 12:45:00,198.0200958251953,198.0200958251953,198.2449951171875,197.35000610351562,197.6699981689453,2112344,0.17204733003601813,196.57278442382812,199.23431823730468
2026-07-28 13:00:00,197.6199951171875,197.6199951171875,198.19000244140625,197.14999389648438,198.02999877929688,2402845,-0.2020505577176368,196.61452941894532,198.98971801757813
2026-07-28 13:15:00,197.6999969482422,197.6999969482422,198.24000549316406,197.52999877929688,197.61500549316406,1909729,0.04048266017173674,196.62705459594727,198.74971801757812
2026-07-28 13:30:00,197.35000610351562,197.35000610351562,198.08990478515625,197.27000427246094,197.69009399414062,1754416,-0.17703128484022335,196.61905517578126,198.51101806640625
2026-07-28 13:45:00,197.10000610351562,197.10000610351562,197.4394989013672,196.6699981689453,197.35000610351562,1876448,-0.12667848607457177,196.5875556945801,198.2965182495117
2026-07-28 14:00:00,196.8699951171875,196.8699951171875,197.39930725097656,196.75,197.10000610351562,1571946,-0.11669760487339476,196.59105529785157,198.10951812744142
2026-07-28 14:15:00,196.7050018310547,196.7050018310547,197.1699981689453,196.64999389648438,196.8699951171875,1737030,-0.08380824413318777,196.60030517578124,197.91801818847657
2026-07-28 14:30:00,197.00999450683594,197.00999450683594,197.33999633789062,196.53309631347656,196.7050018310547,1975966,0.15505079837430102,196.73580474853514,197.75621795654297
2026-07-28 14:45:00,197.07000732421875,197.07000732421875,197.38999938964844,196.85000610351562,197.00999450683594,2706563,0.03046181364201317,196.90780487060547,197.58548614501953
2026-07-28 15:00:00,197.60499572753906,197.60499572753906,197.74000549316406,197.05369567871094,197.07000732421875,3101215,0.2714712454646495,197.09255447387696,197.42198608398436
2026-07-28 15:15:00,197.88999938964844,197.88999938964844,198.02999877929688,197.2899932861328,197.5800018310547,2386687,0.14422897612484942,197.28255462646484,197.2405859375
2026-07-28 15:30:00,197.17999267578125,197.17999267578125,197.99000549316406,197.0,197.91000366210938,4733716,-0.35878857752138504,197.34055938720704,197.13868591308594
2026-07-28 15:45:00,196.9499969482422,196.9499969482422,198.14999389648438,196.75,197.17999267578125,8805369,-0.11664252768142092,197.34955902099608,197.04238586425782
2026-07-29 09:30:00,196.4199981689453,196.4199981689453,197.07400512695312,194.86000061035156,195.84500122070312,8703818,-0.26910321782648294,197.3465087890625,196.9480758666992
2026-07-29 09:45:00,193.3800048828125,193.3800048828125,196.58990478515625,192.64999389648438,196.38999938964844,5844405,-1.5477004961165108,197.17950897216798,196.8367758178711
2026-07-29 10:00:00,191.7899932861328,191.7899932861328,193.64999389648438,191.1999969482422,193.38999938964844,6874409,-0.822221303408921,196.8820037841797,196.71917572021485
2026-07-29 10:15:00,191.63499450683594,191.63499450683594,192.47999572753906,190.92300415039062,191.7899932861328,5354105,-0.08081692722394784,196.54725341796876,196.55637573242188
2026-07-29 10:30:00,191.11000061035156,191.11000061035156,192.30999755859375,190.9600067138672,191.61000061035156,3993917,-0.27395512903862773,196.218253326416,196.42037567138672
2026-07-29 10:45:00,192.48500061035156,192.48500061035156,192.6300048828125,191.00999450683594,191.10000610351562,4012056,0.719480924916871,195.97850341796874,196.32877563476563
2026-07-29 11:00:00,192.38999938964844,192.38999938964844,193.16000366210938,192.16000366210938,192.47999572753906,3382699,-0.04935512917987328,195.7140037536621,196.2399755859375
2026-07-29 11:15:00,192.375,192.375,193.1199951171875,192.22000122070312,192.39500427246094,2591831,-0.0077963458059215895,195.43174896240234,196.13547546386718
2026-07-29 11:30:00,191.75999450683594,191.75999450683594,192.60000610351562,191.64999389648438,192.375,2814305,-0.3196909646076995,195.13874893188478,196.01687530517577
2026-07-29 11:45:00,191.86000061035156,191.86000061035156,192.1199951171875,191.44000244140625,191.74000549316406,2728192,0.05215170336900776,194.84674911499025,195.89847534179688
2026-07-29 12:00:00,190.91009521484375,190.91009521484375,192.1199951171875,190.8000030517578,191.85000610351562,4560418,-0.4951034048191083,194.52475357055664,195.77047729492188
2026-07-29 12:15:00,191.58999633789062,191.58999633789062,191.67999267578125,190.6820068359375,190.91000366210938,4119267,0.35613680998991537,194.2492530822754,195.67577514648437
2026-07-29 12:30:00,191.625,191.625,191.97999572753906,191.27999877929688,191.5749969482422,2010832,0.018270088615501834,193.98700332641602,195.58837524414062
2026-07-29 12:45:00,191.97000122070312,191.97000122070312,192.1699981689453,191.47999572753906,191.59500122070312,4875856,0.18003977597031984,193.75025329589843,195.51637512207031
2026-07-29 13:00:00,192.92999267578125,192.92999267578125,192.9499969482422,191.85499572753906,191.97000122070312,3526370,0.5000736828534302,193.5462532043457,195.45697509765625
2026-07-29 13:15:00,192.16949462890625,192.16949462890625,193.0800018310547,192.1300048828125,192.92999267578125,2284304,-0.3941834218347928,193.30122756958008,195.36446502685547
2026-07-29 13:30:00,192.05999755859375,192.05999755859375,192.3300018310547,191.75999450683594,192.110107421875,2456305,-0.05697942356769348,193.02397766113282,195.2734048461914
2026-07-29 13:45:00,192.32000732421875,192.32000732421875,192.5,191.7100067138672,192.07000732421875,2155442,0.1353794485734472,192.74547805786133,195.18570495605468
2026-07-29 14:00:00,192.83999633789062,192.83999633789062,194.0570068359375,192.30499267578125,192.35000610351562,6816030,0.2703769726855709,192.5284782409668,195.10680297851562
2026-07-29 14:15:00,193.1999969482422,193.1999969482422,193.3000030517578,192.38999938964844,192.7899932861328,2264198,0.1866835807861955,192.3409782409668,195.0218130493164
2026-07-29 14:30:00,195.4698944091797,195.4698944091797,195.5500030517578,192.72000122070312,193.17100524902344,3929146,1.1748951846751732,192.29347305297853,194.98101104736327
2026-07-29 14:45:00,195.9398956298828,195.9398956298828,196.17999267578125,195.23680114746094,195.4499969482422,4096802,0.24044685864477167,192.42146759033204,194.94520904541017
2026-07-29 15:00:00,194.8800048828125,194.8800048828125,196.32989501953125,194.19500732421875,195.9300994873047,3472150,-0.5409264630171995,192.57596817016602,194.90680908203126
2026-07-29 15:15:00,193.3699951171875,193.3699951171875,195.1186065673828,192.56500244140625,194.875,4327083,-0.7748407880700858,192.6627182006836,194.84380889892577
2026-07-29 15:30:00,191.47999572753906,191.47999572753906,193.7550048828125,191.03199768066406,193.3800048828125,4989470,-0.9774005468134006,192.68121795654298,194.7874087524414
2026-07-29 15:45:00,190.05999755859375,190.05999755859375,192.3000030517578,190.02000427246094,191.4600067138672,16024674,-0.7415908714380026,192.5599678039551,194.71600860595703
2026-07-30 09:30:00,192.44000244140625,192.44000244140625,193.5,191.52000427246094,193.4499969482422,13633910,1.2522387211326702,192.56246795654297,194.68660858154297
2026-07-30 09:45:00,195.5352020263672,195.5352020263672,195.60000610351562,192.38999938964844,192.39999389648438,8540975,1.6083971864962798,192.72047805786133,194.7155126953125
2026-07-30 10:00:00,195.77999877929688,195.77999877929688,196.39999389648438,194.9199981689453,195.52999877929688,6399757,0.12519318792361123,192.92147827148438,194.7107147216797
2026-07-30 10:15:00,196.80999755859375,196.80999755859375,197.17999267578125,195.28050231933594,195.7899932861328,5263421,0.5261001050766101,193.1689781188965,194.71151458740235
2026-07-30 10:30:00,195.97999572753906,195.97999572753906,197.25,195.91000366210938,196.80999755859375,4821087,-0.42172747388382614,193.42247314453124,194.7014944458008
2026-07-30 10:45:00,194.87730407714844,194.87730407714844,196.0,194.24000549316406,195.9550018310547,5480010,-0.562655206873075,193.58683853149415,194.6646405029297
2026-07-30 11:00:00,194.30499267578125,194.30499267578125,195.3249969482422,194.04010009765625,194.88999938964844,4077097,-0.29367781131691695,193.7208381652832,194.59593841552734
2026-07-30 11:15:00,193.50999450683594,193.50999450683594,194.5399932861328,193.43499755859375,194.3000030517578,4660228,-0.40914963532195925,193.79783782958984,194.49953826904297
2026-07-30 11:30:00,193.14999389648438,193.14999389648438,193.58999633789062,192.83090209960938,193.50999450683594,3715169,-0.18603721800987127,193.808837890625,194.40873809814454
2026-07-30 11:45:00,193.11090087890625,193.11090087890625,193.52000427246094,192.72999572753906,193.1699981689453,3760107,-0.020239719810233314,193.855908203125,194.3253561401367
2026-07-30 12:00:00,194.22000122070312,194.22000122070312,194.3699951171875,192.85000610351562,193.1199951171875,3442229,0.5743333684163021,193.96390838623046,194.25615631103517
2026-07-30 12:15:00,193.80999755859375,193.80999755859375,194.31500244140625,193.63999938964844,194.22000122070312,2348987,-0.21110269773063628,194.0384078979492,194.1719543457031
2026-07-30 12:30:00,192.89959716796875,192.89959716796875,194.01499938964844,192.67999267578125,193.80999755859375,3049527,-0.4697386110588897,194.04138793945313,194.07754638671875
2026-07-30 12:45:00,193.39500427246094,193.39500427246094,193.57969665527344,192.86000061035156,192.88999938964844,1791286,0.25682122293952947,194.05113830566407,193.99144653320312
2026-07-30 13:00:00,193.5072021484375,193.5072021484375,194.00999450683594,193.39999389648438,193.41000366210938,1911029,0.05801487809813377,193.95300369262696,193.91459045410156
2026-07-30 13:15:00,193.6199951171875,193.6199951171875,193.99000549316406,193.43719482421875,193.50999450683594,1621195,0.05828877039082414,193.83700866699218,193.844990234375
2026-07-30 13:30:00,193.66009521484375,193.66009521484375,193.80999755859375,193.0601043701172,193.6199951171875,2124729,0.02071072134466334,193.77601318359376,193.78079223632812
2026-07-30 13:45:00,193.77000427246094,193.77000427246094,194.02999877929688,193.5749969482422,193.66000366210938,1808465,0.05675359061207974,193.79601364135743,193.72209228515624
2026-07-30 14:00:00,193.6898956298828,193.6898956298828,194.07000732421875,193.585693359375,193.75050354003906,1800810,-0.04134212768323042,193.9065086364746,193.6556903076172
2026-07-30 14:15:00,193.49000549316406,193.49000549316406,193.72999572753906,193.24000549316406,193.68499755859375,1846620,-0.10320111747115224,194.07800903320313,193.5840902709961
2026-07-30 14:30:00,193.32000732421875,193.32000732421875,193.83250427246094,193.13999938964844,193.49000549316406,2097631,-0.08785888889301097,194.12200927734375,193.49839050292968
2026-07-30 14:45:00,193.52000427246094,193.52000427246094,193.7480010986328,193.27999877929688,193.31500244140625,2106993,0.1034538281941888,194.02124938964843,193.41099060058593
2026-07-30 15:00:00,194.58999633789062,194.58999633789062,194.77999877929688,193.4199981689453,193.52980041503906,3210893,0.5529103151130643,193.9617492675781,193.35919067382812
2026-07-30 15:15:00,194.05499267578125,194.05499267578125,194.9250030517578,193.9949951171875,194.5800018310547,2979772,-0.2749389342607267,193.8239990234375,193.30129058837892
2026-07-30 15:30:00,194.75010681152344,194.75010681152344,194.8249969482422,193.99000549316406,194.0399932861328,3422755,0.35820471617731275,193.76250457763672,193.26789276123046
2026-07-30 15:45:00,195.14999389648438,195.14999389648438,195.32550048828125,194.55999755859375,194.75999450683594,8523229,0.20533343550253047,193.77613906860353,193.3032925415039
2026-07-31 09:30:00,197.51510620117188,197.51510620117188,200.08999633789062,197.11000061035156,198.4405059814453,15113088,1.2119458768428348,193.93664474487304,193.41779479980468
2026-07-31 09:45:00,197.69000244140625,197.69000244140625,198.50259399414062,196.93820190429688,197.52000427246094,5059126,0.08854828554543115,194.14564514160156,193.5388949584961
2026-07-31 10:00:00,195.47799682617188,195.47799682617188,197.89999389648438,194.9499969482422,197.6699981689453,5468925,-1.118926393806885,194.26204528808594,193.6262548828125
2026-07-31 10:15:00,196.9949951171875,196.9949951171875,197.25,195.0500946044922,195.46499633789062,4225616,0.7760455476554684,194.45625,193.71645477294922
2026-07-31 10:30:00,197.85499572753906,197.85499572753906,198.07000732421875,196.77020263671875,197.0,3045326,0.4365596241873826,194.63799972534179,193.82575469970703
2026-07-31 10:45:00,198.110107421875,198.110107421875,198.92999267578125,197.5399932861328,197.8800048828125,4832867,0.12893871766939125,194.85300521850587,193.94045684814452
2026-07-31 11:00:00,197.1999053955078,197.1999053955078,198.33999633789062,196.6199951171875,198.1199951171875,3268391,-0.4594424980190026,195.06802062988282,194.04925506591798
2026-07-31 11:15:00,195.6199951171875,195.6199951171875,197.9199981689453,195.32000732421875,197.14999389648438,3770730,-0.8011719250836435,195.17927017211915,194.12445495605468
2026-07-31 11:30:00,196.1898956298828,196.1898956298828,196.6699981689453,195.2386932373047,195.60000610351562,3017050,0.2913303992027494,195.31340484619142,194.23005096435546
2026-07-31 11:45:00,196.27999877929688,196.27999877929688,196.50999450683594,195.6199951171875,196.19000244140625,2269836,0.045926498469639476,195.44640502929687,194.3238510131836
2026-07-31 12:00:00,196.61500549316406,196.61500549316406,196.80999755859375,196.17999267578125,196.27499389648438,1979949,0.1706779681835524,195.5941505432129,194.42365112304688
2026-07-31 12:15:00,198.02000427246094,198.02000427246094,198.02000427246094,196.14999389648438,196.625,2463293,0.7145938712931565,195.8066505432129,194.54465118408203
2026-07-31 12:30:00,197.69500732421875,197.69500732421875,198.2899932861328,197.5,198.0449981689453,2479331,-0.16412329119790403,196.00690612792968,194.63995147705077
2026-07-31 12:45:00,198.22000122070312,198.22000122070312,198.52000427246094,197.57000732421875,197.67999267578125,2256728,0.2655574885729761,196.24340591430663,194.76096160888673
2026-07-31 13:00:00,198.7100067138672,198.7100067138672,198.8350067138672,198.1300048828125,198.22000122070312,1986522,0.24720285044215196,196.51290588378907,194.89396179199218
2026-07-31 13:15:00,199.2550048828125,199.2550048828125,199.3199005126953,198.67999267578125,198.70460510253906,2448814,0.2742681045399431,196.79965591430664,195.03266174316406
2026-07-31 13:30:00,199.33999633789062,199.33999633789062,199.97000122070312,199.14999389648438,199.2550048828125,2668009,0.042654614938331115,197.03715591430665,195.16266174316405
2026-07-31 13:45:00,199.4949951171875,199.4949951171875,199.70970153808594,198.97000122070312,199.3350067138672,2145949,0.07775598582542287,197.30915603637695,195.28856170654296
2026-07-31 14:00:00,198.91319274902344,198.91319274902344,199.789794921875,198.83999633789062,199.4949951171875,2266024,-0.2916375760816936,197.51731033325194,195.35742767333986
2026-07-31 14:15:00,198.5500946044922,198.5500946044922,199.22999572753906,198.49000549316406,198.91000366210938,2675708,-0.18254100671410978,197.68731536865235,195.40963165283202
2026-07-31 14:30:00,198.72500610351562,198.72500610351562,198.8780059814453,198.4810028076172,198.59500122070312,2811699,0.0880943921844235,197.74781036376953,195.4865316772461
2026-07-31 14:45:00,198.97000122070312,198.97000122070312,199.32989501953125,198.72000122070312,198.72000122070312,2163446,0.12328348706145409,197.8118103027344,195.59853179931642
2026-07-31 15:00:00,198.6999969482422,198.6999969482422,199.10000610351562,198.25999450683594,198.9600067138672,2155011,-0.13570099552918657,197.9729103088379,195.74293182373046
2026-07-31 15:15:00,200.30499267578125,200.30499267578125,201.1199951171875,198.6999969482422,198.70590209960938,8783227,0.8077482396525282,198.13841018676757,195.9478317260742
2026-07-31 15:30:00,201.08999633789062,201.08999633789062,201.08999633789062,199.8800048828125,200.30499267578125,4988003,0.39190419151458045,198.30016021728517,196.1208316040039
2026-07-31 15:45:00,200.80999755859375,200.80999755859375,201.97000122070312,200.6199951171875,201.10000610351562,14664518,-0.1392405313024092,198.4351547241211,196.22632751464843
2026-08-03 09:30:00,198.85000610351562,198.85000610351562,199.8300018310547,198.08999633789062,198.5,11716047,-0.976042766250329,198.51765975952148,196.2877276611328
2026-08-03 09:45:00,202.2624053955078,202.2624053955078,202.35000610351562,198.67999267578125,198.8800048828125,6197519,1.7160669787537275,198.8497802734375,196.3967758178711
2026-08-03 10:00:00,204.2100067138672,204.2100067138672,205.58999633789062,201.50999450683594,202.22999572753906,9989110,0.9629082154694046,199.25078582763672,196.56137603759765
2026-08-03 10:15:00,205.39010620117188,205.39010620117188,205.72000122070312,203.9499969482422,204.1999969482422,5750138,0.577885239952125,199.70629119873047,196.77163208007812
2026-08-03 10:30:00,206.00999450683594,206.00999450683594,206.3699951171875,204.8000946044922,205.38999938964844,5658348,0.3018102074775264,200.17604064941406,197.00573211669922
2026-08-03 10:45:00,206.2899932861328,206.2899932861328,206.60000610351562,205.71499633789062,206.00999450683594,4099330,0.1359151433245609,200.58954010009765,197.26133209228516
2026-08-03 11:00:00,206.63499450683594,206.63499450683594,207.2100067138672,206.0800018310547,206.29190063476562,5209147,0.16724088997597253,201.03653945922852,197.5310321044922
2026-08-03 11:15:00,206.4149932861328,206.4149932861328,207.39999389648438,206.38999938964844,206.63499450683594,4119178,-0.10646852012079489,201.4462890625,197.79711395263672
2026-08-03 11:30:00,206.63499450683594,206.63499450683594,207.24000549316406,206.27000427246094,206.4199981689453,3692284,0.10658199639508315,201.84253845214843,198.04541381835938
2026-08-03 11:45:00,206.77999877929688,206.77999877929688,207.19000244140625,206.61000061035156,206.63499450683594,3094378,0.07017411199250478,202.21878814697266,198.30481384277343
2026-08-03 12:00:00,207.1300048828125,207.1300048828125,207.22999572753906,206.61000061035156,206.77499389648438,2158625,0.16926497029783327,202.60828857421876,198.5894219970703
2026-08-03 12:15:00,207.08999633789062,207.08999633789062,207.47999572753906,206.89999389648438,207.1199951171875,2257899,-0.019315668410524456,202.9880386352539,198.8633218383789
2026-08-03 12:30:00,207.08999633789062,207.08999633789062,207.13499450683594,206.69000244140625,207.08680725097656,2240317,0.0,203.39687881469726,199.13497772216797
2026-08-03 12:45:00,206.89999389648438,206.89999389648438,207.32000732421875,206.86000061035156,207.10000610351562,1582139,-0.09174872990785898,203.8143737792969,199.4005776977539
2026-08-03 13:00:00,207.53500366210938,207.53500366210938,207.6199951171875,206.82000732421875,206.89999389648438,2413168,0.30691628050154574,204.25487365722657,199.67807586669923
2026-08-03 13:15:00,208.59500122070312,208.59500122070312,208.67990112304688,207.36000061035156,207.52999877929688,3374120,0.5107560362778818,204.73612365722656,199.97457580566407
2026-08-03 13:30:00,207.96499633789062,207.96499633789062,208.7100067138672,207.69020080566406,208.5998992919922,2809750,-0.30202300109096747,205.199373626709,200.26007781982423
2026-08-03 13:45:00,208.11090087890625,208.11090087890625,208.4499969482422,207.66000366210938,207.9499969482422,2990875,0.070158220654859,205.58966903686525,200.55249572753905
2026-08-03 14:00:00,208.25999450683594,208.25999450683594,208.74000549316406,208.05999755859375,208.11990356445312,2548377,0.07164143122730948,205.9481689453125,200.8512954711914
2026-08-03 14:15:00,207.7100067138672,207.7100067138672,208.50999450683594,207.57000732421875,208.27999877929688,2379880,-0.26408710624963305,206.29316940307618,201.13509552001952
2026-08-03 14:30:00,208.0,208.0,208.07000732421875,207.60000610351562,207.6999969482422,1946971,0.13961449942674342,206.75066909790038,201.40329559326173
2026-08-03 14:45:00,208.16000366210938,208.16000366210938,208.17999267578125,207.69500732421875,208.0,1806122,0.07692483755259438,207.04554901123046,201.68539581298828
2026-08-03 15:00:00,207.74989318847656,207.74989318847656,208.72000122070312,207.63999938964844,208.15499877929688,3263949,-0.19701694197629127,207.22254333496093,201.94539154052734
2026-08-03 15:15:00,207.83999633789062,207.83999633789062,208.14599609375,207.67999267578125,207.75,2684863,0.04337097267834711,207.34503784179688,202.19919158935548
2026-08-03 15:30:00,207.27000427246094,207.27000427246094,207.9199981689453,207.10000610351562,207.85000610351562,3379314,-0.2742456098310586,207.4080383300781,202.39428955078125
2026-08-03 15:45:00,206.69000244140625,206.69000244140625,207.44000244140625,205.9199981689453,207.27499389648438,8563631,-0.27982912100115165,207.42803878784179,202.57428955078126
2026-08-04 09:30:00,211.20680236816406,211.20680236816406,212.1708984375,210.47999572753906,210.67999267578125,13873704,2.1853015982416846,207.6566291809082,202.88886566162108
2026-08-04 09:45:00,210.0399932861328,210.0399932861328,212.11000061035156,209.19000244140625,211.25,7502598,-0.5524486280500285,207.8378791809082,203.149765625
2026-08-04 10:00:00,210.22000122070312,210.22000122070312,210.83999633789062,209.7899932861328,210.0,4330903,0.08570174267958919,208.01712951660156,203.39706573486328
2026-08-04 10:15:00,210.2624053955078,210.2624053955078,210.39500427246094,209.11500549316406,210.22000122070312,4281847,0.020171332203622327,208.1912498474121,203.64011169433593
2026-08-04 10:30:00,210.1649932861328,210.1649932861328,210.72999572753906,209.78500366210938,210.24000549316406,4019334,-0.046328828585295856,208.34299926757814,203.89941345214845
2026-08-04 10:45:00,209.57000732421875,209.57000732421875,211.03990173339844,209.0500030517578,210.1300048828125,4985812,-0.28310421855270995,208.46699981689454,204.17841369628906
2026-08-04 11:00:00,210.0449981689453,210.0449981689453,210.11749267578125,209.5,209.55999755859375,2996624,0.22665020190208995,208.61474990844727,204.4555157470703
2026-08-04 11:15:00,209.89999389648438,209.89999389648438,210.45140075683594,209.85000610351562,210.0399932861328,2931032,-0.069034860970274,208.76474990844727,204.72791564941406
2026-08-04 11:30:00,210.63699340820312,210.63699340820312,210.63999938964844,209.6199951171875,209.89999389648438,2528397,0.35111935833700425,208.91984939575195,205.00835540771484
2026-08-04 11:45:00,210.77499389648438,210.77499389648438,210.9499969482422,210.5749969482422,210.63999938964844,2420837,0.06551578905886757,209.02884902954102,205.26345520019532
2026-08-04 12:00:00,210.50999450683594,210.50999450683594,210.8300018310547,210.37010192871094,210.77000427246094,2125517,-0.12572619965468546,209.15609893798828,205.51975494384766
2026-08-04 12:15:00,210.22030639648438,210.22030639648438,210.91000366210938,210.17010498046875,210.52999877929688,2465868,-0.13761252097802545,209.26156921386718,205.75976104736327
2026-08-04 12:30:00,210.49000549316406,210.49000549316406,210.56500244140625,209.94000244140625,210.22000122070312,2274608,0.12829355132373266,209.3730697631836,205.99536102294923
2026-08-04 12:45:00,210.62399291992188,210.62399291992188,210.77499389648438,210.3800048828125,210.49000549316406,1616068,0.0636550065376662,209.51876907348634,206.2227407836914
2026-08-04 13:00:00,211.27000427246094,211.27000427246094,211.3800048828125,210.60000610351562,210.6468048095703,2910185,0.3067130878981361,209.68226928710936,206.4613409423828
2026-08-04 13:15:00,211.4600067138672,211.4600067138672,211.64999389648438,211.17999267578125,211.27000427246094,2287063,0.08993346786760892,209.84726943969727,206.70064117431642
2026-08-04 13:30:00,211.75999450683594,211.75999450683594,211.88980102539062,211.1649932861328,211.4698944091797,2299383,0.14186502574677906,210.04777450561522,206.95757720947265
2026-08-04 13:45:00,211.47999572753906,211.47999572753906,212.1199951171875,211.39999389648438,211.77000427246094,3737627,-0.13222458753314736,210.22977447509766,207.2161752319336
2026-08-04 14:00:00,211.66009521484375,211.66009521484375,211.67999267578125,211.0399932861328,211.49000549316406,2198067,0.08516147670851737,210.44927902221679,207.47487701416014
2026-08-04 14:15:00,212.55999755859375,212.55999755859375,212.64999389648438,211.66000366210938,211.6699981689453,3824632,0.42516391331892667,210.74277877807617,207.74667694091798
2026-08-04 14:30:00,212.3249969482422,212.3249969482422,213.0,212.1999969482422,212.57000732421875,3687386,-0.11055730760759497,210.79868850708007,208.01917694091796
2026-08-04 14:45:00,212.9499969482422,212.9499969482422,212.99000549316406,212.25999450683594,212.3292999267578,3130238,0.29436006545775495,210.94418869018554,208.27207702636719
2026-08-04 15:00:00,212.67999267578125,212.67999267578125,213.05999755859375,212.55999755859375,212.94000244140625,3773647,-0.12679233450590965,211.06718826293945,208.503876953125
2026-08-04 15:15:00,212.49000549316406,212.49000549316406,212.94000244140625,212.2899932861328,212.6750030517578,3177671,-0.08933006825273537,211.17856826782227,208.73747711181642
2026-08-04 15:30:00,212.86000061035156,212.86000061035156,212.9499969482422,212.3300018310547,212.48500061035156,3626399,0.17412353881247622,211.3133186340332,209.01767700195313
2026-08-04 15:45:00,211.83999633789062,211.83999633789062,212.97999572753906,211.80999755859375,212.86000061035156,8331035,-0.47919020461156814,211.42681808471679,209.20922882080077
2026-08-05 09:30:00,219.89999389648438,219.89999389648438,221.77000427246094,216.39999389648438,216.86000061035156,27810608,3.8047572214539915,211.91956787109376,209.5230285644531
2026-08-05 09:45:00,221.15499877929688,221.15499877929688,221.35000610351562,218.86000061035156,219.91000366210938,10834941,0.5707161972015706,212.48231811523436,209.83832641601563
2026-08-05 10:00:00,221.9499969482422,221.9499969482422,222.16000366210938,220.11000061035156,221.15499877929688,9382285,0.35947555937394515,213.04796829223633,210.15712646484374
2026-08-05 10:15:00,220.72779846191406,220.72779846191406,222.22000122070312,220.7100067138672,221.92999267578125,6152544,-0.5506638896747296,213.5456085205078,210.44588256835937
2026-08-05 10:30:00,219.9001007080078,219.9001007080078,220.72999572753906,219.55999755859375,220.6999969482422,5475213,-0.3749857334118589,214.0151138305664,210.7111846923828
2026-08-05 10:45:00,218.8000030517578,218.8000030517578,220.25790405273438,218.35000610351562,219.89500427246094,4906706,-0.5002715563603877,214.44409866333007,210.95888488769532
2026-08-05 11:00:00,219.33999633789062,219.33999633789062,219.7899932861328,218.7449951171875,218.80999755859375,3569223,0.24679765932411613,214.8865982055664,211.2129849243164
2026-08-05 11:15:00,219.11000061035156,219.11000061035156,219.69419860839844,218.5500030517578,219.35000610351562,3786661,-0.10485808852880307,215.3108985900879,211.4595849609375
2026-08-05 11:30:00,219.9499969482422,219.9499969482422,220.3300018310547,219.08009338378906,219.0989990234375,3477866,0.3833674115972574,215.74489822387696,211.71598480224608
2026-08-05 11:45:00,219.05499267578125,219.05499267578125,220.00999450683594,218.44000244140625,219.9257049560547,3376551,-0.40691260962897324,216.12464752197266,211.9552847290039
2026-08-05 12:00:00,219.5,219.5,219.94000244140625,218.96499633789062,219.05499267578125,3074684,0.20314867914350554,216.51164779663085,212.2034848022461
2026-08-05 12:15:00,221.1699981689453,221.1699981689453,221.3699951171875,219.47000122070312,219.52000427246094,4405517,0.7608192113646162,216.99614791870118,212.48888488769532
2026-08-05 12:30:00,221.1699981689453,221.1699981689453,221.52499389648438,221.0399932861328,221.1699981689453,3529524,0.0,217.47164306640624,212.76158477783204
2026-08-05 12:45:00,221.33999633789062,221.33999633789062,221.60000610351562,221.08099365234375,221.14999389648438,2972159,0.0768631235487316,217.9106430053711,213.01648468017578
2026-08-05 13:00:00,221.3800048828125,221.3800048828125,221.48500061035156,220.6082000732422,221.32000732421875,2937600,0.01807560566722266,218.3633934020996,213.28478485107422
2026-08-05 13:15:00,221.0500030517578,221.0500030517578,221.57000732421875,221.02000427246094,221.3800048828125,2642289,-0.149065780005464,218.76839370727538,213.54356689453124
2026-08-05 13:30:00,221.2779998779297,221.2779998779297,221.44000244140625,220.80999755859375,221.05999755859375,2083950,0.1031426478281805,219.19829406738282,213.80392700195313
2026-08-05 13:45:00,220.81500244140625,220.81500244140625,221.28500366210938,220.68060302734375,221.28500366210938,2106128,-0.20923789838070972,219.61454391479492,214.06602691650392
2026-08-05 14:00:00,221.0469970703125,221.0469970703125,221.27000427246094,220.59010314941406,220.82000732421875,2275996,0.10506289262108837,220.02389373779297,214.32696685791015
2026-08-05 14:15:00,221.73980712890625,221.73980712890625,221.8000030517578,220.9199981689453,221.05499267578125,2853301,0.3134220630798046,220.51888427734374,214.5985629272461
2026-08-05 14:30:00,221.74000549316406,221.74000549316406,221.91000366210938,221.1699981689453,221.74000549316406,3043095,8.945811778016122e-05,220.61088485717772,214.87836517333983
2026-08-05 14:45:00,221.72999572753906,221.72999572753906,221.91969299316406,221.2899932861328,221.74000549316406,2708870,-0.004514190212423497,220.63963470458984,215.1561651611328
2026-08-05 15:00:00,221.88009643554688,221.88009643554688,222.17999267578125,221.6822052001953,221.74000549316406,5521324,0.06769526491681166,220.6361396789551,215.44836700439453
2026-08-05 15:15:00,221.8350067138672,221.8350067138672,222.0800018310547,221.60000610351562,221.8800048828125,3587629,-0.020321661295463755,220.69150009155274,215.75126708984374
2026-08-05 15:30:00,220.25,220.25,221.8699951171875,220.1699981689453,221.8300018310547,5041903,-0.7144980124402123,220.70899505615233,215.93213104248048
2026-08-05 15:45:00,219.1999969482422,219.1999969482422,220.4398956298828,218.85000610351562,220.25,10690681,-0.47673237310229544,220.72899475097657,216.11533111572265
2026-08-06 09:30:00,222.0540008544922,222.0540008544922,223.52999877929688,220.02000427246094,221.52999877929688,15419590,1.3020090994453337,220.86469497680665,216.35201110839844
2026-08-06 09:45:00,222.16000366210938,222.16000366210938,223.62750244140625,221.9600067138672,222.05999755859375,6813764,0.047737400456315804,221.01719512939454,216.58996307373047
2026-08-06 10:00:00,221.35000610351562,221.35000610351562,222.6300048828125,221.2899932861328,222.13499450683594,5156863,-0.3646009836341668,221.0871955871582,216.81366333007813
2026-08-06 10:15:00,219.81500244140625,219.81500244140625,221.8699951171875,219.33009338378906,221.3282928466797,6170263,-0.6934735124387248,221.12519607543945,217.01856323242188
2026-08-06 10:30:00,219.22000122070312,219.22000122070312,219.9698944091797,218.92100524902344,219.82179260253906,5974173,-0.2706827168731274,221.1111961364746,217.20206329345703
2026-08-06 10:45:00,219.1199951171875,219.1199951171875,219.7899932861328,218.80999755859375,219.22999572753906,3588890,-0.04561905982973791,221.00869598388672,217.3864633178711
2026-08-06 11:00:00,218.34500122070312,218.34500122070312,219.3498992919922,217.71009826660156,219.11000061035156,4677777,-0.35368469959571325,220.8674461364746,217.5406234741211
2026-08-06 11:15:00,218.2041015625,218.2041015625,218.42990112304688,217.7100067138672,218.32000732421875,2879386,-0.06453074602825737,220.71065139770508,217.6892056274414
2026-08-06 11:30:00,217.3800048828125,217.3800048828125,218.4199981689453,217.31019592285156,218.2100067138672,2996025,-0.3776724056909875,220.5106513977051,217.82660583496093
2026-08-06 11:45:00,217.91009521484375,217.91009521484375,218.17990112304688,217.27000427246094,217.35499572753906,3106849,0.24385422767700948,220.35365600585936,217.98040161132812
2026-08-06 12:00:00,218.36500549316406,218.36500549316406,218.66000366210938,217.44000244140625,217.88999938964844,2615298,0.2087605339586407,220.2080062866211,218.13790161132812
2026-08-06 12:15:00,218.52999877929688,218.52999877929688,219.1300048828125,218.02000427246094,218.36000061035156,3224895,0.07555848326530334,220.09375610351563,218.29602172851563
2026-08-06 12:30:00,218.9499969482422,218.9499969482422,219.30999755859375,218.5,218.5399932861328,2514584,0.19219245471624458,219.9889060974121,218.44962158203126
2026-08-06 12:45:00,219.3699951171875,219.3699951171875,219.44000244140625,218.47999572753906,218.9199981689453,1412419,0.19182378387727628,219.87041549682618,218.60782135009765
2026-08-06 13:00:00,219.32000732421875,219.32000732421875,219.75,219.27000427246094,219.3800048828125,2662908,-0.022786978201849717,219.7494155883789,218.75902160644532
2026-08-06 13:15:00,218.9600067138672,218.9600067138672,219.71800231933594,218.9600067138672,219.3220977783203,1458272,-0.16414398975437283,219.6109161376953,218.90862182617187
2026-08-06 13:30:00,218.76499938964844,218.76499938964844,219.25,218.57000732421875,218.97000122070312,1580896,-0.08906070434752111,219.45516128540038,219.05071990966798
2026-08-06 13:45:00,219.61000061035156,219.61000061035156,219.6199951171875,218.66000366210938,218.8000946044922,1536447,0.3862597870137652,219.34391098022462,219.19171997070313
2026-08-06 14:00:00,220.00999450683594,220.00999450683594,220.07989501953125,219.47999572753906,219.61000061035156,2151943,0.18213828849902303,219.3319107055664,219.345419921875
2026-08-06 14:15:00,220.41000366210938,220.41000366210938,220.91000366210938,217.38999938964844,220.00999450683594,2980734,0.18181408356927609,219.39241104125978,219.49462005615234
2026-08-06 14:30:00,219.8498992919922,219.8498992919922,220.4499969482422,219.49000549316406,220.4149932861328,1949971,-0.25411930529969373,219.28220596313477,219.63801818847656
2026-08-06 14:45:00,219.4949951171875,219.4949951171875,219.97999572753906,219.41000366210938,219.8300018310547,1895569,-0.16143021941225077,219.14895553588866,219.77811798095703
2026-08-06 15:00:00,219.8144989013672,219.8144989013672,220.36349487304688,219.49000549316406,219.4949951171875,2709128,0.14556312958713402,219.07218017578126,219.91720794677735
2026-08-06 15:15:00,219.85000610351562,219.85000610351562,220.13580322265625,219.41000366210938,219.8000030517578,2757813,0.016153257553930267,219.0739303588867,220.07740814208984
2026-08-06 15:30:00,219.89999389648438,219.89999389648438,220.2899932861328,219.6591033935547,219.86000061035156,2549709,0.0227372261000669,219.1079299926758,220.07740814208984
2026-08-06 15:45:00,218.99000549316406,218.99000549316406,219.94000244140625,218.57000732421875,219.91000366210938,7459058,-0.4138192035369914,219.1014305114746,220.0341082763672
2026-08-07 09:30:00,222.27499389648438,222.27499389648438,223.1300048828125,220.66000366210938,222.0,10304466,1.5000631631213235,219.29793014526368,220.04060821533204
2026-08-07 09:45:00,222.5,222.5,223.1699981689453,221.74000549316406,222.27000427246094,4936771,0.10122870754432078,219.51272506713866,220.07605224609375
2026-08-07 10:00:00,221.41009521484375,221.41009521484375,222.8000030517578,220.92999267578125,222.50999450683594,4595938,-0.4898448472612338,219.71422958374023,220.10625213623047
2026-08-07 10:15:00,223.3498992919922,223.3498992919922,223.4499969482422,221.1699981689453,221.41000366210938,4505175,0.8761136547392523,219.98621978759766,220.19725006103516
2026-08-07 10:30:00,222.79989624023438,222.79989624023438,223.6300048828125,222.67999267578125,223.3300018310547,4026307,-0.24625175722097215,220.20796432495118,220.26644805908202
2026-08-07 10:45:00,223.17999267578125,223.17999267578125,223.7698974609375,222.72999572753906,222.80499267578125,3875268,0.1705999158711613,220.4404640197754,220.34784790039063
2026-08-07 11:00:00,223.5850067138672,223.5850067138672,223.98500061035156,223.13499450683594,223.1699981689453,3718881,0.18147416944955808,220.67221450805664,220.4205480957031
2026-08-07 11:15:00,224.1999969482422,224.1999969482422,224.64999389648438,223.49000549316406,223.56500244140625,4230220,0.2750587990732356,220.91371459960936,220.52344818115233
2026-08-07 11:30:00,224.34500122070312,224.34500122070312,224.75999450683594,224.0800018310547,224.2100067138672,2652697,0.06467630438657945,221.1649642944336,220.62034820556642
2026-08-07 11:45:00,223.82000732421875,223.82000732421875,224.67999267578125,223.59219360351562,224.35650634765625,3014866,-0.23401185389814172,221.40796432495117,220.67334838867188
2026-08-07 12:00:00,223.60009765625,223.60009765625,223.8896026611328,223.23500061035156,223.82000732421875,3140882,-0.09825290893239469,221.64971923828125,220.72195037841797
2026-08-07 12:15:00,222.4499969482422,222.4499969482422,223.64990234375,222.25,223.58999633789062,3287868,-0.5143560848421047,221.79171905517578,220.744150390625
2026-08-07 12:30:00,222.4149932861328,222.4149932861328,222.64999389648438,221.9600067138672,222.4600067138672,3362228,-0.01573551925807548,221.91196899414064,220.76485015869142
2026-08-07 12:45:00,221.89999389648438,221.89999389648438,222.61500549316406,221.8800048828125,222.41000366210938,2015795,-0.23154886369818328,221.98646850585936,220.78184997558594
2026-08-07 13:00:00,221.80499267578125,221.80499267578125,222.33999633789062,221.7100067138672,221.89999389648438,2390302,-0.04281262880405645,222.08422317504883,220.79238983154298
2026-08-07 13:15:00,221.8249969482422,221.8249969482422,222.10499572753906,221.55039978027344,221.80999755859375,1786475,0.009018855806441906,222.20072326660156,220.8125897216797
2026-08-07 13:30:00,222.05999755859375,222.05999755859375,222.36000061035156,221.67999267578125,221.8249969482422,1766543,0.105939643225339,222.3129981994629,220.83284973144532
2026-08-07 13:45:00,222.08999633789062,222.08999633789062,222.36000061035156,221.94000244140625,222.05999755859375,1346031,0.013509312630222148,222.42499771118165,220.839853515625
2026-08-07 14:00:00,221.94500732421875,221.94500732421875,222.39999389648438,221.85000610351562,222.10000610351562,1348421,-0.0652839011493711,222.52724838256836,220.8439535522461
2026-08-07 14:15:00,221.94500732421875,221.94500732421875,222.14500427246094,221.83999633789062,221.9600067138672,1403409,0.0,222.67499847412108,220.8482537841797
2026-08-07 14:30:00,221.88999938964844,221.88999938964844,222.11000061035156,221.76499938964844,221.9600067138672,1513267,-0.024784488389029136,222.6557487487793,220.84845184326173
2026-08-07 14:45:00,222.27000427246094,222.27000427246094,222.39500427246094,221.8800048828125,221.91000366210938,1545554,0.17125822878802932,222.64424896240234,220.8571517944336
2026-08-07 15:00:00,222.85000610351562,222.85000610351562,222.99000549316406,222.30999755859375,222.30999755859375,2658461,0.26094471584376944,222.71624450683595,220.9091519165039
2026-08-07 15:15:00,223.0399932861328,223.0399932861328,223.13999938964844,222.781005859375,222.85910034179688,2565074,0.08525338901221868,222.70074920654298,220.98595184326172
2026-08-07 15:30:00,222.93499755859375,222.93499755859375,223.13999938964844,222.38999938964844,223.0399932861328,2962248,-0.04707484339114831,222.70750427246094,221.00357177734375
2026-08-07 15:45:00,223.97999572753906,223.97999572753906,224.2100067138672,222.66000366210938,222.93499755859375,8724093,0.46874567940848877,222.74750442504882,221.03997161865234
2026-08-10 09:30:00,223.00999450683594,223.00999450683594,224.1378936767578,222.41000366210938,223.4499969482422,10002245,-0.43307493490761795,222.71875381469727,221.07317138671874
2026-08-10 09:45:00,222.07000732421875,222.07000732421875,223.5,221.75999450683594,223.02000427246094,4978141,-0.4215000250082368,222.61225433349608,221.118271484375
2026-08-10 10:00:00,222.11000061035156,222.11000061035156,222.42999267578125,221.4499969482422,222.0800018310547,4317182,0.018009314546652,222.50050430297853,221.17607147216796
2026-08-10 10:15:00,220.4001007080078,220.4001007080078,222.38499450683594,220.17999267578125,222.11000061035156,4538562,-0.7698437250213797,222.32950897216796,221.2016735839844
2026-08-10 10:30:00,220.47999572753906,220.47999572753906,220.6300048828125,220.10000610351562,220.39999389648438,3545946,0.03624999229792092,222.17350387573242,221.2443734741211
2026-08-10 10:45:00,219.5968017578125,219.5968017578125,221.13999938964844,219.52000427246094,220.48500061035156,4048585,-0.4005778242203828,222.03084411621094,221.27222747802733
2026-08-10 11:00:00,219.13999938964844,219.13999938964844,219.8695068359375,218.92999267578125,219.60000610351562,3955819,-0.20801867992041867,221.86709442138672,221.30742736816407
2026-08-10 11:15:00,219.4499969482422,219.4499969482422,219.50999450683594,219.0,219.14999389648438,2741857,0.1414609653450638,221.7445945739746,221.33822540283202
2026-08-10 11:30:00,219.6649932861328,219.6649932861328,219.69000244140625,218.75999450683594,219.42999267578125,3557143,0.0979705358306937,221.6375946044922,221.3642251586914
2026-08-10 11:45:00,219.6302947998047,219.6302947998047,219.8300018310547,218.99000549316406,219.6699981689453,2777241,-0.01579609286351813,221.52785949707032,221.38623107910155
2026-08-10 12:00:00,219.75,219.75,219.88499450683594,219.42999267578125,219.63999938964844,2247236,0.0545030458136031,221.41235961914063,221.4022311401367
2026-08-10 12:15:00,218.34010314941406,218.34010314941406,220.60000610351562,218.34010314941406,219.75,4753876,-0.6415912858183992,221.2248649597168,221.38163330078126
2026-08-10 12:30:00,217.1649932861328,217.1649932861328,218.6699981689453,216.77000427246094,218.36000061035156,6820871,-0.5382015700877041,220.9858642578125,221.33853302001953
2026-08-10 12:45:00,217.61990356445312,217.61990356445312,217.6300048828125,216.8699951171875,217.17999267578125,3677007,0.20947679984542056,220.7696090698242,221.31173095703124
2026-08-10 13:00:00,218.64999389648438,218.64999389648438,218.66000366210938,217.22999572753906,217.61000061035156,3872343,0.47334380502845885,220.60760879516602,221.30943084716796
2026-08-10 13:15:00,218.4980926513672,218.4980926513672,219.0,218.36050415039062,218.64010620117188,2829974,-0.06947232991422192,220.41901321411132,221.2871926879883
2026-08-10 13:30:00,218.19979858398438,218.19979858398438,219.0449981689453,217.8300018310547,218.48989868164062,2624646,-0.13652021569761086,220.18650283813477,221.25098876953126
2026-08-10 13:45:00,218.3000030517578,218.3000030517578,218.42999267578125,218.0800018310547,218.19000244140625,1659287,0.04592326318526574,219.94950332641602,221.2087887573242
2026-08-10 14:00:00,218.67999267578125,218.67999267578125,218.8699951171875,218.27999877929688,218.3000030517578,2351119,0.17406762194747127,219.73675308227538,221.185390625
2026-08-10 14:15:00,218.5399932861328,218.5399932861328,218.7198944091797,218.32000732421875,218.68800354003906,1538634,-0.06402020959274113,219.4647529602051,221.1662905883789
2026-08-10 14:30:00,218.81320190429688,218.81320190429688,218.83999633789062,218.3699951171875,218.5449981689453,1543359,0.12501538691196412,219.25491333007812,221.1462646484375
2026-08-10 14:45:00,219.02000427246094,219.02000427246094,219.10000610351562,218.5800018310547,218.82000732421875,1599827,0.09451091906900189,219.10241317749023,221.1296646118164
2026-08-10 15:00:00,219.2949981689453,219.2949981689453,219.4499969482422,218.9257049560547,219.02000427246094,2653701,0.12555652046388754,218.96166305541993,221.11756469726564
2026-08-10 15:15:00,219.1488037109375,219.1488037109375,219.389892578125,218.75999450683594,219.2899932861328,2356956,-0.06666566005996133,218.89909820556642,221.12074066162108
2026-08-10 15:30:00,218.8800048828125,218.8800048828125,219.21499633789062,218.80999755859375,219.14999389648438,2150512,-0.1226558500768915,218.81909866333007,221.05284088134766
2026-08-10 15:45:00,217.55999755859375,217.55999755859375,218.92999267578125,217.3699951171875,218.88999938964844,8330673,-0.6030735082108052,218.71725845336914,220.95404083251952
2026-08-11 09:30:00,220.5850067138672,220.5850067138672,222.1999969482422,219.25010681152344,222.14999389648438,13093907,1.39042525704145,218.78950881958008,220.9375390625
2026-08-11 09:45:00,219.8800048828125,219.8800048828125,220.5800018310547,218.8300018310547,220.55999755859375,5117312,-0.319605507898002,218.8110092163086,220.8681411743164
2026-08-11 10:00:00,219.9199981689453,219.9199981689453,220.127197265625,219.44000244140625,219.86000061035156,3939024,0.018188687122377978,218.82375946044922,220.81054321289062
2026-08-11 10:15:00,219.5749969482422,219.5749969482422,220.3000030517578,219.1999969482422,219.91700744628906,3835417,-0.15687578372844957,218.82099456787108,220.73844329833983
2026-08-11 10:30:00,218.89999389648438,218.89999389648438,219.6750030517578,218.85000610351562,219.58999633789062,3372962,-0.30741344011809835,218.77849426269532,220.6447430419922
2026-08-11 10:45:00,219.80499267578125,219.80499267578125,220.55999755859375,218.8300018310547,218.88999938964844,3689836,0.41343024418942775,218.85173873901368,220.55684295654297
2026-08-11 11:00:00,218.81500244140625,218.81500244140625,219.83680725097656,218.77000427246094,219.80499267578125,2530406,-0.45039478963758706,218.93423919677736,220.44624298095704
2026-08-11 11:15:00,219.0800018310547,219.0800018310547,219.3300018310547,218.46499633789062,218.80999755859375,3105607,0.12110659081494557,219.00724411010742,220.35144287109375
2026-08-11 11:30:00,218.82000732421875,218.82000732421875,219.3800048828125,218.7100067138672,219.08999633789062,2119376,-0.11867560008349542,219.01574478149413,220.25584106445314
2026-08-11 11:45:00,218.52999877929688,218.52999877929688,218.82000732421875,218.4199981689453,218.82000732421875,2304555,-0.1325329198495928,219.01734008789063,220.1774411010742
2026-08-11 12:00:00,218.4499969482422,218.4499969482422,218.58299255371094,218.25,218.5399932861328,1756612,-0.03660908410816344,219.02985000610352,220.0981411743164
2026-08-11 12:15:00,218.6699981689453,218.6699981689453,218.75,218.25999450683594,218.4550018310547,1727717,0.10071010472718633,219.0483497619629,220.03354125976563
2026-08-11 12:30:00,218.83009338378906,218.83009338378906,219.2698974609375,218.64999389648438,218.6699981689453,1971710,0.07321315963979558,219.05585479736328,219.9740432739258
2026-08-11 12:45:00,217.7169952392578,217.7169952392578,218.8979949951172,217.64999389648438,218.8302001953125,2607991,-0.5086586252006309,219.01470489501952,219.8918832397461
2026-08-11 13:00:00,216.77999877929688,216.77999877929688,217.82000732421875,216.72999572753906,217.72500610351562,3127359,-0.430373595286504,218.91304473876954,219.78628326416015
2026-08-11 13:15:00,217.28509521484375,217.28509521484375,217.55499267578125,216.72000122070312,216.75999450683594,2079716,0.23299955641253867,218.82629928588867,219.69018524169923
2026-08-11 13:30:00,217.5500030517578,217.5500030517578,217.5500030517578,216.9300994873047,217.28500366210938,1845316,0.12191716907785644,218.7390495300293,219.60228515625
2026-08-11 13:45:00,217.74000549316406,217.74000549316406,217.83999633789062,217.49009704589844,217.5500030517578,1400386,0.08733736554398241,218.66860961914062,219.5181851196289
2026-08-11 14:00:00,217.13780212402344,217.13780212402344,217.77000427246094,217.02999877929688,217.72500610351562,1476079,-0.2765699246570108,218.58149948120118,219.4231411743164
2026-08-11 14:15:00,216.47000122070312,216.47000122070312,217.13499450683594,216.3000030517578,217.13499450683594,2334113,-0.30754704928757093,218.52699966430663,219.30714111328126
2026-08-11 14:30:00,216.63279724121094,216.63279724121094,216.92799377441406,216.39999389648438,216.47999572753906,1967577,0.0752048873237765,218.32938919067382,219.18279693603515
2026-08-11 14:45:00,217.15789794921875,217.15789794921875,217.35499572753906,216.61500549316406,216.6199951171875,1663183,0.2423920637571575,218.19328384399415,219.06515502929688
2026-08-11 15:00:00,217.44009399414062,217.44009399414062,217.5,217.07009887695312,217.13999938964844,1874843,0.1299497036888253,218.0692886352539,218.95525695800782
2026-08-11 15:15:00,217.85499572753906,217.85499572753906,217.97000122070312,217.4199981689453,217.4550018310547,2061998,0.1908119729793878,217.98328857421876,218.83275695800782
2026-08-11 15:30:00,217.74600219726562,217.74600219726562,218.17999267578125,217.7100067138672,217.86000061035156,2381128,-0.05003031025726523,217.92558898925782,218.7274771118164
2026-08-11 15:45:00,217.47999572753906,217.47999572753906,218.16000366210938,216.89280700683594,217.74000549316406,8687212,-0.12216365262384121,217.8093391418457,218.63567687988282
2026-08-12 09:30:00,221.32460021972656,221.32460021972656,222.4499969482422,220.1999969482422,221.0399932861328,13369326,1.7677968400385824,217.93481903076173,218.6199688720703
2026-08-12 09:45:00,223.63499450683594,223.63499450683594,223.8300018310547,221.1999969482422,221.32000732421875,8285569,1.0438940293196808,218.16256866455078,218.68466674804688
2026-08-12 10:00:00,223.11000061035156,223.11000061035156,224.0500030517578,222.4199981689453,223.63499450683594,5955158,-0.2347548055446791,218.37706832885743,218.73726684570312
2026-08-12 10:15:00,224.47659301757812,224.47659301757812,224.72999572753906,223.02000427246094,223.11000061035156,5074880,0.6125195659038241,218.67439804077148,218.83486267089845
2026-08-12 10:30:00,224.80999755859375,224.80999755859375,224.82000732421875,223.6750030517578,224.4499969482422,4293796,0.14852530347764237,218.99239807128907,218.94826263427734
2026-08-12 10:45:00,223.7449951171875,223.7449951171875,225.10000610351562,223.64999389648438,224.80999755859375,6189887,-0.4737344659810683,219.24614791870118,219.03416259765626
2026-08-12 11:00:00,223.4199981689453,223.4199981689453,224.50999450683594,223.37049865722656,223.7449951171875,3011629,-0.1452532817871388,219.47564315795898,219.1092626953125
2026-08-12 11:15:00,223.83990478515625,223.83990478515625,224.0,223.35000610351562,223.41000366210938,2414632,0.18794495553322577,219.78178863525392,219.19345489501953
2026-08-12 11:30:00,223.1699981689453,223.1699981689453,223.94000244140625,223.13999938964844,223.85000610351562,2305363,-0.2992793518447612,220.10128860473634,219.26185485839844
2026-08-12 11:45:00,223.02000427246094,223.02000427246094,223.61000061035156,222.89010620117188,223.1649932861328,2664169,-0.06721060075952634,220.38803405761718,219.3554528808594
2026-08-12 12:00:00,223.60009765625,223.60009765625,223.85000610351562,222.99000549316406,223.02499389648438,2670454,0.26010822916153753,220.6905387878418,219.48415496826172
2026-08-12 12:15:00,223.22000122070312,223.22000122070312,223.7100067138672,223.19000244140625,223.6199951171875,1801170,-0.16998938709374967,220.96453857421875,219.59615692138672
2026-08-12 12:30:00,222.89999389648438,222.89999389648438,223.27999877929688,222.67010498046875,223.22079467773438,2245088,-0.14335961045996992,221.2526481628418,219.68115692138673
2026-08-12 12:45:00,223.8000030517578,223.8000030517578,223.9759979248047,222.86000061035156,222.9149932861328,2208113,0.40377262445838724,221.61914825439453,219.78719512939452
2026-08-12 13:00:00,224.12010192871094,224.12010192871094,224.2899932861328,223.7899932861328,223.8000030517578,2065096,0.14302898685800702,221.99351348876954,219.90560119628907
2026-08-12 13:15:00,224.10009765625,224.10009765625,224.22999572753906,223.6699981689453,224.12969970703125,1700963,-0.008925693094363751,222.3406234741211,220.0216030883789
2026-08-12 13:30:00,224.09010314941406,224.09010314941406,224.13999938964844,223.86000061035156,224.0904998779297,1671570,-0.0044598404643547696,222.67312393188476,220.12980529785156
2026-08-12 13:45:00,223.65499877929688,223.65499877929688,224.22000122070312,223.51010131835938,224.0850067138672,1975477,-0.1941649202718554,222.96312408447267,220.23210540771484
2026-08-12 14:00:00,223.97000122070312,223.97000122070312,223.97999572753906,223.1699981689453,223.63999938964844,1865926,0.14084301407324418,223.27432403564453,220.33524139404298
2026-08-12 14:15:00,224.1199951171875,224.1199951171875,224.1999969482422,223.69000244140625,223.9600067138672,1706167,0.06697052983295482,223.60632400512696,220.4372412109375
2026-08-12 14:30:00,223.77499389648438,223.77499389648438,224.4499969482422,223.7100067138672,224.1199951171875,2000180,-0.15393593977311992,223.72884368896484,220.5268411254883
2026-08-12 14:45:00,223.68280029296875,223.68280029296875,223.9250030517578,223.5,223.77000427246094,1466290,-0.0411992430031205,223.7312339782715,220.6175210571289
2026-08-12 15:00:00,223.52499389648438,223.52499389648438,223.8800048828125,223.4600067138672,223.67999267578125,1673948,-0.07054918674018751,223.75198364257812,220.71042083740235
2026-08-12 15:15:00,223.0,223.0,223.66000366210938,222.80999755859375,223.52000427246094,2383465,-0.23487033254433465,223.67815399169922,220.81922088623048
2026-08-12 15:30:00,222.34030151367188,222.34030151367188,223.0164031982422,222.22999572753906,222.99000549316406,3113333,-0.2958289176359319,223.55466918945314,220.85432678222656
2026-08-12 15:45:00,224.1300048828125,224.1300048828125,224.3498992919922,222.24000549316406,222.32000732421875,7653412,0.8049388063956497,223.57391967773438,220.93932678222657
2026-08-13 09:30:00,224.91000366210938,224.91000366210938,227.22999572753906,224.13499450683594,225.05499267578125,16574662,0.3480117620595635,223.64841995239257,221.03912689208985
2026-08-13 09:45:00,225.77000427246094,225.77000427246094,226.139892578125,224.75,224.89999389648438,6041203,0.382375437440996,223.74492492675782,221.16302703857423
2026-08-13 10:00:00,226.2050018310547,226.2050018310547,226.4199981689453,225.01010131835938,225.77999877929688,4537914,0.19267287521012033,223.89667510986328,221.30912719726564
2026-08-13 10:15:00,226.02999877929688,226.02999877929688,226.21499633789062,225.5500030517578,226.2001953125,2712741,-0.0773648019898876,224.04717483520508,221.43362731933593
2026-08-13 10:30:00,225.6300048828125,225.6300048828125,226.47999572753906,225.6199951171875,226.03500366210938,2742104,-0.17696495980382698,224.1486701965332,221.56992736816406
2026-08-13 10:45:00,224.99000549316406,224.99000549316406,225.7100067138672,224.63999938964844,225.6300048828125,3959699,-0.2836499471694065,224.23717041015624,221.68812744140624
2026-08-13 11:00:00,224.67999267578125,224.67999267578125,225.1699981689453,224.33999633789062,224.97999572753906,2719090,-0.13778959501036248,224.3261703491211,221.8053271484375
2026-08-13 11:15:00,224.4499969482422,224.4499969482422,225.1300048828125,224.3000030517578,224.69000244140625,3113405,-0.10236591376026061,224.35867004394532,221.92372711181642
2026-08-13 11:30:00,224.57679748535156,224.57679748535156,224.7899932861328,223.7100067138672,224.4481964111328,3010371,0.05649389121560322,224.38150482177736,222.0462631225586
2026-08-13 11:45:00,224.27000427246094,224.27000427246094,224.82000732421875,224.10000610351562,224.55999755859375,1763334,-0.1366094878571089,224.3900001525879,222.1582632446289
2026-08-13 12:00:00,224.7913055419922,224.7913055419922,225.14500427246094,224.2050018310547,224.24000549316406,1924025,0.23244359905478795,224.4250602722168,222.27748748779297
2026-08-13 12:15:00,225.2899932861328,225.2899932861328,225.4600067138672,224.66000366210938,224.7899932861328,2157178,0.2218447652760691,224.5068099975586,222.42894744873047
2026-08-13 12:30:00,225.02000427246094,225.02000427246094,225.59500122070312,224.9600067138672,225.3000030517578,1592464,-0.11984065946905043,224.55931015014647,222.59374755859375
2026-08-13 12:45:00,225.3300018310547,225.3300018310547,225.36500549316406,224.99000549316406,225.002197265625,1383156,0.13776444436397473,224.61981048583985,222.75464569091798
2026-08-13 13:00:00,225.64999389648438,225.64999389648438,225.8000030517578,225.3300018310547,225.33999633789062,1685171,0.14201041265229364,224.71356048583985,222.9166455078125
2026-08-13 13:15:00,225.34500122070312,225.34500122070312,225.90989685058594,225.322998046875,225.66000366210938,1571624,-0.13516183648609736,224.79667053222656,223.0687454223633
2026-08-13 13:30:00,225.1898956298828,225.1898956298828,225.60000610351562,225.14199829101562,225.34500122070312,1503023,-0.06883027800932418,224.8799156188965,223.22978729248047
2026-08-13 13:45:00,225.30499267578125,225.30499267578125,225.74000549316406,225.09060668945312,225.1699981689453,1581597,0.05111110584090639,224.99516525268555,223.40648712158202
2026-08-13 14:00:00,225.1999969482422,225.1999969482422,225.4250030517578,225.0399932861328,225.3000030517578,1482312,-0.046601598256701404,225.13815002441407,223.57783111572266
2026-08-13 14:15:00,225.625,225.625,225.64999389648438,225.20010375976562,225.2100067138672,1152408,0.1887224944570054,225.21289978027343,223.74717315673828
2026-08-13 14:30:00,225.55999755859375,225.55999755859375,225.97999572753906,225.4199981689453,225.6284942626953,1932806,-0.028809946329644287,225.24539947509766,223.90957122802735
2026-08-13 14:45:00,225.73500061035156,225.73500061035156,225.80499267578125,225.49000549316406,225.5399932861328,1602475,0.07758603194361058,225.2436492919922,224.0671713256836
2026-08-13 15:00:00,225.70030212402344,225.70030212402344,226.24000549316406,225.6300048828125,225.73849487304688,2675122,-0.015371336405212155,225.21841430664062,224.22625732421875
2026-08-13 15:15:00,225.77999877929688,225.77999877929688,226.07980346679688,225.47000122070312,225.6999969482422,2155104,0.035310832339807696,225.20591430664064,224.3922573852539
2026-08-13 15:30:00,225.77999877929688,225.77999877929688,226.1999969482422,225.61000061035156,225.75999450683594,2290632,0.0,225.21341400146486,224.4813653564453
2026-08-13 15:45:00,225.3699951171875,225.3699951171875,225.85989379882812,224.85000610351562,225.7899932861328,8364661,-0.18159432382235385,225.232413482666,224.51606536865233
2026-08-14 09:30:00,225.72500610351562,225.72500610351562,227.49000549316406,225.00999450683594,226.8000030517578,9535300,0.1575236251585066,225.28466415405273,224.56836547851563
2026-08-14 09:45:00,225.75,225.75,226.8000030517578,225.35000610351562,225.7100067138672,3613764,0.011072719374705109,225.34966430664062,224.59383361816407
2026-08-14 10:00:00,225.83189392089844,225.83189392089844,226.58999633789062,225.3800048828125,225.65499877929688,3086507,0.0362763769206742,225.41241912841798,224.61427154541016
2026-08-14 10:15:00,225.11500549316406,225.11500549316406,225.8699951171875,224.5,225.82000732421875,3390793,-0.3174433935294707,225.4546691894531,224.64167175292968
2026-08-14 10:30:00,226.3249969482422,226.3249969482422,226.35000610351562,225.0,225.11500549316406,2993452,0.5374992450758009,225.53135375976564,224.69977172851563
2026-08-14 10:45:00,226.10000610351562,226.10000610351562,226.94000244140625,226.0800018310547,226.30999755859375,3540427,-0.09941051486151986,225.57185440063478,224.7449737548828
2026-08-14 11:00:00,225.4600067138672,225.4600067138672,226.3249969482422,225.3699951171875,226.10000610351562,1973515,-0.28306031506935003,225.59385452270507,224.79077392578125
2026-08-14 11:15:00,225.54800415039062,225.54800415039062,226.5,224.92999267578125,225.47000122070312,2453002,0.03903017559789834,225.60475463867186,224.84133392333985
2026-08-14 11:30:00,224.8699951171875,224.8699951171875,225.57000732421875,224.6199951171875,225.5399932861328,2073094,-0.3006052018758032,225.56575469970704,224.8667318725586
2026-08-14 11:45:00,225.24000549316406,225.24000549316406,225.38999938964844,224.68499755859375,224.86000061035156,1804874,0.164544129501909,225.56050491333008,224.90713195800782
2026-08-14 12:00:00,225.55999755859375,225.55999755859375,225.6199951171875,225.13900756835938,225.27000427246094,1614966,0.1420671539805074,225.57901000976562,224.96033203125
2026-08-14 12:15:00,225.64999389648438,225.64999389648438,225.8000030517578,225.4600067138672,225.55999755859375,1248075,0.039899068480542255,225.59626007080078,224.99733184814454
2026-08-14 12:30:00,225.07000732421875,225.07000732421875,225.7100067138672,224.97999572753906,225.63999938964844,1869302,-0.2570292878145142,225.58976058959962,225.01632995605468
2026-08-14 12:45:00,225.0677947998047,225.0677947998047,225.2100067138672,224.9499969482422,225.05999755859375,1187809,-0.0009830383178810465,225.56190032958983,225.03568389892578
2026-08-14 13:00:00,225.33999633789062,225.33999633789062,225.34500122070312,225.05999755859375,225.05999755859375,1894068,0.1209420203046152,225.5509002685547,225.0606817626953
2026-08-14 13:15:00,225.1199951171875,225.1199951171875,225.37989807128906,225.07000732421875,225.3300018310547,922537,-0.09763079092858229,225.5201499938965,225.0899816894531
2026-08-14 13:30:00,225.4149932861328,225.4149932861328,225.4199981689453,225.0998992919922,225.1199951171875,1295670,0.13104041193308102,225.50588455200196,225.1188815307617
2026-08-14 13:45:00,225.33999633789062,225.33999633789062,225.66259765625,225.19000244140625,225.41400146484375,1321725,-0.03327061219348115,225.48388442993163,225.14328155517578
2026-08-14 14:00:00,225.3000030517578,225.3000030517578,226.5,225.25999450683594,225.343994140625,1324431,-0.017747974963500113,225.4598846435547,225.17378173828126
2026-08-14 14:15:00,224.72000122070312,224.72000122070312,225.3699951171875,224.55999755859375,225.3000030517578,1789606,-0.2574353409668828,225.42738494873046,225.19452575683593
2026-08-14 14:30:00,225.3249969482422,225.3249969482422,225.3968048095703,224.64999389648438,224.6999969482422,1509489,0.2692220204043583,225.4073844909668,225.2305258178711
2026-08-14 14:45:00,225.1300048828125,225.1300048828125,225.32000732421875,224.91000366210938,225.32000732421875,1608942,-0.08653814182653097,225.37638473510742,225.27312591552734
2026-08-14 15:00:00,224.91000366210938,224.91000366210938,225.4499969482422,224.80999755859375,225.1300048828125,1871617,-0.09772185667461519,225.33029022216797,225.3245199584961
2026-08-14 15:15:00,225.1300048828125,225.1300048828125,225.35000610351562,224.85000610351562,224.91000366210938,1680224,0.09781744569870021,225.3310401916504,225.3445199584961
2026-08-14 15:30:00,225.05250549316406,225.05250549316406,225.3800048828125,225.00999450683594,225.1649932861328,2022490,-0.034424282844380816,225.26741561889648,225.3473699951172
2026-08-14 15:45:00,225.16000366210938,225.16000366210938,225.92999267578125,224.86000061035156,225.0500030517578,17516340,0.047765817452138926,225.22041549682618,225.33516998291014
2026-08-17 09:30:00,225.88999938964844,225.88999938964844,227.1699981689453,225.13999938964844,226.02000427246094,9168523,0.32421198954790675,225.24191513061524,225.32886993408204
2026-08-17 09:45:00,226.19000244140625,226.19000244140625,226.4600067138672,225.02999877929688,225.90499877929688,4339653,0.13280935524742077,225.274015045166,225.3320700073242
2026-08-17 10:00:00,226.16000366210938,226.16000366210938,226.3000030517578,225.35000610351562,226.1540069580078,3050093,-0.01326264599367244,225.3385154724121,225.34266998291017
2026-08-17 10:15:00,226.60000610351562,226.60000610351562,226.63999938964844,225.80499267578125,226.13999938964844,2477599,0.19455360553655154,225.4065155029297,225.3748699951172
2026-08-17 10:30:00,227.02000427246094,227.02000427246094,227.22000122070312,226.41000366210938,226.60000610351562,4508472,0.1853478189022928,225.47951583862306,225.42167022705078
2026-08-17 10:45:00,226.24000549316406,226.24000549316406,227.22000122070312,225.61000061035156,227.0343017578125,3573485,-0.3435815190809155,225.50901641845704,225.4574703979492
2026-08-17 11:00:00,226.75,226.75,227.07989501953125,226.24819946289062,226.25,3062109,0.22542189464866969,225.5930160522461,225.5009344482422
2026-08-17 11:15:00,227.44000244140625,227.44000244140625,227.75,226.72999572753906,226.7449951171875,4348912,0.3043009664415619,225.71162643432618,225.5643344116211
2026-08-17 11:30:00,227.27999877929688,227.27999877929688,227.5399932861328,226.71200561523438,227.46499633789062,2547045,-0.07034983309525122,225.8086265563965,225.61410827636718
2026-08-17 11:45:00,227.6999969482422,227.6999969482422,227.9199981689453,227.27999877929688,227.2899932861328,2559987,0.18479328194345168,225.93762664794923,225.66230834960936
2026-08-17 12:00:00,227.57000732421875,227.57000732421875,227.74899291992188,227.3699951171875,227.69500732421875,771214,-0.05708810969066169,226.0453773498535,225.71330841064454
