Date,Open,High,Low,Close,Volume,Dividends,Stock Splits,Daily_Return,Cumulative_Return,Volatility_20d,SMA_20,SMA_50,RSI_14,MACD,MACD_Signal,MACD_Histogram
2022-01-03,173.70339765267045,178.6362137085352,173.58618706197944,177.78639221191406,104487900,0.0,0.0,,1.0,,,,,0.0,0.0,0.0
2022-01-04,178.39201490568885,178.69481886787932,174.96345608354855,175.52999877929688,99310400,0.0,0.0,-0.01269159807195852,0.9873084019280415,,,,0.0,-0.17999719690391203,-0.03599943938078241,-0.14399775752312963
2022-01-05,175.4420540347499,175.98905654908802,170.58738436294814,170.8608856201172,94537600,0.0,0.0,-0.026600086547316715,0.9610459129878626,,,,0.0,-0.6914342590634703,-0.16708640331732,-0.5243478557461503
2022-01-06,168.69248149767625,171.23215427857738,167.6570812562145,168.00872802734375,96904000,0.0,0.0,-0.01669286438743367,0.9450033038922588,,,,0.0,-1.3117757623548698,-0.39602427512482996,-0.9157514872300399
2022-01-07,168.8779910690407,170.09898412579085,167.0611528044084,168.17469787597656,86709100,0.0,0.0,0.0009878644436007722,0.9459368390552593,,,,0.5165146731517609,-1.7696095361269215,-0.6707413273252483,-1.0988682088016732
2022-01-10,165.15645789652865,168.4970941484729,164.26757109809446,168.1942901611328,106765600,0.0,0.0,0.00011649960073478738,0.9460470403193295,,,,0.581796027405062,-2.1065818029600507,-0.9579094224522088,-1.148672380507842
2022-01-11,168.32123396506768,171.11485190283432,166.8560422275084,171.01718139648438,76138300,0.0,0.0,0.01678351406963441,0.961925034131065,,,,9.769082763185438,-2.121396878679235,-1.190606913697614,-0.9307899649816209
2022-01-12,172.03309245435602,173.06849253983535,170.76327115991117,171.456787109375,74805200,0.0,0.0,0.0025705353655165464,0.9643976964502746,,,,11.14613853497913,-2.073760406733669,-1.367237612304825,-0.7065227944288439
2022-01-13,171.7009797317892,172.52148374355693,167.80356331883507,168.1942901611328,84505800,0.0,0.0,-0.019028100335048204,0.9460470403193294,,,,9.934399127819773,-2.273061954137745,-1.5484024806714092,-0.7246594734663359
2022-01-14,167.36398288031089,169.7473640846977,167.1197842307582,169.05384826660156,80440800,0.0,0.0,0.005110507048992519,0.9508818203875599,,,,12.62940609579006,-2.3347373124466912,-1.7056694470264655,-0.6290678654202257
2022-01-18,167.53005178287384,168.53614912039677,165.47879187832885,165.8597412109375,90956700,0.0,0.0,-0.01889402157013831,0.932915838762505,,,,11.278816543576298,-2.6112523319445984,-1.886786024010092,-0.7244663079345064
2022-01-19,166.0550471179265,167.1099868528867,162.08926425974443,162.37252807617188,94815000,0.0,0.0,-0.021025072807334566,0.9133012153294077,,,,10.019074122185927,-3.0763195365246077,-2.124692726512995,-0.9516268100116125
2022-01-20,163.10515822088573,165.74250066133902,160.3701303584997,160.69247436523438,91420500,0.0,0.0,-0.010346908623294682,0.9038513711088503,,,,9.470278867872281,-3.539652035156138,-2.407684588241624,-1.1319674469145138
2022-01-21,160.60457194151562,162.470253269675,158.5337720868401,158.64122009277344,122848900,0.0,0.0,-0.012765092332816308,0.8923136249015032,,,,8.834035984886725,-4.025956732056272,-2.731339017004554,-1.2946177150517184
2022-01-24,156.30669005524535,158.53378075020058,151.11013516388041,157.8695526123047,162294600,0.0,0.0,-0.004864230620626131,0.8879732056440555,,,,8.599962557935399,-4.422642356479173,-3.069599684899478,-1.3530426715796948
2022-01-25,155.29082683573563,158.98310983768695,153.3763174519784,156.072265625,115798400,0.0,0.0,-0.011384633436685943,0.877863956196199,,,,8.064022064749807,-4.82640877509715,-3.420961502939013,-1.405447272158137
2022-01-26,159.70594544292626,160.57529219502064,154.15775828454986,155.98435974121094,108275300,0.0,0.0,-0.0005632383398616048,0.8773695095588867,,,,8.037638487594776,-5.0947606120363105,-3.7557213247584724,-1.339039287277838
2022-01-27,158.68028043462846,160.03802433796415,154.60704872462142,155.52523803710938,121954600,0.0,0.0,-0.0029433829446957605,0.874787075108255,,,,7.892398718290735,-5.283572920939378,-4.061291643994654,-1.2222812769447238
2022-01-28,161.86465470605705,166.39698147337538,159.0221785798324,166.37744140625,179935700,0.0,0.0,0.06977776408579572,0.9358277612604621,,,,36.9114134305968,-4.505588302502446,-4.150150975696212,-0.35543732680623386
2022-01-31,166.21138037947398,170.93906288440527,165.576454917367,170.7241668701172,115541600,0.0,0.0,0.026125690040235794,0.9602769072822007,,165.91980438232423,,44.459332825074554,-3.4979631279484806,-4.019713406146666,0.5217502781981853
2022-02-01,169.97202274767105,170.78276405312576,168.31147491088436,170.55810546875,86213900,0.0,0.0,-0.0009726883101062178,0.9593428571600223,0.33653107133677346,165.55839004516602,,44.241562807408485,-2.6818974405528877,-3.7521502130279103,1.0702527724750226
2022-02-02,170.69486467196293,171.79864739328102,169.30781806090394,171.7595672607422,84914300,0.0,0.0,0.007044296069601552,0.966100752278115,0.335399721022354,165.36986846923827,,46.29133433897725,-1.9161236970435311,-3.3849449098310345,1.4688212127875033
2022-02-03,170.4311395793071,172.15030783567607,168.125903430298,168.88780212402344,89418100,0.0,0.0,-0.01671968078703423,0.9499478560919112,0.3270803293633432,165.2712142944336,,42.289567796118234,-1.5234090234676785,-3.0126377325583635,1.489228709090685
2022-02-04,167.90975737649003,170.27662529840396,166.93171820745542,168.6041717529297,82465400,0.22,0.0,-0.0016794011617574656,0.9483525125587815,0.3214446486516347,165.30098648071288,,41.90426797657536,-1.220991584901867,-2.6543085030270643,1.4333169181251972
2022-02-07,169.06382633955357,170.129885294368,167.19576822143142,167.8901824951172,77251200,0.0,0.0,-0.004234706949355793,0.9443365175834098,0.32184507260352724,165.28676071166993,,40.89419931639226,-1.0270968192994019,-2.328866166281532,1.3017693469821303
2022-02-08,167.95862803498034,171.49913925228722,167.6652133594248,170.9905548095703,74829200,0.0,0.0,0.018466668320783475,0.9617752668368262,0.3283785067761448,165.42657394409179,,46.881676273274046,-0.6161570112579682,-1.9863243352768196,1.3701673240188514
2022-02-09,172.1838075995271,172.77062217708496,171.05905354274313,172.40875244140625,71285000,0.0,0.0,0.008294011522539169,0.9697522419820641,0.3243321282956798,165.49615249633788,,49.40641694677602,-0.17404131624985553,-1.623867731471427,1.4498264152215714
2022-02-10,170.31573108381698,171.62629991772872,167.78261335475796,168.340087890625,90865900,0.0,0.0,-0.02359894432948817,0.946867112810133,0.3353376338348942,165.3403175354004,,43.0801256022016,-0.1502368320038272,-1.329141551577907,1.1789047195740798
2022-02-11,168.545490327705,169.27901969811438,164.34969397169522,164.9365234375,98670700,0.0,0.0,-0.020218383486507285,0.9277229904125758,0.3362254462480344,165.17742919921875,,38.624621538836195,-0.40138390947342373,-1.1435900231570104,0.7422061136835867
2022-02-14,163.69440078491326,165.85587378073802,162.90219149496014,165.17124938964844,86185500,0.0,0.0,0.0014231290150685805,0.9290432599181782,0.3356243796975278,164.9832992553711,,39.09246730520177,-0.5748528097756491,-1.0298425804807383,0.45498977070508917
2022-02-15,167.21536820889426,169.15188170406051,166.51117876998032,168.99539184570312,62527400,0.0,0.0,0.02315259144788162,0.9505530189524718,0.33898402119825605,165.14008178710938,,46.277406938595256,-0.39915066611322914,-0.9037041976072365,0.5045535314940074
2022-02-16,168.07604144255788,169.5333102903167,166.31556790878483,168.7606658935547,61177400,0.0,0.0,-0.0013889488321832122,0.9492327494468695,0.32896635230398386,165.45948867797853,,45.9193438766056,-0.2756681432885557,-0.7780969867435004,0.5024288434549447
2022-02-17,167.274027503072,168.13470669398032,164.77024977354867,165.17124938964844,69589300,0.0,0.0,-0.021269271988830996,0.9290432599181782,0.336655622480562,165.6834274291992,,40.72957716710167,-0.46211627935528554,-0.7149008452658575,0.25278456591057197
2022-02-18,166.09060878011084,166.7947832093295,162.54032203615824,163.62594604492188,82772700,0.0,0.0,-0.009355764701404534,0.9203513497809579,0.33494144263150916,165.93266372680665,,38.70163286288768,-0.7261996581395636,-0.7171606078405988,-0.00903905029896479
2022-02-22,161.35690506054718,163.02935867994262,158.58905229899906,160.71141052246094,91162800,0.0,0.0,-0.017812184393181663,0.9039578818321459,0.341425611247859,166.07475662231445,,35.14714923005283,-1.1573253708518791,-0.805193560442855,-0.3521318104090242
2022-02-23,161.90459367562613,162.50119815168253,156.241753586249,156.5547332763672,90009200,0.0,0.0,-0.025864232244497742,0.880577705237195,0.3521521281665048,166.0988800048828,,30.80214831420153,-1.8134998221427736,-1.0068548127828387,-0.8066450093599349
2022-02-24,149.22923948055748,159.27370735740539,148.66197489078866,159.16612243652344,141147500,0.0,0.0,0.016680359038051762,0.8952660575214552,0.3568259129550135,166.25796813964843,,36.1430878039272,-2.098614005424963,-1.2252066513112636,-0.8734073541136995
2022-02-25,160.24193771015948,161.4938266826065,157.3371601146723,161.22976684570312,91974200,0.0,0.0,0.012965349520295488,0.9068734948708778,0.35881192034628995,166.54319458007814,,40.079056542335756,-2.133457028000066,-1.4068567266490242,-0.726600301351042
2022-02-28,159.479061922758,161.78723492110947,158.86289248069977,161.4938201904297,95056600,0.0,0.0,0.0016377456216212227,0.9083587229664669,0.25458541929623313,166.29901351928712,,40.583707113201704,-2.11537870732721,-1.5485611227846614,-0.5668175845425485
2022-03-01,161.08304074169718,162.94132403155473,158.41299811175085,159.61598205566406,83474400,0.0,0.0,-0.011627925654067228,0.8977963952685893,0.23503360895698613,165.74360427856445,,38.12464712435155,-2.226906954504102,-1.6842302891285497,-0.5426766653755524
2022-03-02,160.77983303222933,163.6846100998314,159.3714544632476,162.9021759033203,79724800,0.0,0.0,0.020588125357711595,0.9162803400000806,0.24980559098563435,165.36080780029297,,44.46618544745716,-2.0267622605475424,-1.7527366834123483,-0.27402557713519404
2022-03-03,164.77021930839055,165.20055882427715,161.9143474309581,162.57940673828125,76678400,0.0,0.0,-0.0019813680403546474,0.9144648514183992,0.2474303837315537,164.90179977416992,,43.98930710666625,-1.872604701404697,-1.7767102870108182,-0.09589441439387869
2022-03-04,160.87765818976635,161.91437725608384,158.54014531943216,159.58663940429688,83737200,0.0,0.0,-0.018408034535407736,0.8976313508520728,0.24877471190451297,164.4367416381836,,39.73422389932988,-1.9692250369649855,-1.8152132370016518,-0.1540117999633337
2022-03-07,159.7724409102269,161.39598912291174,155.5473055505203,155.80160522460938,96418800,0.0,0.0,-0.02371773848873715,0.8763415652132714,0.2596249883798743,163.79661331176757,,35.10873491952147,-2.324423467627298,-1.917055283126781,-0.40736818450051704
2022-03-08,155.3321355066094,159.30297080345315,152.37845403546578,153.98243713378906,131148300,0.0,0.0,-0.01167618323442643,0.8661092405218972,0.261124521232831,163.10122604370116,,33.11353608077658,-2.721342502113316,-2.0779127269240885,-0.6434297751892277
2022-03-09,157.9337716080875,159.82139509337992,155.90923815043413,159.37149047851562,91454900,0.0,0.0,0.03499784420248031,0.8964211967840111,0.2855916525774333,162.52027282714843,,43.37888581397008,-2.57141051015563,-2.176612283570397,-0.394798226585233
2022-03-10,156.68187121650197,156.86770104560523,152.55454474714313,155.0387725830078,105342000,0.0,0.0,-0.027186279569192395,0.872050839516491,0.2940353021206811,161.65177383422852,,38.29071582214315,-2.770268519401327,-2.295343530736583,-0.474924988664744
2022-03-11,155.4397623739769,155.78208206231224,151.10705589580672,151.33200073242188,96970100,0.0,0.0,-0.02390867644802419,0.8512012581482633,0.2942952340297756,160.80136947631837,,34.55623863685568,-3.190195842140241,-2.474313993017315,-0.7158818491229262
2022-03-14,148.12399948025242,150.73536174739257,146.80365582087973,147.31222534179688,108732100,0.0,0.0,-0.026562626352456542,0.8285911171773301,0.29942099160297436,159.9201545715332,,31.022724190824874,-3.8035090652802523,-2.7401530074699028,-1.0633560578103496
2022-03-15,147.58609577139651,152.1535515492418,147.0775261791108,151.68408203125,92964300,0.0,0.0,0.029677487250697965,0.853181619493402,0.32384362165736064,159.24579620361328,163.85718017578125,38.40021104740464,-3.891928190060014,-2.970508043987925,-0.921420146072089
2022-03-16,153.60105321090987,156.48626575095446,151.06793536575267,156.08526611328125,102300200,0.0,0.0,0.029015464398726598,0.8779370803994607,0.3309664900151556,158.60028991699218,163.4231576538086,44.800846907010765,-3.5657583674313003,-3.0895581086766,-0.4762002587547003
2022-03-17,155.12678288189394,157.4642957434988,154.16830873861088,157.09263610839844,75615400,0.0,0.0,0.006453972371652794,0.8836032620604084,0.3328770210608315,158.0168884277344,163.05441040039062,46.17931673266046,-3.18921678749993,-3.109489844441266,-0.07972694305866401
2022-03-18,156.98504839102176,160.86786475806085,156.25151907619613,160.37884521484375,123511700,0.0,0.0,0.020918925214150397,0.9020872926184295,0.33645139091777665,157.77726821899415,162.84476959228516,50.52025095236134,-2.5957134923102387,-3.006734574015061,0.4110210817048223
2022-03-21,159.91919485399893,162.69683770871782,159.43017522147943,161.74813842773438,95811400,0.0,0.0,0.008537866768253188,0.9097891937361399,0.3367348323410569,157.68337783813476,162.71955780029296,52.24850243559235,-1.9919058851668012,-2.8037688362454096,0.8118629510786084
2022-03-22,161.87525716684658,165.6993938917205,161.28844262082922,165.11257934570312,81532000,0.0,0.0,0.02080049236221604,0.9287132569116752,0.3380893867090907,157.90343627929687,162.6583154296875,56.28845904687469,-1.2277490156276656,-2.488564872121861,1.2608158564941956
2022-03-23,164.30079784879288,168.84867380689857,163.9682532045546,166.4720458984375,98062700,0.0,0.0,0.008233573469214717,0.9363598857442911,0.3227114437657127,158.3993019104004,162.6238705444336,57.84057680976448,-0.5066116975013415,-2.0921742371977574,1.585562539696416
2022-03-24,167.30337650948087,170.31573891650316,166.4720521767643,170.24728393554688,90131400,0.0,0.0,0.022677909775990823,0.9575945707510571,0.3266941898494002,158.95335998535157,162.60847259521483,61.88776556657813,0.36531387034426643,-1.6006766156893528,1.9659904860336193
2022-03-25,170.06146151483682,171.43071043053845,168.95627243907444,170.8830108642578,80546200,0.0,0.0,0.003734138448585167,0.9611703614558551,0.3248116474830784,159.4360221862793,162.5969970703125,62.539902289521926,1.0949965759855047,-1.0615419773543813,2.156538553339886
2022-03-28,168.38897085299945,171.8707872641407,168.22270601580345,171.74365234375,90371900,0.0,0.0,0.005036436771212127,0.9660112352076906,0.3248313381479784,159.94851379394532,162.66798431396484,63.451657554444154,1.722861872775212,-0.5046612073284626,2.2275230801036745
2022-03-29,172.80972386459516,175.0787667230212,172.467404224187,175.02987670898438,100589400,0.0,0.0,0.019134473503899185,0.9844953515922411,0.3244593873747706,160.71920852661134,162.7875048828125,66.77680139910353,2.4572943267712617,0.08772989949148224,2.3695644272797796
2022-03-30,174.6288971925018,175.66561632731086,172.81951875433577,173.86602783203125,92633200,0.0,0.0,-0.0066494297935673075,0.9779490188697352,0.321290744701902,161.26740112304688,162.94763061523437,64.53736842519947,2.9118583694696554,0.6525555934871169,2.2593027759825386
2022-03-31,173.9345145849757,174.12034444944086,170.57005683003788,170.77545166015625,103049300,0.0,0.0,-0.01777561844836506,0.9605653702483538,0.3296197022147405,161.6772033691406,163.11568908691407,58.88957955675919,2.9882730288761934,1.1196990805649323,1.8685739483112611
2022-04-01,170.2081296381206,171.03946877548313,168.16403166582776,170.4819793701172,78751300,0.0,0.0,-0.0017184688266734804,0.9589146686035999,0.32066917519347826,162.22197036743165,163.3114791870117,58.367245037498044,2.990676775600406,1.493894619572027,1.4967821560283787
2022-04-04,170.7362946873885,174.5702062097959,170.60914482743888,174.52130126953125,76468400,0.0,0.0,0.02369354177103178,0.9816347533590144,0.31131911889696584,163.15795516967773,163.62908081054687,63.20481551640824,3.2807033751170707,1.8512563706810359,1.4294470044360348
2022-04-05,173.60196376939686,174.38439814013864,170.58960114244232,171.21554565429688,73401800,0.0,0.0,-0.018941846016429564,0.9630407790165121,0.31775270233673164,164.0196105957031,163.89600067138673,57.333350951805606,3.2068382587069664,2.122372748286222,1.0844655104207446
2022-04-06,168.57480173407063,169.81691543605135,166.39377895438548,168.0564422607422,89058800,0.0,0.0,-0.018451031309582477,0.9452716834504737,0.3084673967243584,164.45385818481446,164.13568420410155,52.33038039567794,2.8604133154957765,2.2699808617281327,0.5904324537676438
2022-04-07,167.40116034930097,169.55284318419794,166.11993163539967,168.35963439941406,77594700,0.0,0.0,0.0018041089921532194,0.9469770565946145,0.287496645196849,165.11990127563476,164.38318969726564,52.75647078071982,2.5805867264294875,2.3321020346684036,0.2484846917610839
2022-04-08,168.00757925318007,168.00757925318007,165.48423622614246,166.3546905517578,76575500,0.0,0.0,-0.011908696848911826,0.9356997939047544,0.27476183779627716,165.87103576660155,164.5997787475586,49.59925570379404,2.1720024340268935,2.3000821145401016,-0.12807968051320806
2022-04-11,165.00498773482366,165.31795249524248,161.8654755697351,162.1099853515625,72246700,0.0,0.0,-0.025515993484263477,0.9118244840602541,0.2731936399641826,166.61092376708984,164.51442962646485,43.64421031794381,1.4885254090915794,2.1377707734503972,-0.6492453643588179
2022-04-12,164.33013728303388,166.13950070260202,162.9804385205217,163.97804260253906,79265200,0.0,0.0,0.011523394113726937,0.9223317969526261,0.2585995331359116,167.2256217956543,164.3795071411133,46.67838475581949,1.0850932710111465,1.9272352729625473,-0.8421420019514008
2022-04-13,163.7139749230824,167.28381189911025,163.10759541750994,166.65786743164062,70618900,0.0,0.0,0.01634258335182781,0.9374050812223655,0.24596365972741874,167.75425186157227,164.3015023803711,50.77294067448426,0.9704234253093773,1.7358729034319134,-0.765449478122536
2022-04-14,166.8730302686766,167.5087646523774,161.41557017548345,161.6600799560547,75329400,0.0,0.0,-0.029988308098541583,0.9092938888335308,0.2725359496227283,167.98262405395508,164.09951263427735,43.98870741668946,0.47083952050698485,1.4828662268469277,-1.0120267063399428
2022-04-18,160.32017704396847,162.94132974863555,159.977872292766,161.44493103027344,69023900,0.0,0.0,-0.0013308723207345885,0.9080837347654691,0.2628617142643826,168.03592834472656,163.95065521240235,43.71789177439884,0.056899059468378255,1.197672793371218,-1.1407737339028396
2022-04-19,161.39603175237912,164.1345444765827,160.31040765157212,163.7237548828125,67723800,0.0,0.0,0.014115177466375473,0.9209014978360127,0.26586278885653136,168.13470916748048,163.853046875,47.41093389787988,-0.08627517173505339,0.9408832003499636,-1.027158372085017
2022-04-20,165.05383234121763,165.1712071523127,162.4522603203473,163.55743408203125,67929800,0.0,0.0,-0.0010158623646293607,0.9199659886628303,0.2550908214643466,168.05695190429688,163.76639190673828,47.16766935324816,-0.21073327804811015,0.7105599046703489,-0.9212931827184591
2022-04-21,165.2006278854853,167.76308617115384,162.26650987641895,162.7653045654297,87227800,0.0,0.0,-0.004843127559730931,0.9155104760291223,0.2534728254315365,167.8716148376465,163.60188690185547,45.95819250859886,-0.3690314905516061,0.4946416256259579,-0.863673116177564
2022-04-22,162.80437847987656,164.18340212764667,157.95329847424364,158.23692321777344,84882400,0.0,0.0,-0.027821539484392366,0.8900395651719032,0.2542786829902726,167.2710968017578,163.31845031738283,39.69220099302971,-0.8500872176474559,0.22569585697127517,-1.0757830746187311
2022-04-25,157.58165071304833,159.58663379803306,154.9800781201004,159.30300903320312,96046400,0.0,0.0,0.006737275938830667,0.8960360073189432,0.25563620860218544,166.69209671020508,163.1377087402344,41.70720357879416,-1.1322512439971035,-0.04589356322240057,-1.0863576807747028
2022-04-26,158.6868312906376,158.7748512209157,153.2782766938566,153.3565216064453,95623200,0.0,0.0,-0.037328155085371906,0.8625886362756642,0.28019119872214393,165.77274017333986,162.90610870361328,34.735636455596534,-1.8147804469013522,-0.3996709399581909,-1.4151095069431614
2022-04-27,152.48606720314393,156.28084845296394,151.96770771639416,153.13157653808594,88063200,0.0,0.0,-0.0014668112317821613,0.8613233815755674,0.265319130485784,164.6778251647949,162.66531524658203,34.50070134846017,-2.3467886261752255,-0.789094477201598,-1.5576941489736276
2022-04-28,155.7527492675287,160.90702025080918,155.4397695467575,160.0463409423828,130216800,0.0,0.0,0.04515570570500249,0.9002170467108314,0.32255465276771367,163.9868408203125,162.48633422851563,46.48322259112241,-2.185254983654687,-1.0683265784922158,-1.1169284051624713
2022-04-29,158.28585264208988,162.55010393809633,153.79665651995063,154.1878662109375,131747600,0.0,0.0,-0.036604865171859124,0.8672647230905721,0.3397364173640529,163.15746154785157,162.19487823486327,39.83417762180454,-2.50113680944591,-1.3548886246829546,-1.1462481847629555
2022-05-02,153.26850950984627,154.75511815394006,149.9040527150275,154.49105834960938,123055300,0.0,0.0,0.0019663813121137963,0.868970096234713,0.3404420157333369,162.35791549682617,161.9812744140625,40.31004110543635,-2.69593331933757,-1.6230975636138778,-1.072835755723692
2022-05-03,154.67686742533908,157.18065989099466,152.88706912402677,155.9776611328125,88966500,0.0,0.0,0.009622581391338425,0.8773318317123707,0.32832881870230196,161.43073348999025,161.8283087158203,42.702951635433294,-2.6992393849021425,-1.838325927871531,-0.8609134570306116
2022-05-04,156.163485086847,162.82392827829534,155.7624855158091,162.37403869628906,108256500,0.0,0.0,0.04100829257870564,0.9133097121558433,0.36269196915060675,160.98865814208983,161.86156127929686,51.67899552885341,-2.160816703173708,-1.9028240829319665,-0.25799262024174174
2022-05-05,160.25171284753384,160.47665766238154,151.5471558846843,153.3271942138672,130525300,0.0,0.0,-0.055716077243994966,0.8624236776856775,0.40609039007325426,160.2521957397461,161.7970104980469,41.72316158473855,-2.4360364787286812,-2.0094665620913092,-0.426569916637372
2022-05-06,152.8080631040653,156.16767394547392,151.0156200226824,154.052001953125,116124600,0.23,0.0,0.004727196261393951,0.8665005236705708,0.40680157257116584,159.53681411743165,161.6947280883789,42.67598098771619,-2.5660839877414787,-2.1207900472213432,-0.4452939405201355
2022-05-09,151.75022430191655,152.63176175523802,148.38083908771665,148.9391326904297,131577900,0.0,0.0,-0.03318924257960021,0.8377420275951176,0.4190368685506241,158.66603622436523,161.44891540527342,37.96101103306252,-3.0465941540748815,-2.305950868592051,-0.7406432854828306
2022-05-10,152.328132388233,153.52309446613708,149.79127784510368,151.33885192871094,115366700,0.0,0.0,0.016112080115768368,0.8512397942600763,0.41829632661131283,158.12747955322266,161.24581604003907,41.24227248332284,-3.196912616905365,-2.484143218254714,-0.7127693986506514
2022-05-11,150.3495886480442,152.25956414663153,142.81741468212965,143.49325561523438,142689800,0.0,0.0,-0.051841256977238626,0.807110453336588,0.4483111084663303,157.1032402038574,160.92336151123047,34.76781062834684,-3.904110974706242,-2.76813676954502,-1.1359742051612223
2022-05-12,139.83980605277625,143.19940187956024,135.95128476595931,139.6341094970703,182602000,0.0,0.0,-0.026894268316777548,0.7854038082432778,0.44565151448938317,155.7520523071289,160.45800018310547,32.098518958112564,-4.721544580988336,-3.1588183318336833,-1.562726249154653
2022-05-13,141.6224448185645,145.06041547307086,140.17282438448345,144.09072875976562,113990900,0.0,0.0,0.03191640838149801,0.8104710769315541,0.45987995951646576,154.87358474731445,160.08822662353515,38.01675137059633,-4.9526634529204046,-3.517587356051028,-1.4350760968693765
2022-05-16,142.56275232444813,144.49232147743598,141.22085987637433,142.55294799804688,86643800,0.0,0.0,-0.010672308863692415,0.8018214792734512,0.45999673611436215,153.92898559570312,159.74755279541014,36.8240867730704,-5.199970852629093,-3.854064055366641,-1.3459067972624519
2022-05-17,145.80482673464496,146.69615365751025,143.66956086149628,146.17703247070312,78336300,0.0,0.0,0.025422725545499736,0.8222059666775067,0.4681688125068935,153.05164947509766,159.55506134033203,41.48329143156523,-5.0453705286262505,-4.092325350018563,-0.9530451786076872
2022-05-18,143.8360642275501,144.33559163369299,137.02869370903522,137.92982482910156,109742900,0.0,0.0,-0.056419312269555544,0.7758176714936367,0.5016530564373753,151.77026901245117,159.23400909423827,35.13330787197094,-5.524644724493925,-4.3787892249136355,-1.1458554995802892
2022-05-19,137.0091561140078,138.7526228149115,133.79647489353653,134.5310821533203,136095600,0.0,0.0,-0.024641100501594737,0.7567006702794488,0.5049091266108162,150.3585578918457,158.73720092773436,32.89834899869514,-6.108310308219018,-4.724693441574712,-1.3836168666443056
2022-05-20,136.2353120090451,137.8122689524701,129.88831177177445,134.76609802246094,137426100,0.0,0.0,0.0017469261777942613,0.7580225704891144,0.5011825110298828,149.18501663208008,158.33174743652344,33.21471866854348,-6.477240080172294,-5.075202769294228,-1.4020373108780655
2022-05-23,134.9620011760451,140.31973647724712,134.82487512400195,140.17282104492188,117726300,0.0,0.0,0.040119311175425,0.7884339138725627,0.5271127334041585,148.228507232666,158.10856384277344,40.20000769522652,-6.261167380279261,-5.3123956914912345,-0.9487716887880264
2022-05-24,137.92002455292192,139.05622039365426,134.51145197634384,137.47926330566406,104132700,0.0,0.0,-0.019215977242796556,0.7732833857261385,0.5165820703703162,147.43464431762695,157.91190460205078,38.06403686768373,-6.235398020471592,-5.496996157287307,-0.7384018631842855
2022-05-25,135.5888849437953,138.87992561613757,135.50073567160547,137.63600158691406,92482700,0.0,0.0,0.001140086711852062,0.7741649958387009,0.5168975331553598,146.65986557006835,157.63094299316407,38.269579488625794,-6.131646345531465,-5.623926194936139,-0.5077201505953255
2022-05-26,134.57023400738558,141.37759058232152,134.3253649583187,140.82908630371094,90601500,0.0,0.0,0.02319948763391322,0.7921252270862693,0.4941200811264323,145.69900283813476,157.32581939697266,42.459022385026515,-5.725764100343497,-5.644293776017611,-0.08147032432588563
2022-05-27,142.40607296312103,146.6080201361109,142.2787362487316,146.56884765625,90978500,0.0,0.0,0.04075693099478572,0.8244098203058534,0.5065327313040525,145.31805191040038,157.1153436279297,49.14083569845024,-4.884641616870084,-5.492363344188107,0.6077217273180224
2022-05-31,146.01053811087894,147.567901829154,143.8262952175465,145.78524780273438,103718400,0.0,0.0,-0.005346291971629724,0.8200022847022195,0.5064302008799589,144.88276138305665,156.8234716796875,48.31595178495305,-4.232486478624423,-5.2403879710753705,1.007901492450947
2022-06-01,146.8234773391278,148.62572491730577,144.6490389655957,145.6579132080078,74286600,0.0,0.0,-0.0008734395053391353,0.8192860623122922,0.5044898700612647,144.3667739868164,156.50166717529297,48.17443639044828,-3.6834630020440784,-4.929002977269112,1.245539975225034
2022-06-02,144.79591891769732,148.16531828462544,143.8458261329897,148.10655212402344,72348100,0.0,0.0,0.016810888348502084,0.833058988831308,0.48340770222365065,143.6533996582031,156.16154663085936,51.13821330599,-3.016006598294183,-4.5464037014741265,1.5303971031799435
2022-06-03,143.88504856420633,144.93309527765794,141.49513917786348,142.39625549316406,88570300,0.0,0.0,-0.038555327559564034,0.8009401266404778,0.4625114899199047,143.10685272216796,155.6800308227539,44.7160219349536,-2.9142224622248705,-4.2199674536242755,1.305744991399405
2022-06-06,144.01243481876756,145.52083706346062,141.92614500106757,143.1407012939453,71598400,0.0,0.0,0.005227987198139328,0.8051274313690303,0.4626299504697506,142.561287689209,155.13789916992187,45.673889362020695,-2.741880554276605,-3.924350073754742,1.1824695194781367
2022-06-07,141.3873963509184,145.94195473174813,141.14252729935507,145.6579132080078,67808200,0.0,0.0,0.017585577626124005,0.8192860623122922,0.4540916784117017,142.3972267150879,154.63339721679688,48.898038111623556,-2.3748051112662836,-3.61444108125705,1.2396359699907666
2022-06-08,145.5305644824367,146.79408210793065,144.4335560047601,144.9232940673828,53950200,0.0,0.0,-0.005043455068424074,0.815154029868834,0.44988007384560075,142.0764488220215,154.09699005126953,48.00267531812036,-2.118749181535776,-3.3153027013127954,1.1965535197770194
2022-06-09,144.06135517233236,144.91349464755012,139.60473566244548,139.7124786376953,69473000,0.0,0.0,-0.03595567892118645,0.785844613299559,0.4295068195014495,141.88740997314454,153.39064208984374,42.11227933687955,-2.3096678556930783,-3.114175732188852,0.8045078764957738
2022-06-10,137.40091085996173,137.87105521943323,134.24699651333503,134.31556701660156,91437900,0.0,0.0,-0.03862870141391672,0.7554884563746755,0.4407675611504035,141.6214828491211,152.59963287353514,37.04235028313514,-2.8634498766649017,-3.0640305610840626,0.20058068441916088
2022-06-13,130.1429810735186,132.4251621177248,128.74233746263164,129.17330932617188,122207100,0.0,0.0,-0.03828489731048146,0.7265646584031169,0.44046738527095997,140.8756118774414,151.76759002685546,32.96949781059273,-3.6749013626837836,-3.1862047214040072,-0.4886966412797764
2022-06-14,130.39766413988795,131.1420606306549,128.7815195311164,130.03524780273438,84784300,0.0,0.0,0.006672728917907156,0.7314128274099727,0.44184818876523885,140.24972686767578,150.9586553955078,34.27399896940274,-4.200016108725691,-3.3889669988683444,-0.8110491098573469
2022-06-15,131.5338494146611,134.52125474775525,129.4475753177957,132.65045166015625,91533000,0.0,0.0,0.02011149977880744,0.7461226363266453,0.4375040676501854,139.57339782714843,150.12123840332032,38.20360575424501,-4.354947113622586,-3.582163021819193,-0.772784091803393
2022-06-16,129.36918587177325,129.67282102638816,126.391570600365,127.39064025878906,108123900,0.0,0.0,-0.03965166598032066,0.7165376307706649,0.4145484521695456,139.04643859863282,149.24474029541017,33.82354337476768,-4.8462888718289605,-3.834988191821147,-1.0113006800078135
2022-06-17,127.40045357119396,130.3486710219844,127.14578023984714,128.85986328125,134520300,0.0,0.0,0.011533210128124471,0.7248016098310515,0.41010692567211454,138.76287765502929,148.46080871582032,36.02979930696332,-5.058811901431625,-4.079752933743243,-0.9790589676883821
2022-06-21,130.68170729877417,134.24699991857628,130.58376865027734,133.0814208984375,81000500,0.0,0.0,0.032760841969648125,0.7485467208300731,0.42807935807913466,138.67864379882812,147.75524444580077,42.01199015860616,-4.830905839476486,-4.229983514889891,-0.6009223245865947
2022-06-22,132.0235786011109,134.93262385029735,131.16164978530637,132.5720977783203,73409200,0.0,0.0,-0.0038271542088950117,0.7456819170968938,0.4006108572881251,138.29860763549806,147.07959259033203,41.50765860536441,-4.637923665595338,-4.311571545030981,-0.3263521205643567
2022-06-23,134.01190702274286,135.74556869818326,132.8463282477274,135.43214416503906,72433800,0.0,0.0,0.021573516861000064,0.7617688985083265,0.4041578628905079,138.1962516784668,146.54603576660156,45.46652145029183,-4.205721126256805,-4.290401461276145,0.0846803350193408
2022-06-24,137.02869134817942,138.99744774415504,136.901369626622,138.75257873535156,89116800,0.0,0.0,0.024517329994171666,0.7804454379723518,0.41377416778117077,138.25208053588867,146.04152648925782,49.721165072443426,-3.5542944858241015,-4.143180066185737,0.5888855803616355
2022-06-27,139.77122723590202,140.5450216732672,138.07673787975503,138.75257873535156,70207900,0.0,0.0,0.0,0.7804454379723518,0.4051696205158917,138.14825515747071,145.48342071533204,49.721165072443426,-3.0034127078688755,-3.9152265945223648,0.9118138866534893
2022-06-28,139.21294709984699,140.47646473111445,134.50166930718802,134.61920166015625,67083400,0.0,0.0,-0.02978955139334072,0.7571963184881761,0.387032288839223,137.550772857666,144.94260314941405,44.68769586177161,-2.86731133560761,-3.705643542739414,0.838332207131804
2022-06-29,134.63877479951915,137.78288432606877,133.86498040570075,136.3724365234375,66242400,0.0,0.0,0.013023661124564212,0.7670577867449337,0.39162417427547996,137.08013229370118,144.44115325927734,47.13244929868141,-2.5881441023137484,-3.4821436546542808,0.8939995523405324
2022-06-30,134.43313802820109,135.53014683096814,131.02456428701487,133.9140167236328,98964500,0.0,0.0,-0.018027248485673053,0.7532298454204124,0.3950840507114936,136.49293746948243,143.84495849609374,44.183457000055505,-2.536042076186874,-3.2929233389608,0.7568812627739261
2022-07-01,133.2478979449589,136.18632571299105,132.87570725736074,136.07858276367188,71051600,0.0,0.0,0.0161638497074299,0.7654049394369385,0.39464066668341946,135.89153900146485,143.29538146972655,47.30943531621305,-2.293648701227511,-3.0930684114141425,0.7994197101866316
2022-07-05,134.94243962271915,138.70362462604172,134.11966825992553,138.65464782714844,73353800,0.0,0.0,0.01893071643721056,0.7798946033050596,0.38023594063552546,135.70445861816407,142.81316833496095,50.83819070696123,-1.87210284739254,-2.8488752986098222,0.9767724512172822
2022-07-06,138.44895512148898,141.16209320483665,138.18449238511542,139.98672485351562,74064300,0.0,0.0,0.009607157403247024,0.7873871735169542,0.38151133378472246,135.54675979614257,142.4481643676758,52.605740424407976,-1.4142348190949008,-2.5619472027068384,1.1477123836119376
2022-07-07,140.34913434840425,143.5422362397496,140.3393449670909,143.34634399414062,66253700,0.0,0.0,0.023999555273120032,0.80628411550912,0.38626875784945613,135.43118133544922,142.12903106689453,56.82221540770867,-0.7713858646911262,-2.203834935103696,1.4324490704125696
2022-07-08,142.27873476282176,144.52174406124357,142.0240762823262,144.02220153808594,64547800,0.0,0.0,0.0047148572130513156,0.8100856299868969,0.3863047616760466,135.38612670898436,141.94234466552734,57.63869054373865,-0.20502399246814207,-1.8040727465765851,1.599048754108443
2022-07-11,142.68031255423233,143.63040577238007,140.82910292265402,141.896728515625,63141600,0.0,0.0,-0.01475795398044144,0.7981304235393334,0.3670026411707806,135.49533920288087,141.71764770507812,54.169542070016334,0.07148987135605012,-1.4289602229900582,1.5004500943461083
2022-07-12,142.7684556965353,145.40324925342907,142.0730359145698,142.8664093017578,77588800,0.0,0.0,0.006833707840036896,0.8035846136720461,0.3360120049453054,135.92288131713866,141.37404907226562,55.485871329543684,0.36467054109382957,-1.0702340701732806,1.4349046112671102
2022-07-13,140.05527730810053,143.4442558667998,139.20312303306522,142.50396728515625,71185600,0.0,0.0,-0.0025369295579902307,0.8015459761132754,0.2992783196219231,136.58941421508788,141.14037109375,54.851716950501,0.5613019529133965,-0.7439268655559452,1.3052288184693417
2022-07-14,141.12295108192205,145.89299601499977,140.30998393649415,145.4228515625,78140700,0.0,0.0,0.020482828183323143,0.8179639046230376,0.3042193582434722,137.35879440307616,140.95900695800782,58.92336701218795,0.9418067683103857,-0.40678013878267905,1.3485869070930647
2022-07-15,146.70592606919652,147.7637620290884,145.15835206929646,147.08792114257812,76259900,0.0,0.0,0.011449848233532345,0.8273294671914789,0.3003374901945806,138.08066787719727,140.78121215820312,61.07965178608428,1.3620162993734084,-0.0530208511514616,1.41503715052487
2022-07-18,147.64626627696484,148.45923341835072,143.68917356336667,144.0515899658203,81420900,0.0,0.0,-0.020642967506588006,0.8102509318830025,0.26844764105626506,138.91371536254883,140.41476318359375,55.3714584170984,1.4335042848310025,0.24428417604503122,1.1892201087859713
2022-07-19,144.88412086859606,148.1261847699647,143.89485526545627,147.90090942382812,82982400,0.0,0.0,0.026721811671229334,0.8319023046912181,0.2776312963759645,139.86576766967772,140.30623748779297,60.42135563151665,1.7802453779527525,0.5514764164265755,1.228768961526177
2022-07-20,148.01842499581136,150.56506886066487,147.2838179131366,149.89901733398438,64823400,0.0,0.0,0.013509774334317548,0.8431411170957951,0.26196239914399067,140.70664749145507,140.22317779541015,62.77593487189971,2.1910141545369015,0.8793839640486407,1.3116301904882608
2022-07-21,151.3290452388946,152.3770917552224,148.82158901652633,152.16160583496094,65086600,0.0,0.0,0.015094084946103203,0.8558675607387913,0.26106331669592897,141.6861228942871,140.28762725830077,65.29379090716625,2.6683641117159596,1.2371799935821044,1.4311841181338552
2022-07-22,152.20078156045275,153.0725146399616,150.26142318216912,150.92745971679688,66675400,0.0,0.0,-0.00811075902749514,0.8489258251941889,0.2604139040640762,142.460888671875,140.2793994140625,62.79860570640746,2.913497132994536,1.5724434214645906,1.3410537115299452
2022-07-25,150.84910958984113,151.85796878260385,149.15462011252404,149.8108673095703,53623900,0.0,0.0,-0.00739820579582906,0.8426452972340083,0.25416488137223664,143.01380310058593,140.40575164794922,60.544279352269314,2.9832777737845504,1.8546102919285827,1.1286674818559677
2022-07-26,149.13504463438227,149.94801169458665,147.70501771546552,148.4886016845703,55138700,0.0,0.0,-0.008826233027992902,0.8352079134806786,0.2578939714569395,143.50060424804687,140.5828414916992,57.89389839728517,2.8984718695740526,2.063382607457677,0.8350892621163757
2022-07-27,149.44846596743406,154.1009774684585,149.03708779660727,153.57205200195312,78620700,0.0,0.0,0.03423461639285574,0.8638009360069671,0.2481609664426763,144.44824676513673,140.77246795654298,64.35439291891629,3.204514883108317,2.291609062587805,0.9129058205205118
2022-07-28,153.7581586202447,154.40461645264705,151.24091273921562,154.12057495117188,81378700,0.0,0.0,0.003571762844008619,0.8668862280948166,0.24724457330816887,145.33565368652344,141.00382049560548,64.97880682894261,3.451530301249676,2.5235933103201793,0.9279369909294966
2022-07-29,157.93074338059327,160.27169083424704,156.22644946059978,159.17466735839844,101786900,0.0,0.0,0.03279310636381805,0.895314120378059,0.24686726931015884,146.59868621826172,141.26377319335938,70.1647656736262,4.008902683546609,2.8206551849654655,1.188247498581143
2022-08-01,157.7054219228439,160.23247174092782,157.58788958801776,158.19515991210938,67829400,0.0,0.0,-0.006153664163680017,0.8898046579602519,0.2507086837432497,147.7045150756836,141.66907989501954,68.06124274918398,4.3217676006445345,3.1208776681012793,1.2008899325432552
2022-08-02,156.81411634866453,159.07670355733856,156.35376142488207,156.7259521484375,59907000,0.0,0.0,-0.009287311726149827,0.8815407647263949,0.2538960253883611,148.60808029174805,142.11297729492188,64.91747851217283,4.400437014936671,3.376789537468358,1.0236474774683129
2022-08-03,157.53893055181024,163.1709180629882,157.45078129075776,162.72036743164062,82507500,0.0,0.0,0.03824775157547444,0.9152577168993038,0.278096989585636,149.7447624206543,142.67206268310548,70.83636537432274,4.890112139723783,3.6794540579194432,1.2106580818043398
2022-08-04,162.60282888470158,163.75861850349844,161.05525478751719,162.4069366455078,55474100,0.0,0.0,-0.0019261927137946833,0.913494754153768,0.2731216564876473,150.69779205322266,143.1167449951172,70.16974490515003,5.193029942418491,3.982169234819253,1.2108607075992381
2022-08-05,160.08237587686597,162.67178435198056,159.876393569881,162.18136596679688,56697000,0.23,0.0,-0.0013889226862476844,0.9122259805659556,0.274477361656118,151.6057502746582,143.61078704833983,69.66165351915772,5.353184634633493,4.256372314782101,1.0968123198513924
2022-08-08,163.18178041324063,164.59418751238474,161.0533667864172,161.7105255126953,60276900,0.0,0.0,-0.0029031723299084433,0.9095776313405529,0.26561422672524854,152.59644012451173,144.09227752685547,68.54594813376218,5.380097082228218,4.4811172682713245,0.8989798139568936
2022-08-09,160.87682032374863,162.64232916411427,160.12157196524083,161.7595672607422,63135500,0.0,0.0,0.0003032687445136961,0.9098534778068473,0.2665765687793638,153.54109802246094,144.5108871459961,68.60235470284957,5.343782847769404,4.65365038417094,0.6901324635984638
2022-08-10,164.46667794890814,166.0948703368816,163.70162657940335,165.99679565429688,70170500,0.0,0.0,0.02619460762234027,0.9336867326518193,0.27328070888648287,154.71573944091796,144.89944610595703,73.09220456606323,5.592446235667609,4.841409554470274,0.751036681197335
2022-08-11,166.8010905635419,167.71327649760102,164.9669306824805,165.2611846923828,57149200,0.0,0.0,-0.004431476878903329,0.929549121483934,0.2722506946164924,155.7076560974121,145.28896484375,71.18894381586418,5.664855180954618,5.006098679767143,0.658756501187475
2022-08-12,166.5657255890837,168.8706832695546,166.1537609304427,168.80203247070312,68039400,0.0,0.0,0.021425767852936817,0.9494654251687501,0.27689404964714903,156.79336166381836,145.7518472290039,74.61537302833452,5.939489873328057,5.192776918479326,0.7467129548487312
2022-08-15,168.2331135298216,170.06727335382837,168.0663730882192,169.87110900878906,54091700,0.0,0.0,0.006333315555732355,0.9554786893156014,0.25694751039138874,158.0843376159668,146.18713836669923,75.56043917674347,6.172255468700712,5.3886726285236035,0.7835828401771083
2022-08-16,169.46896318920653,170.38114909928223,168.3704308785935,169.71417236328125,56377100,0.0,0.0,-0.0009238571904519599,0.9545959634581536,0.2494314676585609,159.17500076293945,146.73349670410155,75.11832183639457,6.271763419636471,5.565290786746178,0.7064726328902937
2022-08-17,169.45915949271176,172.7743773350279,169.26299514755854,171.20504760742188,79542000,0.0,0.0,0.008784624309096323,0.9629817303641133,0.2483619990402689,160.24030227661132,147.2947836303711,76.52364243554022,6.3971826209604785,5.731669153589038,0.6655134673714409
2022-08-18,170.42035446304044,171.5483105348056,169.8024226331564,170.81268310546875,62290100,0.0,0.0,-0.0022917811562006563,0.9607747869806993,0.24831172491637798,161.17285614013673,147.79787902832032,75.31797517256061,6.391243429580328,5.863584008787296,0.5276594207930323
2022-08-19,169.7141357065489,170.41053619571213,168.02709575598993,168.2330780029297,70346300,0.0,0.0,-0.015101952944245212,0.9462652113576996,0.25470602036905304,162.03813705444335,148.26407470703126,67.75924887239847,6.10797506998216,5.912462221026269,0.19551284895589127
2022-08-22,166.43816395511286,166.6049043800519,163.9370276482697,164.35879516601562,69026800,0.0,0.0,-0.02302925728343741,0.9244734263469768,0.27079104369128704,162.76553344726562,148.75700103759766,58.29653881767115,5.507375016982081,5.831444780217431,-0.3240697632353502
2022-08-23,163.87814907982667,165.47691721640174,163.45638164126586,164.0252685546875,54147100,0.0,0.0,-0.0020292592860103875,0.9225974300618924,0.26731345601945117,163.5423667907715,149.35119506835937,57.55141777432564,4.947451200001666,5.654646064174279,-0.7071948641726129
2022-08-24,164.11359750144874,164.88845187937156,163.06409508904346,164.31956481933594,53841500,0.0,0.0,0.0017942129724379807,0.9242527663392475,0.24426128828317484,164.07974243164062,150.05412017822266,58.060799253268506,4.475859863649873,5.418888824069398,-0.9430289604195252
2022-08-25,165.5456215718219,166.87956011908489,165.1238689631101,166.77166748046875,51218200,0.0,0.0,0.014922767497764555,0.9380451754804938,0.2476063672557822,164.71229705810546,150.78884857177735,62.13766098541206,4.250981851001427,5.185307429455804,-0.9343255784543771
2022-08-26,167.30132415112922,167.77212157949262,160.42564926256463,160.4844970703125,78961000,0.0,0.0,-0.03769927173566556,0.9026815555097246,0.2649618720814706,164.77778854370118,151.34552947998046,48.98842364723252,3.524810476737315,4.853208038912107,-1.3283975621747919
2022-08-29,158.06181135805244,159.77827539995786,156.7573118566176,158.28741455078125,73314000,0.0,0.0,-0.013690310027694719,0.8903235651585147,0.26881049475491736,164.78240127563475,151.96346496582032,45.37485173204539,2.740438167972485,4.430654064724182,-1.6902158967516971
2022-08-30,159.02307224651202,159.4448248788866,154.69757844618866,155.86477661132812,77906200,0.0,0.0,-0.015305309940961243,0.8766968870460221,0.2724414774881343,164.7393424987793,152.50356323242187,41.72042862984473,1.9014125272690308,3.924805757233152,-2.023393229964121
2022-08-31,157.23790413486398,157.5027341926007,154.12865408316875,154.20712280273438,87991100,0.0,0.0,-0.010635204724460334,0.8673730361709906,0.23358369142929697,164.31368026733398,152.92607727050782,39.38318264010319,1.090153245379696,3.357875254862461,-2.267722009482765
2022-09-01,153.6382262791269,155.38411402360973,151.70597720803465,154.9329376220703,74229900,0.0,0.0,0.004706752879790166,0.8714555467068408,0.2350121339061237,163.93998031616212,153.3732940673828,40.94324486630505,0.5000276027595305,2.786305724441875,-2.2862781216823445
2022-09-02,156.6886565527691,157.286967514474,152.00025851175562,152.82415771484375,76957800,0.0,0.0,-0.013610920567261986,0.8595942344827141,0.23839938577061895,163.47211990356445,153.7211343383789,37.89193910605772,-0.13624162668185136,2.2017962542171294,-2.338037880898981
2022-09-06,153.47150522336744,154.07961913097643,150.74478065092995,151.5686798095703,73714800,0.0,0.0,-0.008215179615882806,0.8525325134496613,0.23915682175068304,162.96502761840821,153.97745635986328,36.16394683803165,-0.7333426322012713,1.6147684769334494,-2.3481111091347207
2022-09-07,151.85314497915547,153.6676838931478,150.66632598771957,152.97129821777344,87449600,0.0,0.0,0.009254012174318316,0.8604218597081267,0.2429390891321912,162.52561416625977,154.26183074951172,39.48425571739518,-1.080909841772069,1.0756328131923456,-2.1565426549644147
2022-09-08,151.67655864828822,153.36359865770876,149.75411248649127,151.50001525878906,84923800,0.0,0.0,-0.009618032769061147,0.8521462940662374,0.21852169000087995,161.80077514648437,154.59944702148437,37.293056843405715,-1.4582695742975034,0.5688523356943758,-2.0271219099918794
2022-09-09,152.49066452851048,154.79563648166842,151.7844609924952,154.354248046875,68028800,0.0,0.0,0.01883981848589511,0.8682005755698735,0.23366184132939666,161.25542831420898,154.95908325195313,43.807994200548265,-1.5096152440436867,0.15315881974676326,-1.66277406379045
2022-09-12,156.5317468843277,161.1122531071859,156.24731078742482,160.29815673828125,104956000,0.0,0.0,0.03850822874405879,0.9016334419296417,0.2635920913763218,160.8302345275879,155.48676605224608,54.42671833669776,-1.0584817820626142,-0.08916930061511223,-0.969312481447502
2022-09-13,156.83579030622826,157.46352522744408,150.43092752735453,150.8919219970703,122656600,0.0,0.0,-0.05867961885905215,0.848725935206635,0.3280077912195467,159.88127517700195,155.78303283691406,41.16836035741911,-1.4433220771647655,-0.3599998559250429,-1.0833222212397224
2022-09-14,151.82371618505977,154.08946168271527,150.66633598686377,152.33375549316406,87965400,0.0,0.0,0.009555405465123235,0.8568358556463003,0.33211549973090626,159.0122543334961,156.05661499023438,43.44267442516008,-1.6133689573750871,-0.6106736762150518,-1.0026952811600354
2022-09-15,151.68639505914092,152.2651001071562,148.4790697119515,149.45008850097656,90481100,0.0,0.0,-0.01892992779474212,0.8406160147669697,0.3312319619682315,157.92450637817382,156.2458822631836,40.10351890936949,-1.9582467123881315,-0.8801882834496677,-1.0780584289384638
2022-09-16,148.31232430924803,148.44964084888636,145.52673670084437,147.8120880126953,162278800,0.0,0.0,-0.010960184130439976,0.831402708462127,0.33117868874487805,156.77447662353515,156.3351971435547,38.30256913323846,-2.3368005854676426,-1.1715107438532626,-1.16528984161438
2022-09-19,146.44871449211215,151.59810678770754,146.2427471814607,151.51963806152344,81474200,0.0,0.0,0.02508286093969314,0.8522566669833668,0.3484044162887562,155.93880462646484,156.48514587402343,44.38994506459763,-2.3109991934100833,-1.3994084337646269,-0.9115907596454564
2022-09-20,150.46035140561636,155.05067517637016,150.14649142825516,153.89328002929688,107689800,0.0,0.0,0.01566557311079131,0.8656077561091541,0.3489015210359637,155.4155288696289,156.72507690429688,47.931935239673514,-2.0750978980052253,-1.5345463266127468,-0.5405515713924784
2022-09-21,154.32483969180942,155.69802002410492,150.6565200858437,150.7742156982422,101696800,0.0,0.0,-0.0202677097431474,0.8480638693569166,0.3541590904167206,154.75297622680665,156.88323303222657,43.96885397547029,-2.1154413551025755,-1.6507253323107125,-0.46471602279186297
2022-09-22,149.45991695080835,151.5098622787984,148.01808565192604,149.81301879882812,86652500,0.0,0.0,-0.006375074776298617,0.8426573987746891,0.35358410262478046,154.02764892578125,157.0294140625,42.7945798457325,-2.199618558706419,-1.7605039775898539,-0.4391145811165651
2022-09-23,148.29270193451399,148.5673350111051,145.7130966439831,147.54725646972656,96029900,0.0,0.0,-0.015123934803984329,0.8299131032135257,0.3478765940912768,153.06642837524413,157.07190216064453,40.07744584524694,-2.4212470543505162,-1.8926525929419864,-0.5285944614085298
2022-09-26,146.79202323434507,150.82326264584486,146.77240230987616,147.88075256347656,93339400,0.0,0.0,0.0022602663155477654,0.831788927845551,0.32772577727783564,152.43624114990234,157.0877587890625,40.67451504726629,-2.5406913775975966,-2.0222603498731084,-0.5184310277244881
2022-09-27,149.81302224747262,151.75507497309587,147.07647912072952,148.85179138183594,84442700,0.0,0.0,0.006566363786541851,0.8372507565394025,0.32756877751180263,151.96445999145507,157.1837628173828,42.471915275302706,-2.527857578362557,-2.1233797955709983,-0.40447778279155866
2022-09-28,144.81074419198137,147.7532545846386,142.0643981655583,146.9685821533203,146691400,0.0,0.0,-0.01265157248719162,0.8266582179030882,0.3263652120006248,151.5196502685547,157.16511627197266,39.94433281789778,-2.6392226304860458,-2.226548362554008,-0.4126742679320379
2022-09-29,143.3002421615135,143.9083561021041,137.98409428837317,139.74960327148438,128138200,0.0,0.0,-0.04911919796780084,0.786053429246197,0.3650254507450875,150.7967742919922,156.96212799072265,32.06635194029026,-3.2722708000114835,-2.4356928500455033,-0.8365779499659802
2022-09-30,138.5725835278908,140.35771319334796,135.35544091221504,135.55160522460938,124925300,0.0,0.0,-0.030039427294256904,0.7624408344089546,0.37393361625973165,149.82770767211915,156.62992797851564,28.541161830930548,-4.065840910358901,-2.7617224621081826,-1.3041184482507182
2022-10-03,135.56141670515206,140.32828260431316,135.05137754414199,139.72015380859375,114311700,0.0,0.0,0.030752484096939092,0.785887784043973,0.3951334222760863,149.17250747680663,156.40578186035157,36.05817536109422,-4.308715714782096,-3.0711211126429654,-1.2375946021391306
2022-10-04,142.25075989142124,143.41795807791704,141.4955113649154,143.30026245117188,87830100,0.0,0.0,0.025623423285681568,0.806024919389578,0.40857228698079423,148.75908660888672,156.2755697631836,41.727710897001714,-4.164307356847814,-3.289758361483935,-0.8745489953638792
2022-10-05,141.3091461524557,144.55571313373582,140.26944671107276,143.594482421875,79471000,0.0,0.0,0.002053171192225589,0.8076798265342846,0.40662363254785566,148.2902458190918,156.1776873779297,42.181433486427025,-3.9802398724062016,-3.4278546636683886,-0.5523852087378129
2022-10-06,143.0158197187154,144.712663290669,142.43712956504083,142.64309692382812,68402200,0.0,0.0,-0.006625501774168097,0.8023285424106219,0.4061007206987913,147.84739990234374,155.95910827636717,41.067908487588454,-3.8665625967202857,-3.5155962502787683,-0.35096634644151736
2022-10-07,139.80844218113944,140.35772324812106,136.7776606833551,137.4053955078125,85925600,0.0,0.0,-0.03671892667061605,0.772867899496104,0.414820946615118,146.9999572753906,155.6248046875,35.510145946094696,-4.15125814785398,-3.642728629793811,-0.5085295180601692
2022-10-10,137.72906494140625,139.17089585032406,135.91452632499212,137.72906494140625,74899000,0.0,0.0,0.0023555802332038134,0.7746884518430348,0.3825816335288557,145.8715026855469,155.19589263916015,36.08577218487816,-4.301182648793372,-3.774419433593723,-0.5267632151996486
2022-10-11,137.21901816017072,138.64124303543636,135.57122005048993,136.316650390625,77033700,0.0,0.0,-0.010255021707888057,0.7667440049525343,0.3314955067232112,145.14273910522462,154.75832244873047,34.633041852885526,-4.482299784363249,-3.915995503747628,-0.5663042806156211
2022-10-12,136.46377294476207,137.6701975246167,135.51236044068241,135.68890380859375,70433700,0.0,0.0,-0.004605061672454558,0.763213101522743,0.32711150226592733,144.31049652099608,154.3375814819336,33.97831863368371,-4.623196985050271,-4.057435800008157,-0.5657611850421134
2022-10-13,132.40313927882985,140.83832513907973,131.79501040391918,140.2498321533203,113224000,0.0,0.0,0.03361312691537632,0.788867080367705,0.35094274301114436,143.8504837036133,153.8881707763672,42.4857105456544,-4.317065784470174,-4.109361796900561,-0.20770398756961228
2022-10-14,141.5445499741852,141.75053227831364,135.5418338120233,135.7281951904297,88598000,0.0,0.0,-0.03223987432617814,0.7634341048365911,0.36523205749675075,143.2462890625,153.35459594726564,37.34763911212525,-4.388722455876234,-4.165233928695696,-0.22348852718053802
2022-10-17,138.3666666620457,140.16158499262147,137.5819941601383,139.6809844970703,85250900,0.0,0.0,0.029122831119170023,0.7856674673423619,0.36975268035259157,142.65435638427735,152.9045883178711,43.75175109790999,-4.079527567634699,-4.148092656483497,0.06856508884879808
2022-10-18,142.70194639396894,143.88875049899616,137.91545818930572,140.9952850341797,99136600,0.0,0.0,0.009409301787509428,0.7930600496472144,0.3660324092849366,142.00945663452148,152.4902835083008,45.7378204673017,-3.685946030381075,-4.055663331263013,0.36971730088193766
2022-10-19,138.97473585531196,142.17225768233465,138.78837451258266,141.1031494140625,61758300,0.0,0.0,0.0007650211839116405,0.7936667573853086,0.3613042241525598,141.5259033203125,152.07715515136718,45.90663020413431,-3.3269747782358365,-3.9099256206575776,0.5829508424217411
2022-10-20,140.27927658716155,143.0942732786787,139.91635681145763,140.64218139648438,64522000,0.0,0.0,-0.0032668868093470582,0.7910739379245892,0.3610945541520141,141.0673614501953,151.57006286621095,45.258624194330636,-3.0445876301996577,-3.7368580225659938,0.692270392366336
2022-10-21,140.13212478208789,145.0167019837592,139.916339525803,144.44781494140625,86548600,0.0,0.0,0.02705897695225179,0.8124795893784178,0.37301281533579866,140.9123893737793,151.15379547119142,51.362625249152835,-2.485064680089806,-3.4864993540707565,1.0014346739809503
2022-10-24,144.36932866368048,147.3510650763543,143.2021308192321,146.5860137939453,75981900,0.0,0.0,0.014802569726696024,0.8245063751517092,0.3770117103822688,140.84765243530273,150.70947509765625,54.43673612527608,-1.847803603532327,-3.158760203963071,1.3109566004307438
2022-10-25,147.21377179556336,149.56778877679034,146.4977652190575,149.420654296875,74732300,0.0,0.0,0.019337728269999355,0.8404504553912752,0.3827206433385516,140.8760955810547,150.30046600341797,58.20792207038489,-1.1013422230495564,-2.7472766077803685,1.645934384730812
2022-10-26,148.06710843299678,149.07736899312695,145.20305222207165,146.4879608154297,88194300,0.0,0.0,-0.019627095700026298,0.8239548538721799,0.3866728304171382,140.85206451416016,149.83594177246093,53.293310615414526,-0.7379039579655284,-2.3454020778174005,1.607498119851872
2022-10-27,145.23250204640354,146.1937178528811,141.36800292889203,142.02516174316406,109180200,0.0,0.0,-0.030465295901610734,0.7988528254393955,0.35991087620102813,140.96584243774413,149.25234405517577,46.8155805092284,-0.8007564801691558,-2.0364729582877517,1.2357164781185959
2022-10-28,145.3600351076457,154.48182186838937,144.98732723837443,152.75555419921875,164762400,0.0,0.0,0.07555275645775605,0.8592083584054084,0.42770832661580627,141.8260398864746,148.89120147705077,59.54737931814146,0.015111243717484513,-1.6261561178867043,1.6412673616041888
2022-10-31,150.2249153618166,151.284220531453,149.0086727671134,150.40145874023438,97943200,0.0,0.0,-0.015410866539846024,0.8459672130641025,0.4241249337883171,142.36010513305663,148.53456909179687,56.35975183380515,0.46636054925141934,-1.2076527844590799,1.6740133337104992
2022-11-01,152.10814502054632,152.4710497811702,146.27217011734126,147.76303100585938,80379300,0.0,0.0,-0.01754256744897642,0.8311267761693029,0.42264344603166754,142.583243560791,148.20265380859374,52.9392597373291,0.6041159346141285,-0.8452990406444383,1.4494149752585668
2022-11-02,146.0956258102425,149.25392123210702,142.2213237765035,142.25074768066406,93604600,0.0,0.0,-0.03730488802017551,0.8001216848537376,0.44491557870499354,142.51605682373048,147.7671633911133,46.578924752255894,0.26543312587006085,-0.6231526073415384,0.8885857332115993
2022-11-03,139.33766635298934,140.0634909361085,136.09109910411752,136.21861267089844,97918500,0.0,0.0,-0.04240494414347151,0.7661925694995345,0.4693306249595487,142.194832611084,147.20514434814453,40.80187099599067,-0.48413748718277816,-0.5953495833097864,0.11121209612700822
2022-11-04,139.59828641105477,140.1681172493776,132.0234984378513,135.95335388183594,140814800,0.23,0.0,-0.0019473020893507886,0.764700561108103,0.4509785299138185,142.12223052978516,146.58877807617188,40.56361872192305,-1.0870509194749332,-0.6936898505428157,-0.3933610689321174
2022-11-07,134.70559929239224,136.70981865595215,133.29084915754692,136.48385620117188,83374600,0.0,0.0,0.0039020907111788627,0.7676844920644362,0.4511259948813213,142.05997009277343,146.10876525878905,41.30183511941166,-1.5047116752043905,-0.8558942154751308,-0.6488174597292597
2022-11-08,137.94774130575934,138.9498435557623,135.0789489012502,137.05369567871094,89908500,0.0,0.0,0.004175141979423147,0.7708896838142066,0.44971297575502606,142.09682235717773,145.68409088134766,42.13323595031902,-1.7693337713687356,-1.0385821266538517,-0.7307516447148839
2022-11-09,136.07124673599705,136.12037292800636,132.22980938548775,132.50489807128906,74917800,0.0,0.0,-0.033189893821509386,0.7453039370603162,0.4653159434735092,141.9376220703125,145.21689331054688,37.55984351834744,-2.3193624732705587,-1.2947381959771933,-1.0246242772933654
2022-11-10,138.7631586833069,144.29441833496094,137.05366669118547,144.29441833496094,118854000,0.0,0.0,0.08897422235160679,0.8116167752758487,0.5528541008172475,142.13985137939454,145.0186392211914,52.07854694755083,-1.7833906093021596,-1.3924686786421867,-0.39092193065997294
2022-11-11,143.26287971945007,147.3793904835366,141.83829520447486,147.0748291015625,93979700,0.0,0.0,0.019269011225002464,0.8272558280290394,0.5406612817608393,142.70718307495116,144.86147705078125,54.7507691288892,-1.1213469440789368,-1.3382443317295367,0.21689738765059996
2022-11-14,146.3576203774582,147.64464544159856,144.84461786588682,145.67971801757812,73374100,0.0,0.0,-0.009485722965015153,0.8194087084231617,0.5347346095461735,143.00711975097656,144.71858825683594,53.14927825247489,-0.7011637949018734,-1.210828224364004,0.5096644294621306
2022-11-15,149.55065357357725,150.8966242970365,145.95483216140596,147.40887451171875,89868300,0.0,0.0,0.011869576065022258,0.829134742416132,0.5352193907727683,143.32779922485352,144.6353921508789,54.90974228381074,-0.22603159251090688,-1.0138688979933845,0.7878373054824777
2022-11-16,146.51480463978803,147.2418181251695,144.70706018330316,146.18075561523438,64218300,0.0,0.0,-0.008331376930679535,0.8222269083507414,0.5366396214787016,143.5816795349121,144.49958129882813,53.375672803369035,0.05082924203611583,-0.8009292699874846,0.8517585120236004
2022-11-17,143.8621718356149,148.8236171893066,143.5870831617381,148.0769500732422,80389400,0.0,0.0,0.012971573789089197,0.8328924853637877,0.5375010499682137,143.95341796875,144.4311199951172,55.44541006376643,0.4184271262426762,-0.5570579907414525,0.9754851169841287
2022-11-18,149.63904958366277,150.02220984195606,147.34008803390304,148.63693237304688,74829600,0.0,0.0,0.003781697958579633,0.8360422331754043,0.5300443625153679,144.16287384033203,144.31677368164063,56.06568271462581,0.7463337189673496,-0.29637964879969203,1.0427133677670417
2022-11-21,147.52678083863384,147.73308985978306,145.12956655626695,145.4144744873047,58724100,0.0,0.0,-0.021680061841255593,0.8179167858582601,0.5341121343872015,144.104296875,144.0191000366211,51.61276243890254,0.737673198519019,-0.08956907933594982,0.8272422778549688
2022-11-22,145.53236323934706,147.7821986794849,144.3533947208252,147.54640197753906,51804100,0.0,0.0,0.01466104043459926,0.8299082969278655,0.5321349099787274,144.0105842590332,143.95218963623046,54.20421450406663,0.8925496481178641,0.10685466615481296,0.7856949819630511
2022-11-23,146.82919031011303,149.1674586072914,146.72111870836432,148.42079162597656,58301400,0.0,0.0,0.005926201091441152,0.8348265003829155,0.527415154182973,144.10722579956055,143.87393035888672,55.262496381018906,1.0734719706348699,0.30017812705082436,0.7732938435840455
2022-11-25,145.7092003283938,146.2692118769101,144.54006603549058,145.51271057128906,35195900,0.0,0.0,-0.01959348837065855,0.8184693370561452,0.5201287278405591,144.2816032409668,143.79518280029296,51.03817307135939,0.9710032563282596,0.4343431529063114,0.5366601034219481
2022-11-28,142.59476743015247,144.06846284178744,140.86563687733454,141.69090270996094,69246000,0.0,0.0,-0.02626442629185821,0.796972709480888,0.449128785235571,143.7283706665039,143.67275909423827,46.0555746990023,0.574782374343016,0.4624309971936524,0.11235137714936366
2022-11-29,141.7596944766532,142.27057984792378,137.8887997144492,138.6944122314453,83763800,0.0,0.0,-0.021148079525256436,0.7801182672413272,0.45162169491317106,143.14301834106445,143.41625457763672,42.54828561600364,0.01876640442350208,0.37369807863962234,-0.35493167421612026
2022-11-30,138.92038744793726,146.1120302873751,138.08530213977906,145.4341278076172,111380900,0.0,0.0,0.04859399501203421,0.818027330428449,0.4844938973713069,143.02657318115234,143.24707153320313,51.49544601967034,0.12056862319059292,0.3230721875498164,-0.2025035643592235
2022-12-01,145.61099111367253,146.51485616417156,144.03904277032873,145.709228515625,71250400,0.0,0.0,0.0018915828915460065,0.8195746969315045,0.4644145179431495,143.1994972229004,143.1457717895508,51.82523539055668,0.22089955051941956,0.30263766014373705,-0.08173810962431749
2022-12-02,143.40043783526434,145.40465760065473,143.09586143280922,145.21798706054688,65447400,0.0,0.0,-0.0033713818958656105,0.8168115976359601,0.4351051640997867,143.64946594238282,143.05387115478516,51.156365259280626,0.2578016760782873,0.2936704633306471,-0.03586878725235981
2022-12-05,145.17867816271277,148.27343309869434,143.21375058654476,144.0586700439453,68826400,0.0,0.0,-0.007983288021463864,0.8102907553927602,0.4366414811364785,144.0547317504883,142.98409942626952,49.53165746063126,0.1912945574444791,0.2731952821534135,-0.08190072470893439
2022-12-06,144.49096870660432,144.71693119940028,139.431270776129,140.40391540527344,64727200,0.0,0.0,-0.025369904064482807,0.7897337566641086,0.4482683665941045,144.25073471069337,142.83456268310547,44.710755568896886,-0.15453953297401313,0.18764831912792818,-0.3421878521019413
2022-12-07,139.69653991914743,140.85584008868295,137.5449416476374,138.4684600830078,69721100,0.0,0.0,-0.013784909891429775,0.7788473479902736,0.4515197068856435,144.32147293090821,142.6268960571289,42.35946907801385,-0.5781263300014245,0.03449338930205764,-0.6126197193034821
2022-12-08,139.86354485762612,141.0032064446931,138.62564588690643,140.14845275878906,62128300,0.0,0.0,0.012132673930035365,0.7882968489047123,0.4344925048148747,144.7036506652832,142.4904934692383,45.060248710269335,-0.7693914836785609,-0.12628358529406608,-0.6431078983844949
2022-12-09,139.8439047836886,143.01727390300547,138.42915440090607,139.6670684814453,76097000,0.0,0.0,-0.003434816923539419,0.7855891935473216,0.29327346756750095,144.47228317260743,142.4888427734375,44.418020214578526,-0.9488761306646438,-0.2908020943681816,-0.6580740362964622
2022-12-12,140.1976036561907,141.96604177691333,138.5863633664679,141.9562225341797,70462700,0.0,0.0,0.016390077329062613,0.7984650611784382,0.29074071393625767,144.2163528442383,142.61693511962892,48.19898034209284,-0.8960740221801871,-0.4118564799305827,-0.48421754224960434
2022-12-13,146.87833415604433,147.34009332894186,141.71058010364294,142.91900634765625,93886200,0.0,0.0,0.006782258616699677,0.8038804577197493,0.29063161665972564,144.07831726074218,142.68091217041015,49.74731833677181,-0.7676899119257996,-0.4830231663296261,-0.2846667455961735
2022-12-14,142.80112620848055,144.08815144991274,138.68460028950005,140.6986541748047,82291200,0.0,0.0,-0.015535737545295136,0.7913915819108235,0.29106888707269496,143.7428062438965,142.6288800048828,46.30955601845669,-0.835477578228307,-0.5535140487093623,-0.28196352951894477
2022-12-15,138.63541935447725,139.31332154005028,133.6445031818207,134.10626220703125,98931900,0.0,0.0,-0.046854691016326444,0.75431117386747,0.331237058858064,143.13908157348632,142.43911560058595,37.928832903269615,-1.4049552791341,-0.7238022947943099,-0.6811529843397901
2022-12-16,134.29296269794702,135.23611943482993,131.38486361161162,132.15118408203125,160156900,0.0,0.0,-0.014578574429147673,0.7433143922765054,0.3268173515501038,142.3427932739258,142.22927734375,35.85638710346443,-1.9910770287995092,-0.9772572415953499,-1.0138197872041594
2022-12-19,132.74067737544078,132.82909551472687,129.01714637272462,130.04872131347656,79592600,0.0,0.0,-0.015909526525691997,0.7314886122356538,0.32689696827111964,141.41338272094725,142.0821438598633,33.72244959600194,-2.595316717011258,-1.3008691366785317,-1.2944475803327262
2022-12-20,129.08590439011405,130.91328746393052,127.61220884643005,129.97994995117188,77432800,0.0,0.0,-0.0005288122913482685,0.7311017920665223,0.32242391891178296,140.64165649414062,141.9271615600586,33.65190093621918,-3.044633655856586,-1.6496220405141426,-1.3950116153424434
2022-12-21,130.64802045895354,134.41085828161889,130.42205800232537,133.07470703125,85928000,0.0,0.0,0.023809495858712726,0.7485089571570276,0.3314812139248809,139.91807174682617,141.8623226928711,39.759389203919355,-3.115090708041322,-1.9427157740195784,-1.1723749340217435
2022-12-22,131.99401195090732,132.20032094511618,128.0150307307424,129.9111785888672,77852100,0.0,0.0,-0.023772574916433364,0.7307149718973908,0.3353082083751708,138.9925910949707,141.74676818847655,36.101050910012795,-3.3871537362617516,-2.231603366468013,-1.1555503697937386
2022-12-23,128.62411984922235,130.09781510183655,127.36656776628784,129.54763793945312,63814900,0.0,0.0,-0.002798378502627319,0.7286701548284852,0.3318428770349732,138.1943374633789,141.5327243041992,35.69459583867729,-3.5907088815584984,-2.5034244694861103,-1.0872844120723881
2022-12-27,129.076118707575,129.10559142681458,126.46276099945749,127.74978637695312,69007800,0.0,0.0,-0.01387791851010256,0.7185577297990317,0.3244361666304556,137.4972816467285,141.3731561279297,33.67534491035477,-3.852688007428526,-2.7732771770745934,-1.0794108303539325
2022-12-28,127.39607559848972,128.73222692892008,123.66271775984323,123.8297348022461,85438400,0.0,0.0,-0.03068538653473818,0.6965085081126244,0.33241309017612464,136.75404777526856,141.0561311340332,29.726627169237133,-4.326747698814074,-3.0839712814224898,-1.2427764173915845
2022-12-29,125.74553370652504,128.19186635387044,125.49009852746012,127.33712768554688,75703700,0.0,0.0,0.028324318782577018,0.7162366371311836,0.29431275740258284,135.84919776916504,140.78296798706054,36.86045767814583,-4.369062295974629,-3.340989484332918,-1.028072811641711
2022-12-30,126.15818552945343,127.67117324976594,125.19536766637758,127.65151977539062,77034200,0.0,0.0,0.0024689742540771054,0.7180050069480872,0.29453705891835996,134.94631233215333,140.5139353942871,37.4731890893171,-4.327345163551911,-3.5382606201767173,-0.7890845433751936
2023-01-03,127.99539057563403,128.60451337209517,121.99253578697103,122.87675476074219,112117500,0.0,0.0,-0.03740468600021274,0.6911482551166135,0.3139840167679691,133.8292507171631,140.15862686157226,32.3401372558599,-4.62623926138582,-3.755856348418538,-0.8703829129672815
2023-01-04,124.66482384759799,126.40378887161263,122.88656686996354,124.14411926269531,89113600,0.0,0.0,0.010314111114188007,0.6982768350162634,0.32074267376503507,132.8335231781006,139.75255294799805,34.88954863669602,-4.70659457136901,-3.9460039930086324,-0.7605905783603775
2023-01-05,124.90062068574457,125.52939692056383,122.57218626779334,122.82762145996094,80962700,0.0,0.0,-0.010604592553825287,0.6908718936911412,0.31386685070706966,131.95470848083497,139.27738510131837,33.478387451865586,-4.820934373182283,-4.120990069043363,-0.6999443041389197
2023-01-06,123.80027430194448,128.00521096875735,122.69991206962038,127.34696197509766,87754700,0.0,0.0,0.03679417106200278,0.7162919523295429,0.34776716104549366,131.39863357543945,138.8359112548828,42.13133973926609,-4.495060223843524,-4.195804100003396,-0.2992561238401281
2023-01-09,128.18205614149144,131.07050217869943,127.61222532540481,127.86766052246094,70790800,0.0,0.0,0.004088817976396708,0.7192207397405762,0.34398541509705977,130.78459396362305,138.46350524902343,43.050492087094504,-4.146982755781693,-4.186039831159055,0.03905707537736269
2023-01-10,127.97572556898378,128.95818934117645,125.87325369613974,128.43748474121094,63896200,0.0,0.0,0.004456359148370392,0.7224258456638168,0.3454016310409359,130.22311477661134,138.19175170898438,44.096942976846954,-3.781557363003529,-4.1051433375279505,0.3235859745244216
2023-01-11,128.94836939344688,131.1687321095965,128.17222961380043,131.1490936279297,69458900,0.0,0.0,0.02111228581112723,0.7376779065948167,0.3494737159875773,129.68275833129883,137.75962249755858,48.90812253875126,-3.2358500658692435,-3.931284683196209,0.6954346173269657
2023-01-12,131.53227009080283,131.90559617413024,129.13505580606935,131.0705108642578,71379600,0.0,0.0,-0.0005991864792814772,0.7372358999671205,0.3475083144200197,129.0903335571289,137.37300354003906,48.77710875317849,-2.7776945399644433,-3.7005666545498563,0.9228721145854131
2023-01-13,129.71469801537842,132.55401787873402,129.35119119619432,132.39682006835938,57809700,0.0,0.0,0.010119051153124392,0.7446960277508075,0.3482315114090147,128.67524185180665,137.06567932128905,51.15534617394108,-2.281283698088288,-3.416710063257543,1.135426365169255
2023-01-17,132.4656016206527,134.88245427698436,131.77787992946924,133.55613708496094,63646600,0.0,0.0,0.008756381127605462,0.7512168699940074,0.3086318276367002,128.64773559570312,136.891787109375,53.200718681677714,-1.7738791602730828,-3.088143882660651,1.314264722387568
2023-01-18,134.4206645548957,136.17926764063154,132.66204647795638,132.83889770507812,69672800,0.0,0.0,-0.0053703213909709335,0.7471825939678204,0.3045772539216911,128.68212127685547,136.8241928100586,51.75671376833659,-1.4133405223712145,-2.7531832106027636,1.339842688231549
2023-01-19,131.72876893688178,133.86071392112063,131.42420750930626,132.8979034423828,58280400,0.0,0.0,0.0004441902057610303,0.747514485157976,0.29840734060854035,128.82458038330077,136.76308380126954,51.872447444204,-1.1100537754851132,-2.4245573235792337,1.3145035480941205
2023-01-20,132.90770800117681,135.59966433835268,131.86629872212012,135.45228576660156,80223600,0.0,0.0,0.01922063672980512,0.7618821895274648,0.3050055033061649,129.09819717407225,136.74245239257812,56.71361910836032,-0.6560173778390777,-2.0708493344312027,1.414831956592125
2023-01-23,135.6978953680963,140.80671912517695,135.4817521326256,138.63546752929688,81760300,0.0,0.0,0.023500391630011164,0.7797867193572906,0.30471741389363305,129.3762351989746,136.77408782958983,61.86204356885848,-0.038885844450248896,-1.6644566364350122,1.6255707919847633
2023-01-24,137.84949253259393,140.64952034187644,137.83967329148908,140.0305633544922,66435100,0.0,0.0,0.010063051324874728,0.7876337531366387,0.28973209370492103,129.88220443725587,136.9246011352539,63.88920088069523,0.5563546061628415,-1.2202943879154415,1.776648994078283
2023-01-25,138.41932337339787,139.93231102042415,136.37579688239575,139.372314453125,65799300,0.0,0.0,-0.004700751647344403,0.7839312824740776,0.2903947638992968,130.37343826293946,136.8261590576172,62.209026997171016,0.9638609772615894,-0.7834633148800354,1.7473242921416248
2023-01-26,140.65934626942868,141.72040901629467,139.41161299424252,141.4355010986328,54105100,0.0,0.0,0.0148034181221961,0.7955361450276108,0.2850063253715902,131.05772399902344,136.7133724975586,65.29017302003498,1.4367328696186803,-0.3394240779802923,1.7761569475989725
2023-01-27,140.64949717713105,144.64811636457318,140.57089828761406,143.37091064453125,70555800,0.0,0.0,0.01368404347469121,0.8064222962218569,0.25245429013399756,132.0347827911377,136.66719635009767,67.93149848359093,1.9452351664986907,0.11750777091550435,1.8277273955831863
2023-01-30,142.4179140890271,142.99756395016712,140.34491552573374,140.49227905273438,64015300,0.0,0.0,-0.020078212371364867,0.7902307780973108,0.2578397506276281,132.69254035949706,136.52886444091797,60.55095477107794,2.0918320508453974,0.512372626901483,1.5794594239439144
2023-01-31,140.19754536928863,141.80878498914117,139.7849124778732,141.75965881347656,65874500,0.0,0.0,0.009020992251584703,0.7973594438234903,0.2580175671847933,133.39794731140137,136.4404425048828,62.48356421528718,2.2839501371495032,0.866688128951087,1.4172620081984162
2023-02-01,141.44531098955775,144.03901475780756,138.84178798038548,142.87969970703125,77663600,0.0,0.0,0.007900984687247314,0.8036593685793718,0.20252492693073945,134.39809455871583,136.33649749755858,64.15484661388692,2.4977900750542403,1.1929085181717176,1.3048815568825227
2023-02-02,146.28885767804982,148.52887400177488,145.57166328269082,148.17520141601562,118339000,0.0,0.0,0.03706265984490842,0.8334451223882029,0.22786922014870345,135.59964866638182,136.32726287841797,70.78211998377931,3.0592968285446887,1.5661861802463117,1.493110648298377
2023-02-03,145.43409313083382,154.6201342687517,145.23760339877686,151.79063415527344,154357300,0.0,0.0,0.024399715368748742,0.853780946149947,0.22175378805932314,137.04779930114745,136.45478607177733,74.27864147810939,3.7527705795273505,2.0035030601025197,1.7492675194248308
2023-02-06,149.8945101165513,150.41521473457135,148.13589150827315,149.06922912597656,69858300,0.0,0.0,-0.017928675536812322,0.838473784586912,0.22153476592876836,138.1339126586914,136.48524261474608,67.7102435288213,4.036231714518237,2.4100487909856634,1.626182923532574
2023-02-07,147.99834440627268,152.50784959474223,147.99834440627268,151.93801879882812,83322600,0.0,0.0,0.019244680405687165,0.8546099445998341,0.22450022963693775,139.33743057250976,136.55558715820314,70.65605046851967,4.441169025356629,2.8162728378598567,1.6248961874967724
2023-02-08,151.18150996746658,151.86923151834947,148.5190269025848,149.25587463378906,64120100,0.0,0.0,-0.017652883631386063,0.839523614697588,0.24306555396104818,140.37835006713868,136.6304504394531,64.71187542897053,4.493855771106041,3.1517894245090936,1.3420663465969476
2023-02-09,151.0832773681269,151.62363543992853,147.782198500911,148.22430419921875,56007100,0.0,0.0,-0.00691142266327105,0.8337213121606158,0.2428346934537837,141.23211059570312,136.76111846923828,62.53290038115241,4.401632009934218,3.4017579415941186,0.9998740683400995
2023-02-10,147.06326201809225,148.91310407783703,146.82710525948497,148.58839416503906,57450700,0.23,0.0,0.0024563445771415005,0.8357692189845889,0.24193236938806784,142.10800476074218,136.95899810791016,63.00636742662533,4.308260091646389,3.583058371604573,0.7252017200418157
2023-02-13,148.52932389765635,151.7862414824205,148.49980618651492,151.38282775878906,62199000,0.0,0.0,0.01880654010330174,0.8514871463185277,0.24563972389517574,143.05730514526368,137.0779721069336,66.5049350478748,4.408926253268248,3.7482319479373083,0.66069430533094
2023-02-14,149.68058802933567,151.3041375201495,148.44079888424892,150.74327087402344,61707600,0.0,0.0,-0.004224765082237014,0.8478898131547876,0.24859779651616834,143.9166618347168,137.17865295410155,64.99004811174373,4.386532796457686,3.875892117641384,0.5106406788163023
2023-02-15,150.6547253534473,153.00639866157246,150.42841784233283,152.83912658691406,65573800,0.0,0.0,0.013903477752198468,0.8596784303083009,0.2461151332766058,144.9166732788086,137.33107574462892,67.59503082210131,4.486189856720387,3.9979516654571845,0.4882381912632021
2023-02-16,151.0482514150965,153.8230360580732,150.89082864502956,151.24505615234375,68167900,0.0,0.0,-0.010429727453747373,0.85071221858232,0.2529762323548692,145.83403091430665,137.47480346679689,63.71204600245864,4.385981765487884,4.075557685463324,0.3104240800245597
2023-02-17,149.90686323328694,150.54643357945778,148.43091780603734,150.10365295410156,59144100,0.0,0.0,-0.007546714102790175,0.844292136684929,0.25311776460009666,146.56659927368165,137.66879821777343,61.00955032587678,4.166436347534415,4.093733417877543,0.07270292965687197
2023-02-21,147.79135689260553,148.87372305726493,146.03006833094608,146.09893798828125,58867200,0.0,0.0,-0.026679663599158854,0.82176670649876,0.26744675236508325,146.93977279663085,137.8214077758789,52.582060022077314,3.627482631379678,4.00048326057797,-0.3730006291982919
2023-02-22,146.4826667367167,147.5453493019233,144.80009726904348,146.52203369140625,51011300,0.0,0.0,0.002895953310481536,0.8241465045128886,0.26605731625051987,147.26434631347655,137.94887939453125,53.31576650659209,3.197637837133044,3.839914175888985,-0.6422763387559409
2023-02-23,147.6831183102613,147.92910925221886,144.8788305804024,147.00418090820312,48394200,0.0,0.0,0.0032906123717360014,0.8268584511967617,0.26473694934284536,147.64593963623048,138.0956216430664,54.185740124055854,2.8628864191955756,3.6445086245503036,-0.7816222053547279
2023-02-24,144.75089452156274,144.82961341599875,143.3831856356865,144.35731506347656,55469600,0.0,0.0,-0.018005377999278815,0.8119705522310657,0.27056003132108525,147.79203033447266,138.14364349365235,48.80840152583648,2.356845310187225,3.386975961677688,-1.0301306514904631
2023-02-27,145.341273385892,146.77785186784027,145.08543323484585,145.5478973388672,44998500,0.0,0.0,0.00824746757632,0.8186672530335181,0.2678975194155146,147.90087966918946,138.19622131347657,51.15642267673571,2.028490944070114,3.1152789581561735,-1.0867880140860593
2023-02-28,144.6918692589824,146.689314426437,144.47539603761436,145.0460968017578,50547000,0.0,0.0,-0.003447666000568006,0.815844761779456,0.25691336699974804,148.12857055664062,138.28317016601562,50.11311805346549,1.7080868714275539,2.8338405408104497,-1.1257536693828958
2023-03-01,144.47542675230628,144.8690063216874,142.6846051791963,142.97979736328125,55479000,0.0,0.0,-0.014245812083455656,0.8042223906138742,0.261379891398299,148.18957748413087,138.46064086914063,45.956810607878126,1.272759658493726,2.521624364347105,-1.248864705853379
2023-03-02,142.0647116163666,144.35734928778834,141.59239813777418,143.57017517089844,52238100,0.0,0.0,0.0041290994847136275,0.8075431048725531,0.26031498477167236,148.2241012573242,138.68902069091797,47.30166293938419,0.9642826112643945,2.2101560137305634,-1.2458734024661688
2023-03-03,145.66599039801153,148.6867663889097,144.96738452683869,148.60804748535156,70732300,0.0,0.0,0.035089964252368544,0.8358797635547777,0.25669585843270787,148.24574356079103,139.06020721435547,57.1099284769247,1.113490891525288,1.9908229892895084,-0.8773320977642205
2023-03-06,151.32380747304748,153.7935665673354,150.9991125857975,151.36317443847656,87558000,0.0,0.0,0.018539554214899168,0.8513766017483385,0.25014889562018994,148.22437057495117,139.48787170410156,61.34692841646701,1.437484818001451,1.880155355031897,-0.442670537030446
2023-03-07,151.2352606611938,151.55997057615258,148.70648104096165,149.1689453125,56182000,0.0,0.0,-0.014496452879748767,0.8390346609581731,0.2471694411415176,148.22935638427734,139.80975646972655,56.55512800485194,1.4999063991456296,1.8041055638546437,-0.3041991647090141
2023-03-08,150.35949790258118,151.00891757952724,149.39521763366128,150.4185333251953,47204800,0.0,0.0,0.008376998376421474,0.8460632529507811,0.23890529130604388,148.15338211059571,140.21990356445312,58.54118776204941,1.6314014805516877,1.7695647471940525,-0.1381632666423649
2023-03-09,151.09749920529256,152.06177965604292,147.82089750549494,148.1751251220703,53833600,0.0,0.0,-0.014914440086148839,0.8334446932555545,0.2364669448231978,148.09934463500977,140.59245330810546,53.78719191837879,1.5368718844746638,1.723026174650175,-0.1861542901755111
2023-03-10,147.80122193638456,148.5195113692859,145.24290982690115,146.11863708496094,68572400,0.0,0.0,-0.01387876700232371,0.8218775085485375,0.24032870274083976,147.9940612792969,140.95983032226562,49.79521988795615,1.2812456978702755,1.6346700792941953,-0.35342438142391974
2023-03-13,145.43968998615728,150.6842189540097,145.33145336527863,148.05703735351562,84457100,0.0,0.0,0.013265934498332355,0.832780481742595,0.24517023604571508,147.9674934387207,141.44437637329102,53.31253191948703,1.2209979013228462,1.5519356436999256,-0.3309377423770794
2023-03-14,148.85404568502526,150.94004418166887,147.6929755826584,150.14303588867188,73695900,0.0,0.0,0.014089154912478197,0.8445136549579546,0.2408883671207256,147.90550384521484,141.90049453735352,56.8185807600034,1.3262851472730688,1.5068055444145543,-0.1805203971414855
2023-03-15,148.76548332238644,150.7924462663543,147.51584514285557,150.53662109375,77167900,0.0,0.0,0.0026214016704042553,0.8467274644637406,0.24063538774762538,147.89517135620116,142.3581965637207,57.467584407153005,1.4250579045078382,1.4904560164332112,-0.06539811192537304
2023-03-16,149.7198954123548,153.95094162481163,149.2082301691039,153.35072326660156,76161100,0.0,0.0,0.018693804553371995,0.862556022194398,0.24485939118617447,147.92075119018554,142.96767593383788,61.87920317098276,1.71069077476821,1.534502968100211,0.17618780666799916
2023-03-17,153.5770871091514,154.2265068856699,151.80594908869074,152.514404296875,98944600,0.0,0.0,-0.005453635639348198,0.8578519559308242,0.2425994457715109,147.9842185974121,143.53508163452148,59.89101994579551,1.8482672564496454,1.5972558257700977,0.2510114306795477
2023-03-20,152.5832927983786,155.28919358755078,151.6780327765039,154.87591552734375,73641400,0.0,0.0,0.015483857025543557,0.87113481296554,0.24617940512626563,148.22283172607422,144.17604751586913,63.4610397737087,2.1233748857650596,1.7024796377690903,0.42089524799596933
2023-03-21,154.7971931327365,156.84382463636302,154.02968755125636,156.7257537841797,73938300,0.0,0.0,0.01194400207764601,0.8815396489815102,0.22437693811775108,148.75417251586913,144.7636233520508,66.01298013262607,2.4622824917766764,1.8544402085706075,0.6078422832060688
2023-03-22,156.7454392443716,159.53989288471735,155.27932775015748,155.29901123046875,75701800,0.0,0.0,-0.009103433987471155,0.8735146109796685,0.22888187799450194,149.19302139282226,145.31225036621095,62.393468271171514,2.58593397377723,2.0007389616119324,0.5851950121652978
2023-03-23,156.28294504298728,158.9593273158035,155.15137786083926,156.38133239746094,67622100,0.0,0.0,0.006969272749496103,0.8796023725542559,0.22931349388415762,149.66187896728516,145.87112731933593,64.00577871802258,2.7396815929533602,2.148527487880218,0.5911541050731421
2023-03-24,156.31251228008384,157.76877470893055,155.31871410467124,157.6802215576172,59196500,0.0,0.0,0.008305909281134394,0.8869082700641621,0.21566330008459697,150.3280242919922,146.4017498779297,65.895499761124,2.9325327763892517,2.305328545582025,0.6272042308072265
2023-03-27,157.37515888196728,158.19185056660328,155.33834678641222,155.7417755126953,52390300,0.0,0.0,-0.012293526897497187,0.8760050393905155,0.22313894742587437,150.83771820068358,146.89517517089843,60.76799434446993,2.8955739589576126,2.4233776282571426,0.47219633070046996
2023-03-28,155.43679340961148,155.94845889069038,153.47869965551462,155.12191772460938,45992200,0.0,0.0,-0.00398003545320702,0.8725185082765533,0.22336616830163716,151.34150924682618,147.34967712402343,59.18213726615609,2.784172281761215,2.4955365589579572,0.2886357228032579
2023-03-29,156.81432081388166,158.4673879613573,156.79465234617297,158.19187927246094,51305700,0.0,0.0,0.019790636893115998,0.8897862052563777,0.22024071743067955,152.10211334228515,147.84239196777344,64.16946584789545,2.9100605238802757,2.5784413519424207,0.33161917193785495
2023-03-30,158.93965597985908,159.86458426430409,158.68383082177425,159.75634765625,49501700,0.0,0.0,0.009889688339149938,0.8985859135148382,0.22083189534635955,152.91142196655272,148.38074096679688,66.42112379535737,3.1003287268241877,2.6828188269187745,0.4175098999054132
2023-03-31,159.835057803043,162.35400234628182,159.3135582693612,162.25559997558594,68749800,0.0,0.0,0.01564415033269051,0.9126435266327023,0.1955522366697953,153.59379959106445,148.96789489746095,69.69724012851302,3.413438430082522,2.8289427475515243,0.5844956825309975
2023-04-03,161.63573905142377,163.62333513475417,161.58653785817188,163.50526428222656,56976200,0.0,0.0,0.0077018254336285175,0.9196725477579585,0.1888840747018777,154.20090408325194,149.52895446777345,71.20977753302606,3.7195410376655786,3.0070624055743354,0.7124786320912433
2023-04-04,163.92838412805693,164.16452584406122,162.4622725801105,162.97393798828125,46278300,0.0,0.0,-0.003249597474905719,0.9166839821690241,0.17824938961260944,154.89115371704102,150.01572387695313,69.61866012933268,3.8745920824069344,3.180568340940855,0.6940237414660793
2023-04-05,162.09822184489292,162.40324825832465,159.20536551321473,161.13392639160156,51511700,0.0,0.0,-0.01129021989277812,0.9063344184381483,0.18606818018447216,155.42692337036132,150.4377911376953,64.2635176939569,3.8051343737665206,3.3054815475059884,0.4996528262605322
2023-04-06,159.8252353547828,162.31467762112032,159.40213812085784,162.0194854736328,45390100,0.0,0.0,0.00549579534156619,0.9113154469129018,0.17289918184894978,156.11914138793946,150.89073455810546,65.63364372838979,3.777995476118889,3.3999843332285686,0.37801114289032034
2023-04-10,158.8314373555464,159.43165588378906,157.51292944566782,159.43165588378906,47716900,0.0,0.0,-0.015972335563705364,0.8967596107904208,0.17598808543778055,156.78479232788087,151.2506576538086,58.56712608393529,3.507242179044283,3.421435902391712,0.08580627665257134
2023-04-11,159.74652133194326,159.7563555644006,157.93601661540757,158.22137451171875,47644200,0.0,0.0,-0.007591223746383768,0.8899521079381907,0.1776602401079557,157.29300918579102,151.54766693115235,55.5545769748484,3.158598293489689,3.3688683806113073,-0.21027008712161832
2023-04-12,158.6346580327857,159.46118408911326,157.2177476424543,157.53262329101562,50133100,0.0,0.0,-0.004353085813017743,0.8860780700428597,0.1749628313465544,157.6624885559082,151.88847381591796,53.85679680207421,2.7945057126316897,3.253995847015384,-0.4594901343836941
2023-04-13,159.0380889195549,163.14121655398105,158.83144989570576,162.90505981445312,68445600,0.0,0.0,0.034103644129081845,0.916296561214185,0.20792502196202958,158.28091049194336,152.3113818359375,63.28275128926051,2.905972208556989,3.184391119323705,-0.2784189107667161
2023-04-14,161.95063157173945,163.65290010625418,161.1929900999488,162.56069946289062,49386500,0.0,0.0,-0.0021138714288845284,0.9143596280930492,0.20148980329041377,158.7414093017578,152.7050018310547,62.402820824850664,2.9327166749429523,3.1340562304475545,-0.20133955550460225
2023-04-17,162.44255269866937,162.73774479162446,161.3995536491091,162.58030700683594,41516200,0.0,0.0,0.00012061675429597685,0.9144699151836491,0.19934942630622696,159.24470443725585,152.9931039428711,62.43484978721826,2.921813178609142,3.0916076200798726,-0.16979444147073064
2023-04-18,163.43642945073645,164.72541991249665,162.9936336312071,163.8004913330078,49923000,0.0,0.0,0.007505117616247059,0.9213331194536218,0.19482908563378176,159.69093322753906,153.23330108642577,64.46368567321161,2.977310178399989,3.068748131743896,-0.09143795334390692
2023-04-19,163.1412083770297,165.46336364998885,162.8853681685066,164.94186401367188,47720200,0.0,0.0,0.0069680662821922645,0.9277530296979536,0.19254468253022844,160.10173873901368,153.55075378417968,66.29732083751725,3.0779109456007347,3.070580694515264,0.007330251085470696
2023-04-20,163.42652181136077,165.17797593709363,162.9050222690973,163.9775390625,52456400,0.0,0.0,-0.00584645357889213,0.922328964677148,0.19024621861205884,160.53566513061523,153.79154418945313,63.324341814670134,3.044727095358553,3.065409974683922,-0.02068287932536883
2023-04-21,162.40322071444277,163.78076396537094,161.85220341407148,162.3737030029297,58337300,0.0,0.0,-0.009780827720307528,0.9133078239721912,0.19460709841194263,160.83528366088868,154.05390075683593,58.616348071394675,2.8560892695295195,3.0235458336530416,-0.16745656412352217
2023-04-24,162.3540163618739,162.94440060882783,161.26181601487568,162.67872619628906,41949600,0.0,0.0,0.0018785258186411191,0.9150234962998899,0.19315604511283058,161.08520889282227,154.34298919677735,59.237057429148756,2.7000804097943387,2.9588527488813012,-0.2587723390869625
2023-04-25,162.54096443175132,163.64299896057264,161.10437083745688,161.14373779296875,48714100,0.0,0.0,-0.009435704589106475,0.9063896048967127,0.1906739473241486,161.35530700683594,154.59409606933593,54.7838877094768,2.4246318817051247,2.8520085754460665,-0.4273766937409418
2023-04-26,160.44515464932056,162.62955575633885,160.18932943478703,161.13392639160156,45498800,0.0,0.0,-6.088602325826642e-05,0.9063344184381479,0.18960978184531896,161.65590744018556,154.7891180419922,54.75555327370991,2.180410821905582,2.71768902473797,-0.5372782028323879
2023-04-27,162.5409858833323,165.85693915334915,162.5409858833323,165.7093505859375,64902300,0.0,0.0,0.028395163556161007,0.9320699324862771,0.20236649586478844,162.0317810058594,155.08843963623048,64.08443229868146,2.3292126529850634,2.6399937503873887,-0.3107810974023253
2023-04-28,165.78809511844986,167.12628672150765,165.18787649470852,166.95899963378906,55275900,0.0,0.0,0.007541210217968386,0.9390988677850037,0.201383060401403,162.39191360473632,155.37083709716796,66.1380407540918,2.5189386537678615,2.6157827310634834,-0.09684407729562183
2023-05-01,166.56542643996343,167.71666253016707,165.93569007402044,166.87045288085938,52472900,0.0,0.0,-0.0005303502843446717,0.9386008164334462,0.1952405619756962,162.62265625,155.68334503173827,65.85072151554823,2.6318149686344725,2.6189891785776815,0.012825790056790964
2023-05-02,167.36241202489828,167.6182522416185,164.8533011388869,165.83726501464844,48425700,0.0,0.0,-0.0061915566738984795,0.9327894162843311,0.19559115742313699,162.7392562866211,155.99801727294923,62.442074387278815,2.60783908960272,2.6167591607826894,-0.008920071179969291
2023-05-03,166.78188428598025,168.17911124939818,164.47941231869004,164.76475524902344,65136000,0.0,0.0,-0.006467242242147786,0.9267568411683087,0.1968000327469561,162.82879714965821,156.37133361816407,59.02641500759042,2.4737792704299864,2.588163182712149,-0.11438391228216283
2023-05-04,162.24580144031648,164.36131774887434,161.67510059572527,163.13136291503906,81235400,0.0,0.0,-0.009913481384508982,0.9175694544754204,0.1957529641307072,162.92866897583008,156.70352020263672,54.16677444457436,2.2102563282482777,2.5125818118193752,-0.30232548357109756
2023-05-05,168.23812815446027,171.504895212846,168.02165491497223,170.78660583496094,113453200,0.0,0.0,0.04692686178260419,0.960628109441528,0.25540529024207637,163.36702499389648,157.17916870117188,67.62134176536821,2.5892790272364437,2.527921254902789,0.06135777233365447
2023-05-08,169.7140651629481,171.06210572406735,169.35000337616833,170.71771240234375,55962800,0.0,0.0,-0.00040338896765568233,0.9602406026601593,0.2460694278801367,163.93132781982422,157.7063766479492,67.42950016657119,2.851230907576962,2.592583185437624,0.2586477221393384
2023-05-09,170.27496029429,170.75709300871614,168.8482156052712,169.01548767089844,45326900,0.0,0.0,-0.009970990751290931,0.9506660524920209,0.24763691408450722,164.4710334777832,158.17572845458983,62.69660605168903,2.8881811952774115,2.651702787405582,0.2364784078718296
2023-05-10,170.24544525293916,171.23924342814053,169.14339542958015,170.7767791748047,53724500,0.0,0.0,0.010420888216680968,0.9605728371564336,0.24703955722805787,165.13324127197265,158.69034210205078,65.40255675909413,3.0247189914195474,2.7263060282083753,0.29841296321117206
2023-05-11,171.0621017201797,171.7902252766967,169.4090348343318,170.9636993408203,49514700,0.0,0.0,0.0010945291679513858,0.9616242121446431,0.2203092608750659,165.53617324829102,159.25002014160157,65.68702871738347,3.11213432652454,2.8034716878716086,0.3086626386529314
2023-05-12,171.07210045600348,171.50564580777203,168.49055408757272,170.0375213623047,45533100,0.24,0.0,-0.00541739551780096,0.9564147134479618,0.2215368808279103,165.9100143432617,159.77936706542968,62.92613620531679,3.0712730628474105,2.857031962866769,0.21424109998064145
2023-05-15,170.6188460048669,170.66811525184778,168.95364468701064,169.5448455810547,37266700,0.0,0.0,-0.0028974533226713284,0.9536435464586303,0.22219624363658505,166.25824127197265,160.19810302734376,61.4466213298406,2.964957217726038,2.878617013838623,0.08634020388741526
2023-05-16,169.46601779285794,170.5991352991019,169.27880367524853,169.5448455810547,42110300,0.0,0.0,0.0,0.9536435464586303,0.22141111917226092,166.545458984375,160.56173645019533,61.4466213298406,2.847872641431792,2.872468139357257,-0.024595497925465004
2023-05-17,169.19014751327734,170.3922300756776,167.91906995533154,170.15576171875,57951600,0.0,0.0,0.0036032716630318706,0.9570797832262179,0.22069354617852138,166.8061538696289,160.98147277832032,62.70757363844505,2.7724193730808793,2.8524583861019814,-0.08003901302110217
2023-05-18,170.4612209279976,172.66835428782517,170.04738624206732,172.48114013671875,65496700,0.0,0.0,0.013666175006241454,0.9701594030387231,0.2227650762388788,167.23133392333983,161.42272491455077,67.11630424192646,2.8672093144321877,2.855408571768023,0.011800742664164865
2023-05-19,173.80146880445517,173.80146880445517,172.37275062180032,172.5895233154297,55809500,0.0,0.0,0.0006283769844344089,0.9707690288788252,0.21809316125554654,167.74212493896485,161.91101287841798,67.31028425989967,2.917446139554073,2.867816085325233,0.04963005422884015
2023-05-22,171.42679729660153,172.1460951955022,170.9045763773169,171.64356994628906,43570900,0.0,0.0,-0.005480943170645292,0.9654482989997178,0.22021348633692703,168.19036712646485,162.42151153564453,63.77426699281281,2.8480975583983934,2.863872379939865,-0.015774821541471695
2023-05-23,170.58926430627432,170.83559547287618,168.76640765947607,169.04229736328125,50747300,0.0,0.0,-0.015155083198408192,0.9508168497046154,0.225296983860894,168.58529510498047,162.84121673583985,55.188444172214595,2.553798748211449,2.801857653594182,-0.24805890538273312
2023-05-24,168.57922839342694,169.8897122746601,168.0176010356781,169.31822204589844,45143500,0.0,0.0,0.0016322819017551282,0.9523688508402721,0.22512288024961,168.9945098876953,163.22472045898436,55.867159563542394,2.316130723479347,2.7047122675712147,-0.38858154409186785
2023-05-25,169.87986475065702,171.34798918728478,169.17042964019168,170.45135498046875,56058300,0.0,0.0,0.006692327151079702,0.958742414758593,0.20432805335304574,169.2316101074219,163.62301513671875,58.63777686945122,2.193921300324689,2.60255407412191,-0.40863277379722085
2023-05-26,170.77652387763237,173.19056694623742,170.5695990272421,172.8555450439453,54835000,0.0,0.0,0.014104845712444192,0.9722653285967391,0.20819831814022646,169.52643737792968,164.01311157226561,63.82668092478429,2.2649584661608912,2.5350349525297062,-0.270076486368815
2023-05-30,174.36309800636275,176.36330631715728,173.9788219031772,174.69810485839844,55964400,0.0,0.0,0.01065953547503895,0.9826292253580664,0.21030323314263072,169.91781997680664,164.4567855834961,67.2206620716517,2.44178770133189,2.516385502290143,-0.07459780095825286
2023-05-31,174.72770781978855,176.71806880027023,174.16606527666085,174.6488800048828,99625300,0.0,0.0,-0.00028177096457637774,0.9823523489734163,0.2081449729273141,170.35840072631837,164.85224487304689,67.03969456034041,2.5485757154864643,2.5228235449294076,0.025752170557056697
2023-06-01,175.0922328882,177.47671735788407,174.33352850038895,177.44715881347656,68901800,0.0,0.0,0.016022311786457077,0.9980919045928268,0.21034487402717353,170.992520904541,165.2666729736328,71.70332814660675,2.826422460988397,2.5835433281412055,0.24287913284719131
2023-06-02,178.37335293714096,179.11234656032465,176.62932377666553,178.29452514648438,61996900,0.0,0.0,0.004775316430388754,1.0028581092638669,0.20401367968436068,171.75067901611328,165.72658325195312,72.95140906767159,3.079494889744211,2.682733640461807,0.3967612492824042
2023-06-05,179.949884959394,182.2358308287415,175.4272324012079,176.94464111328125,121946500,0.0,0.0,-0.007571090767336086,0.9952653794918711,0.13324853533577344,172.0585807800293,166.13784942626953,67.81957738201024,3.134993993502576,2.773185711069961,0.361808282432615
2023-06-06,177.32891962025158,177.476712338109,174.8261860088602,176.580078125,64848400,0.0,0.0,-0.002060322290562411,0.9932148120454789,0.13374182666609516,172.3516990661621,166.51584655761718,66.45982842830821,3.113667822242377,2.841282133304444,0.2723856889379328
2023-06-07,175.82136104700194,178.5507149734009,174.71780207381394,175.21046447753906,61944600,0.0,0.0,-0.007756331642867376,0.9855111085706459,0.13138370358139906,172.66144790649415,166.90522033691406,61.473278067554375,2.952218960377934,2.8634694987191422,0.0887494616587916
2023-06-08,175.28927455408018,178.18613184931536,174.85574427470908,177.92010498046875,50214900,0.0,0.0,0.015465060896959315,1.000752097879321,0.13686206777114038,173.01861419677735,167.36118408203126,66.78329416890008,3.0082378242747723,2.8924231638302684,0.11581466044450384
2023-06-09,178.83645110058313,179.55573399442156,177.9792233362159,178.30438232421875,48900000,0.0,0.0,0.0021598309184460707,1.0029135532020206,0.13681192300138836,173.38564834594726,167.7634341430664,67.46809003394384,3.0484999379486624,2.9236385186539473,0.12486141929471506
2023-06-12,178.60981180571443,181.1913576973854,178.31421139002148,181.0928192138672,54274900,0.0,0.0,0.015638633517027545,1.018597750709807,0.14171450874236693,173.93841323852538,168.19016357421876,71.98190628179407,3.267742998970533,2.9924594147172647,0.2752835842532684
2023-06-13,180.11734763302488,181.44752687931387,179.76263016037564,180.61985778808594,54929100,0.0,0.0,-0.0026117072329781,1.0159374715967828,0.141555191076116,174.49216384887694,168.55744873046876,70.20265440528354,3.3645462749342414,3.0668767867606603,0.2976694881735811
2023-06-14,180.67899811094975,181.68403358526143,179.34881869349235,181.25048828125,57462900,0.0,0.0,0.0034914792918503412,1.0194845962406778,0.14104784548302574,175.07744598388672,168.91235321044923,71.22401299511193,3.452353595728738,3.143972148554276,0.3083814471744617
2023-06-15,181.26036948430115,183.78279874291368,181.08300318978328,183.2802734375,65433200,0.0,0.0,0.011198784486033064,1.0309015845208076,0.1437573405368235,175.73367156982422,169.3184799194336,74.2798736981666,3.643725627667692,3.24392284437696,0.39980278329073204
2023-06-16,183.98971928038128,184.245913383536,181.56582838117956,182.20628356933594,101256200,0.0,0.0,-0.005859822489463373,1.0248606842314092,0.14261709034148706,176.21992874145508,169.73992706298827,70.04155233439218,3.666462636111987,3.3284308027239655,0.3380318333880217
2023-06-20,181.70373606119196,183.3689372512462,181.70373606119196,182.294921875,49799100,0.0,0.0,0.0004864722770678842,1.0253592505421445,0.1426464321432157,176.7051986694336,170.14543579101561,70.1927172683283,3.6495643436228704,3.3926575109037467,0.25690683271912373
2023-06-21,182.1865534203878,182.68907870149724,179.91045548906328,181.26036071777344,49515700,0.0,0.0,-0.005675205576686104,1.019540126005361,0.14279718608287384,177.1860382080078,170.5820098876953,66.00635407446157,3.512205368661796,3.416567082455357,0.0956382862064391
2023-06-22,181.04356888160584,184.304991288712,180.97458893469445,184.25572204589844,51245300,0.0,0.0,0.01652518684318882,1.0363882170817278,0.13407171198575488,177.94670944213868,171.1026968383789,71.33663145177448,3.603509008543739,3.4539554676730337,0.14955354087070516
2023-06-23,182.8270228675936,184.8075203379306,182.29493904669715,183.9404296875,53117000,0.0,0.0,-0.001711167256558288,1.0346147834995747,0.1354889905217677,178.67781982421874,171.6308529663086,70.0907923924167,3.608826042441734,3.484929582626774,0.12389645981496011
2023-06-26,184.0882672784463,185.290364953315,182.51174130111704,182.55116271972656,48088700,0.0,0.0,-0.007552809190093157,1.0268005354545529,0.14130292780999198,179.28281021118164,172.02377502441405,64.72677403757798,3.461040871656934,3.4801518404328062,-0.019110968775872372
2023-06-27,183.1620330683905,185.6253451571229,182.94526040179295,185.30018615722656,50730800,0.0,0.0,0.015058920450266466,1.042263043036254,0.1422922152108533,179.9050422668457,172.4785647583008,69.67262987388561,3.525108024926311,3.4891430773315073,0.03596494759480384
2023-06-28,185.17208134019785,187.11317238738192,184.84693738882143,186.47271728515625,51216800,0.0,0.0,0.006327738531977545,1.0488582110541307,0.14022529878206422,180.4937728881836,172.9564129638672,71.50770689873376,3.6286661634773054,3.517047694560667,0.1116184689166384
2023-06-29,186.30522898461155,187.2807060224463,186.16728410364277,186.8077392578125,46347300,0.0,0.0,0.0017966272896852153,1.0507426183391209,0.13971363727438876,181.1017158508301,173.41655792236327,72.02850432515906,3.6951745357906702,3.552673062806668,0.1425014729840024
2023-06-30,188.81777221441135,191.62593851624817,188.45319186108497,191.12342834472656,85213200,0.0,0.0,0.023102303491602028,1.0750171931995518,0.15006881691934726,181.78552932739257,173.94018920898438,77.68658369926618,4.04944347788927,3.6520271458231885,0.39741633206608107
2023-07-03,190.9362564156046,191.03479491877454,188.94589592351636,189.63563537597656,31458200,0.0,0.0,-0.007784461495042305,1.0666487632525814,0.15546855658128272,182.3525848388672,174.4533511352539,72.25997869102713,4.162172771452106,3.7540562709489724,0.4081165005031333
2023-07-05,188.75866963191964,190.14796610334872,187.82259909124357,188.52218627929688,46920300,0.0,0.0,-0.005871518264339626,1.0603859155575086,0.15402685706419025,182.93146209716798,174.97632080078125,68.40869053732726,4.114239124548789,3.826092841668936,0.28814628287985267
2023-07-06,187.0540415419299,189.20205725316632,186.42343432149448,188.99513244628906,45094300,0.0,0.0,0.002508702961313558,1.0630461088440029,0.15279899884031947,183.5522148132324,175.50264892578124,69.1605570387954,4.06752625639831,3.874379524614811,0.19314673178349873
2023-07-07,188.60102706839623,189.84253092683244,187.4481988352347,187.88172912597656,46815000,0.0,0.0,-0.005891174581593606,1.056783518628519,0.15111942959502211,184.1857780456543,176.0374087524414,65.22494470487655,3.8957557813677397,3.878654775965397,0.017101005402342828
2023-07-10,186.48257243692333,187.20187038994513,184.29515010539157,185.8421173095703,59922200,0.0,0.0,-0.010855828429376824,1.0453112580632946,0.1524475617831088,184.58187866210938,176.5315725708008,58.64169898607579,3.5540776200621735,3.8137393447847527,-0.2596617247225792
2023-07-11,186.38402246734722,186.52196732292174,183.86159365977753,185.3198699951172,46638100,0.0,0.0,-0.002810166618921861,1.042373759259502,0.15349252880516343,184.9326530456543,176.92378295898436,57.053794916092194,3.204217991446882,3.691835074117179,-0.487617082670297
2023-07-12,186.89640150427806,188.88676181703667,185.70416691161034,186.98509216308594,60750200,0.0,0.0,0.008985664451483855,1.0517401800932396,0.14733096567132156,185.22726669311524,177.32430480957032,60.70730404564462,3.026434375686563,3.5587549344310556,-0.5323205587444928
2023-07-13,187.70439854991048,188.38427515496102,186.994963399846,187.74380493164062,41342300,0.0,0.0,0.004057611009400386,1.0560077326270145,0.14667708027140675,185.58346405029297,177.74177185058593,62.281746774981556,2.9131800329022326,3.4296399541252915,-0.516459921223059
2023-07-14,187.43834550769154,188.37440112570727,186.8471596075647,187.8916015625,41616200,0.0,0.0,0.0007872250746872034,1.0568390483932022,0.14662068283891594,185.91551971435547,178.18285858154297,62.59616161520424,2.8030394097306157,3.304319845246357,-0.5012804355157412
2023-07-17,189.08381775872684,191.46831693797242,188.9951421376018,191.14315795898438,50520200,0.0,0.0,0.017305490875827,1.0751281669023884,0.15324271559317895,186.30866394042968,178.71042663574218,68.76501212950859,2.9441868458857243,3.2322932453742306,-0.28810639948850625
2023-07-18,190.51254970289233,191.4781637647375,189.5961898515042,190.886962890625,48288200,0.0,0.0,-0.0013403308342030407,1.073687139469569,0.15093327866437378,186.74269790649413,179.2655386352539,67.81597276154193,3.0007832437348725,3.185991245046359,-0.18520800131148674
2023-07-19,190.26622781119138,195.32093388898534,189.82281961650222,192.23687744140625,80507300,0.0,0.0,0.00707180066327906,1.0812800408946242,0.15165032016846328,187.23979568481445,179.69454406738282,70.1533683825021,3.1186136820695083,3.1725157324509894,-0.053902050381481104
2023-07-20,192.22698907029056,193.5867419459116,189.67500174607378,190.29576110839844,59581200,0.0,0.0,-0.010097523216373805,1.0703617905782892,0.15564998025341842,187.6915657043457,180.0861050415039,63.061126599876175,3.02054433303681,3.1421214525681536,-0.12157711953134376
2023-07-21,191.25155042374644,192.10877819186132,188.4236580132484,189.1232452392578,71951700,0.0,0.0,-0.006161544862119728,1.0637667083869422,0.14919793384921282,187.93494186401367,180.48826019287108,59.16989019317556,2.8157531858798848,3.0768477992305003,-0.26109461335061557
2023-07-24,190.57168949200457,192.04967681854123,189.42870901778204,189.92137145996094,45377800,0.0,0.0,0.0042201381416304695,1.0682559508468026,0.1490712952610752,188.2339889526367,180.87115203857422,60.936865627923154,2.6868841145636964,2.9988550622971397,-0.31197094773344336
2023-07-25,190.49284214012596,191.58655325087184,190.08885537064708,190.77857971191406,37283200,0.0,0.0,0.004513490216312199,1.073077513629467,0.14530472057671887,188.6453598022461,181.2674496459961,62.79897145492173,2.6236798410152176,2.9238200180407556,-0.3001401770255381
2023-07-26,190.82785426220883,192.7689453418544,190.48299959942145,191.6456756591797,47471900,0.0,0.0,0.004545038277226965,1.0779546920033445,0.1375967943359987,188.96263427734374,181.6996127319336,64.63538988502637,2.6134313849854323,2.861742291429691,-0.2483109064442588
2023-07-27,193.14341935606535,194.30609569137815,189.72434025021676,190.38450622558594,47460200,0.0,0.0,-0.006580735147066918,1.0708609576747323,0.1394804751073928,189.15822372436523,182.1164059448242,59.99630655139115,2.475013165359371,2.7843964662156275,-0.3093833008562563
2023-07-28,191.81319626670884,193.74443968391378,191.2909752730755,192.9561767578125,48291400,0.0,0.0,0.013507772156518882,1.0853259035023142,0.14631154414628533,189.46564559936525,182.58463256835938,65.44290765948469,2.543508070897019,2.7362187871519064,-0.19271071625488734
2023-07-31,193.18277106210203,193.6064685292723,192.394508242959,193.56704711914062,38824100,0.0,0.0,0.0031658502546660916,1.0887618827903127,0.12278373483423939,189.58782653808595,183.05285827636717,66.60599517527264,2.6169167229097354,2.7123583743034727,-0.09544165139373728
2023-08-01,193.36018522615927,193.8429848583732,192.4142666019459,192.7394256591797,35175100,0.0,0.0,-0.004275631995623419,1.0841067376486393,0.12018587488994177,189.7430160522461,183.4580239868164,63.48828206841235,2.578587126137535,2.6856041246702853,-0.10701699853275048
2023-08-02,192.17773571935334,192.3156805851802,189.03456234552243,189.75384521484375,50389300,0.0,0.0,-0.015490242508117258,1.067313661377778,0.131615478199045,189.80459899902343,183.80131042480468,53.71957450330028,2.281005245629501,2.6046843488621287,-0.3236791032326276
2023-08-03,188.75870197685728,189.54694988427917,187.89161123685508,188.36456298828125,61235200,0.0,0.0,-0.007321497095300056,1.0594993275062266,0.13408753019766217,189.77307052612304,184.13573028564454,49.87397624101598,1.9110367542734537,2.465954829944394,-0.5549180756709404
2023-08-04,182.79748597555601,184.63019095429203,179.25031019901363,179.3192901611328,115956800,0.0,0.0,-0.04802003457365367,1.0086221331686147,0.2162801395803281,189.34494857788087,184.34127014160157,33.20648769918975,0.8778369784894835,2.1483312596534123,-1.2704942811639288
2023-08-07,179.45719031331873,180.44251500174,174.74733950545405,176.22532653808594,97576100,0.0,0.0,-0.017253936373865297,0.9912194310576511,0.22080581601295507,188.86410903930664,184.4794122314453,29.566691128811954,-0.1884657784901833,1.6809718520246932,-1.8694376305148765
2023-08-08,177.05305163689803,177.6245419410217,174.97401528572274,177.16143798828125,67823000,0.0,0.0,0.005312014275048016,0.9964848028251343,0.22255884270978363,188.45618743896483,184.61361389160157,31.995475800501524,-0.9470648509972364,1.1553645114203073,-2.102429362417544
2023-08-09,178.21567520898486,178.27479228591488,174.41232123291388,175.57501220703125,60378500,0.0,0.0,-0.008954690136094623,0.9875615901905078,0.21974259726916057,187.88568344116212,184.66800323486328,30.101083436805055,-1.6571685758133015,0.5928578939735856,-2.250026469786887
2023-08-10,176.8460654118823,178.09743193733033,174.99366527850802,175.3582305908203,54686900,0.0,0.0,-0.0012346951510122661,0.9863422526837736,0.21827011515291575,187.2664047241211,184.68120574951172,29.841077516756215,-2.2119256563690612,0.031901183905056196,-2.2438268402741173
2023-08-11,174.95373578240464,176.2363757071569,174.1940069392339,175.41744995117188,52036700,0.24,0.0,0.0003377050518360569,0.9866753454453443,0.2181638664583102,186.6426971435547,184.6965771484375,30.018908637542324,-2.6166332131710988,-0.49780569551017484,-2.118827517660924
2023-08-14,175.59506357405235,177.29211207450308,174.9438673937282,177.065185546875,43675600,0.0,0.0,0.009393225110510883,0.9959434090761035,0.2098848440769106,185.9387985229492,184.68893768310548,34.958847546253224,-2.7724493060149484,-0.9527344176111296,-1.8197148884038188
2023-08-15,176.4929258073929,177.08491002448199,174.68734458769583,175.08200073242188,43622600,0.0,0.0,-0.011200309130944941,0.984788535017524,0.211307262771215,185.14855041503907,184.62468719482422,32.028384504276076,-3.021135354769058,-1.3664146050427153,-1.6547207497263425
2023-08-16,174.76626971305478,176.15744233651847,174.14467201512105,174.2137451171875,46964900,0.0,0.0,-0.004959136927852104,0.9799048338273931,0.20704812522912477,184.2473937988281,184.57006927490235,30.810659479014504,-3.2508085149253816,-1.7432933870192486,-1.507515127906133
2023-08-17,174.77612136953763,175.14117901733323,171.16495931429398,171.6780242919922,66062900,0.0,0.0,-0.014555228254174879,0.9656420953036661,0.20914692481978664,183.3165069580078,184.47202819824219,27.51987679795782,-3.5959853470870655,-2.1138317790328123,-1.4821535680542532
2023-08-18,170.00075151281027,172.76339001893962,169.66529224450343,172.16152954101562,61172200,0.0,0.0,0.0028163490989452367,0.9683616805486781,0.21093473396440346,182.4684211730957,184.4110494995117,29.07541068913413,-3.7868729268120376,-2.4484400085886575,-1.33843291822338
2023-08-21,172.7337554755455,173.77960771425435,171.4215020828672,173.49346923828125,46311900,0.0,0.0,0.00773656984122173,0.9758534783218058,0.21324199980127664,181.64702606201172,184.32251678466798,33.32081347657335,-3.7870218760817806,-2.7161563820872825,-1.0708654939944982
2023-08-22,174.69716910253268,175.308890515181,173.8979807911273,174.86489868164062,42038900,0.0,0.0,0.007904790015327956,0.9835673951536671,0.2154558849997053,180.85134201049806,184.2537271118164,37.47108538572038,-3.6345798508133385,-2.8998410758324935,-0.7347387749808449
2023-08-23,176.1377232252428,179.12728783194132,175.9502562936072,178.70301818847656,52722800,0.0,0.0,0.021949056304453762,1.00515577128912,0.233025879795751,180.2042091369629,184.2059310913086,47.348182668618534,-3.167550726757838,-2.953383006017563,-0.21416772074027524
2023-08-24,178.25902046647073,178.68329009610582,173.6612029173666,174.02627563476562,54945800,0.0,0.0,-0.026170473230499147,0.9788503690841163,0.2465693819909664,179.38629760742188,184.0740594482422,39.21888017991456,-3.138620753771022,-2.990430555568255,-0.14819019820276713
2023-08-25,175.0129196769248,176.75928869570708,173.47373983758078,176.22650146484375,51449600,0.0,0.0,0.012643066813058823,0.991226039700434,0.24575579586017687,178.54981384277343,183.97357971191406,44.08297987334213,-2.904670472207897,-2.9732785388961833,0.06860806668828623
2023-08-28,177.68677460091166,178.1801023209798,176.1673318473753,177.7854461669922,43820700,0.0,0.0,0.008846255751490562,0.9999946787551611,0.24888518423540962,177.760733795166,183.8636831665039,47.30096873973515,-2.5639141731228676,-2.8914056657415204,0.32749149261865274
2023-08-29,177.3019791564373,182.43258442181371,177.10465107991652,181.66299438476562,53003900,0.0,0.0,0.02181026794584362,1.021804830643229,0.2653553628319578,177.2069122314453,183.8528173828125,54.339644872656606,-1.9584013838393162,-2.7048048093610797,0.7464034255217635
2023-08-30,182.4720614420058,185.34323241647965,182.27473336292013,185.14588928222656,60813900,0.0,0.0,0.019172286074312428,1.0413951651684354,0.2718508035391844,176.97651443481445,183.90983673095704,59.56391151042852,-1.1838410427645556,-2.400612056041775,1.2167710132772194
2023-08-31,185.33336235534645,186.5962801694583,184.97816577917948,185.3629608154297,60794500,0.0,0.0,0.001172435067527955,1.042616133379233,0.2709378035135857,176.82643432617186,183.99188873291016,59.87207412501278,-0.5461844590143698,-2.029726536636294,1.4835420776219244
2023-09-01,186.96134589549212,187.38560051082152,185.76748618147488,186.93174743652344,45766500,0.0,0.0,0.00846332306191333,1.0514401305455843,0.2065204879271958,177.2070571899414,184.04540924072265,62.11894719527788,0.08477372833033314,-1.6068264836429689,1.691600211973302
2023-09-05,185.76746926717502,187.44478036173828,185.10641198511868,187.16851806640625,45280000,0.0,0.0,0.0012666153990947837,1.0527719008061596,0.19347925370296015,177.75421676635742,184.1099710083008,62.460586590576035,0.5970357917012166,-1.1660540285741319,1.7630898202753484
2023-09-06,185.88587535630464,186.32988234003622,179.04836051297525,180.46914672851562,81755800,0.0,0.0,-0.035793259502721164,1.0150897629634317,0.2372723160723378,177.91960220336915,184.06833068847655,48.995892724048915,0.45715410167059645,-0.8414124025251862,1.2985665041957826
2023-09-07,172.84227669356144,175.83185624974686,171.22416252451072,175.19052124023438,112488800,0.0,0.0,-0.029249462215400257,0.9853989332963932,0.2585811550388364,177.9003776550293,183.8661373901367,41.41943685343032,-0.07873648191053917,-0.6888772184022568,0.6101407364917176
2023-09-08,175.96997548136457,177.83475336123297,175.4174358773743,175.80223083496094,65551300,0.0,0.0,0.003491682029347576,0.9888396330435224,0.25882173898263633,177.92257766723634,183.65272766113281,42.52852957983539,-0.4488991483060545,-0.6408816043830163,0.19198245607696185
2023-09-11,177.66705421097663,177.8939807491613,174.9734739911946,176.96652221679688,58953100,0.0,0.0,0.006622733831682437,0.9953884547353882,0.25980839693058133,178.0000312805176,183.4559033203125,44.67553248032169,-0.6409190285742454,-0.6408890892212622,-2.993935298323258e-05
2023-09-12,177.09477490699047,177.72623373133553,172.487096210491,173.9473419189453,90370200,0.0,0.0,-0.017060742676249463,0.9784063884462382,0.2648115830642628,177.8441390991211,183.11238159179686,40.45502349300592,-1.02490432572327,-0.7176921365216637,-0.3072121892016062
2023-09-13,174.15456487501547,174.93403118667004,171.65832754990635,171.88526916503906,84267900,0.0,0.0,-0.011854580421626237,0.9668077912293693,0.2651638299731597,177.68430252075194,182.75737426757811,37.82661880356134,-1.4785635180949441,-0.8698664128363198,-0.6086971052586243
2023-09-14,171.67802028548886,173.75000241444866,171.2636268707299,173.39480590820312,60895800,0.0,0.0,0.008782234513154519,0.9752985239810906,0.2667778365438098,177.64335556030272,182.45482666015624,40.856006180116694,-1.696725897072838,-1.0352383096836235,-0.6614875873892145
2023-09-15,174.12494522635322,174.14468255030425,171.5004532372104,172.674560546875,109259500,0.0,0.0,-0.004153788561056637,0.9712473401285625,0.2618116158242955,177.69318237304688,182.12841522216797,39.85810298151241,-1.9057704006278584,-1.2093447278724705,-0.6964256727553879
2023-09-18,174.12494029407293,176.98624997924455,173.8190795297471,175.59506225585938,67257600,0.0,0.0,0.016913329327348015,0.9876743662504677,0.2682264624105554,177.86485900878907,181.88268188476562,45.654495739010855,-1.814859030324584,-1.3304475883628932,-0.4844114419616907
2023-09-19,175.15107052586188,177.23291401853146,174.7662755227223,176.68038940429688,51826900,0.0,0.0,0.006180852322920538,0.9937790356513959,0.26777429285368193,178.02420501708986,181.69944732666016,47.67284218439943,-1.6363712151936909,-1.391632313729053,-0.24473890146463795
2023-09-20,176.8678428874874,177.3019736755132,173.0593524132158,173.14816284179688,58436200,0.0,0.0,-0.019992182349209298,0.9739112239558319,0.27646698359861505,177.93836822509766,181.45601318359374,42.1820798075234,-1.7596552884935193,-1.4652369086819461,-0.29441837981157315
2023-09-21,172.22071489897561,173.9473619674597,171.53992021743218,171.60897827148438,63149100,0.0,0.0,-0.008889407459199195,0.965253730257001,0.26490948628373573,177.58366622924805,181.14849090576172,40.01908445831334,-1.958976277018337,-1.5639847823492243,-0.39499149466911265
2023-09-22,172.33909518451154,174.7169382879251,171.7273736602944,172.45748901367188,56725400,0.0,0.0,0.004944442596966914,0.970026371917765,0.24967037289860444,177.50522689819337,180.84276458740234,41.79110312602788,-2.0251274620753748,-1.6562133182944545,-0.36891414378092025
2023-09-25,171.87536866413782,174.60840835340898,171.82603288281885,173.73028564453125,46172700,0.0,0.0,0.007380350010537828,0.9771855060619702,0.24672380307776154,177.38041610717772,180.55953826904297,44.442555431589184,-1.9523433036090125,-1.7154393153573664,-0.23690398825164616
2023-09-26,172.4871029695211,172.8620217812148,169.3692683155077,169.66526794433594,64588900,0.0,0.0,-0.023398440203527437,0.9543208894306254,0.2567015800438036,176.97440719604492,180.12998046875,38.4228872315176,-2.1973446677480126,-1.8118203858354958,-0.38552428191251686
2023-09-27,170.31646332448594,170.7308568174817,166.79411110643792,168.1556854248047,66921800,0.0,0.0,-0.008897416293984883,0.9458298991993153,0.24127035387238965,176.29904174804688,179.6753549194336,36.44850018082955,-2.484678875765411,-1.946392083821479,-0.538286791943932
2023-09-28,167.0801799320492,169.73428470143284,165.3831318651235,168.41217041015625,56294400,0.0,0.0,0.0015252828633394167,0.947272557336198,0.22673210524138868,175.46235580444335,179.19886077880858,37.04046187290259,-2.6610225000157754,-2.0893181670603385,-0.571704332955437
2023-09-29,169.72448150635748,170.76047278128746,168.0668924554359,168.92529296875,51861100,0.0,0.0,0.0030468258757314626,0.9501587318752602,0.22746446409285245,174.64047241210938,178.77145141601562,38.27909846101661,-2.727925562774061,-2.2170396462030832,-0.5108859165709778
2023-10-02,168.93512915166482,171.9740294168616,168.6489906711008,171.43136596679688,52164500,0.0,0.0,0.014835392344179521,0.9642547094518777,0.23334206216031295,173.86545333862304,178.4176138305664,44.0668386802592,-2.5493403663698473,-2.2834997902364362,-0.26584057613341106
2023-10-03,169.96121885018417,171.31294670786232,168.54044801255043,170.09934997558594,49594600,0.0,0.0,-0.007769966620162827,0.9567624825461019,0.2327304327619553,173.01199493408203,178.0211734008789,41.82201552975762,-2.4866285637409646,-2.324125544937342,-0.16250301880362272
2023-10-04,168.80686354725646,171.88523853747708,168.68846972057472,171.3425750732422,53020300,0.0,0.0,0.007308817451887384,0.9637552848758459,0.20489875193552293,172.55566635131837,177.63245330810548,44.65580340502349,-2.309983085928195,-2.321297053135513,0.011313967207317699
2023-10-05,171.47081778563683,173.10866919518492,170.3756298015613,172.5758819580078,48527900,0.0,0.0,0.0071979009550804385,0.9706922999613176,0.18130366868897319,172.42493438720703,177.25105743408204,47.393313233136816,-2.0468775830346146,-2.2664131591153334,0.21953557608071872
2023-10-06,171.48069938400815,175.61478762599208,170.86896284182788,175.1214599609375,57266700,0.0,0.0,0.014750485259285018,0.9850104824231984,0.18898911085849188,172.39089584350586,176.94579650878907,52.604327113770076,-1.6143485012399879,-2.1360002275402645,0.5216517263002767
2023-10-09,174.45052401213385,176.6606373398207,173.45400756283908,176.6014404296875,42390800,0.0,0.0,0.008451165659994597,0.993334969186988,0.18996407844261173,172.37264175415038,176.61870178222657,55.37216924133145,-1.1390141860733536,-1.9366030192468824,0.7975888331735288
2023-10-10,175.72330653262233,177.32168322438636,175.57529921161475,176.00942993164062,43698000,0.0,0.0,-0.0033522404834663844,0.9900050714896366,0.1796190337038776,172.47574615478516,176.26754943847655,54.01334952712723,-0.8008469511166822,-1.7094518056208425,0.9086048545041603
2023-10-11,175.8219650621156,177.4499552810768,175.22998093671887,177.40061950683594,47551100,0.0,0.0,0.007904062729682249,0.9978301336773943,0.17500828339226288,172.751513671875,175.9607733154297,56.702264529423196,-0.4157965650111919,-1.4507207574989125,1.0349241924877206
2023-10-12,177.6670336186698,179.906730392158,176.6507647716162,178.29849243164062,56743100,0.0,0.0,0.005061272769512959,1.0028804241615752,0.17348553537472663,172.99669799804687,175.73166625976563,58.39318436624378,-0.037755299103565676,-1.1681276658198432,1.1303723667162775
2023-10-13,178.99898337175165,179.5021721005036,175.762755541962,176.46328735351562,51427100,0.0,0.0,-0.01029288051231625,0.9925578957875391,0.17744026861312398,173.1861343383789,175.49364074707032,53.7708716583823,0.11246301181813578,-0.9120095302922474,1.024472542110383
2023-10-16,174.3913552582801,176.6902643223361,174.15455252434904,176.33506774902344,52517000,0.0,0.0,-0.000726607819763192,0.9918366954588921,0.16741439626330268,173.2231346130371,175.43395629882812,53.452510712160915,0.21864544637767835,-0.6858785349582623,0.9045239813359407
2023-10-17,174.29263735930638,176.03902130181154,172.4673342483031,174.7859649658203,57549400,0.0,0.0,-0.008784995537064466,0.983123414515789,0.16882096183448517,173.12841339111327,175.40516906738281,49.62935631467615,0.17576997569020136,-0.5135488328285696,0.6893188085187709
2023-10-18,173.23694427289632,175.21025492862336,172.77321506438722,173.49346923828125,54764400,0.0,0.0,-0.00739473405540203,0.9758534783218059,0.15485947162979824,173.1456787109375,175.33180969238282,46.632434699112586,0.03706993377304002,-0.40342507950824763,0.44049501328128765
2023-10-19,173.69080766680926,175.46679037407037,172.85215962113486,173.11856079101562,59302900,0.0,0.0,-0.0021609369442645576,0.9737447204883113,0.15145764553551297,173.22115783691407,175.2826806640625,45.76907910181175,-0.10192786618634386,-0.3431256368438669,0.24119777065752301
2023-10-20,172.97056355030566,173.0790962513972,170.3361953203569,170.572998046875,64244000,0.0,0.0,-0.014704158424777791,0.9594266238529602,0.15961736541160704,173.1269332885742,175.1869760131836,40.31178996048679,-0.4127325395767514,-0.3570470173904438,-0.05568552218630757
2023-10-23,168.62926966195786,171.68789221712717,167.66233657820504,170.69137573242188,55980100,0.0,0.0,0.0006940001459923018,0.960092466069983,0.15698133060683664,172.97498779296876,175.0924545288086,40.66609590365248,-0.6420937356700165,-0.41405636104635835,-0.22803737462365814
2023-10-24,170.74070856198063,171.35243005141567,169.1620540054936,171.12550354003906,43816600,0.0,0.0,0.0025433493974396093,0.9625343166650484,0.1326502169592,173.0479995727539,174.97366088867187,42.02522710268748,-0.7798440928485775,-0.4872139074068022,-0.29263018544177527
2023-10-25,169.58633193718455,170.75057806188605,168.3727349771656,168.81674194335938,57157000,0.0,0.0,-0.013491627775631287,0.9495481619433319,0.1378499234475454,173.08105239868163,174.84835571289062,37.15130386261521,-1.063055763958971,-0.6023822787172359,-0.4606734852417351
2023-10-26,168.09644349231945,169.09297489080478,163.45916701132384,164.6628875732422,70625300,0.0,0.0,-0.02460570155720021,0.9261838632563663,0.16343133834568208,172.89358825683593,174.65733856201172,30.33473685682233,-1.6041922564456286,-0.8027442742629145,-0.8014479821827141
2023-10-27,164.6826577744484,166.70530437202822,164.60372353518264,165.9751739501953,58499100,0.0,0.0,0.007969533367799153,0.933565116459305,0.16599189921015564,172.7460823059082,174.54328155517578,34.42802173623697,-1.9051943870819628,-1.0232342968267243,-0.8819600902552385
2023-10-30,166.76450604315932,168.88580920893756,166.61649869462795,168.01754760742188,51131000,0.0,0.0,0.012305296079035521,0.9450529116263959,0.16304203962003716,172.57539138793945,174.4604019165039,40.306611879681945,-1.9563862559546692,-1.2098646886523134,-0.7465215673023557
2023-10-31,167.09010101577766,168.61940486913602,165.65943861592592,168.49114990234375,44846000,0.0,0.0,0.0028187668589738646,0.9477167954536652,0.16149680423635135,172.49498138427734,174.36035552978515,41.613771430073484,-1.9364186054087043,-1.3551754720035916,-0.5812431334051127
2023-11-01,168.71806981976965,171.90496247869652,167.849808268541,171.6484375,56934900,0.0,0.0,0.018738596059711066,0.9654756776626752,0.17341348038360063,172.51027450561523,174.29602630615236,49.545807167750304,-1.6468435881546952,-1.4135090952338123,-0.23333449292088293
2023-11-02,173.17777741023195,175.4076134182441,173.11858048911532,175.20042419433594,77334800,0.0,0.0,0.020693382043375452,0.9854546347141357,0.18679270826656488,172.64150161743163,174.22597442626954,56.676611594475325,-1.1178517604086267,-1.3543776282687752,0.2365258678601485
2023-11-03,171.91483559510309,174.46040823420765,171.03671292563865,174.29266357421875,79829200,0.0,0.0,-0.005181269533401811,0.9803487286387418,0.18036721405206219,172.6000617980957,174.23130218505858,54.554554954080395,-0.7630743749142539,-1.236116977597871,0.4730426026836172
2023-11-06,174.02628274488598,177.0355696443862,173.85855313497558,176.83824157714844,63841300,0.0,0.0,0.014605193074266776,0.9946669111006226,0.18552039006188353,172.61190185546874,174.24353698730468,59.17113294516419,-0.2733528290662548,-1.0435641478915478,0.770211318825293
2023-11-07,176.78889227095914,180.00539823599848,176.58170308551922,179.3936767578125,70530000,0.0,0.0,0.014450693231696787,1.009040537500657,0.19174445456026656,172.78111419677734,174.2757015991211,63.211367711635084,0.3172996537914514,-0.7713913875549481,1.0886910413463995
2023-11-08,179.91662978825056,181.00194176498167,179.16676200069597,180.4494171142578,49340300,0.0,0.0,0.005885047764925488,1.0149787892605946,0.19091547668530595,172.93355407714844,174.25143005371095,64.76274790675116,0.8606642240227131,-0.4449802652394159,1.305644489262129
2023-11-09,180.51846299464347,181.66297171772456,179.38380034968415,179.97579956054688,53763500,0.0,0.0,-0.002624655492298178,1.0123148196067957,0.19065401046453576,173.01741943359374,174.14802825927734,63.46966562255705,1.2387876098164554,-0.10822669022824166,1.347014300044697
2023-11-10,181.75415237279827,184.32284238950194,181.31944959381738,184.15487670898438,66133400,0.24,0.0,0.02322021715498246,1.0358209895472723,0.20217069355313141,173.4019989013672,174.12386657714845,69.29529785440103,1.8542945636918375,0.2842775605557742,1.5700170031360634
2023-11-13,183.58183039704093,183.7892925333636,181.9912220269046,182.57411193847656,43627500,0.0,0.0,-0.008583887642605648,1.026929618555146,0.2055807623310282,173.71395111083984,174.0367138671875,65.06831468507615,2.189296901260917,0.6652814286968028,1.5240154725641144
2023-11-14,185.43922075842696,185.84428607992842,184.05608926427885,185.18235778808594,60108400,0.0,0.0,0.014285956655718524,1.0416002905742983,0.20610714540826283,174.23377075195313,173.99699066162108,68.4843260816523,2.6348790636982926,1.0592009556971007,1.575678108001192
2023-11-15,185.5874067506803,187.21752694473682,185.51824264456812,185.74546813964844,53790500,0.0,0.0,0.0030408423258487804,1.044767632824493,0.2024408548360283,174.84637069702148,174.10251708984376,69.18496160718796,2.9988752695650476,1.4471358184706902,1.5517394510943574
2023-11-16,187.28665942031617,188.6599164347462,186.37772744350028,187.4249725341797,54412900,0.0,0.0,0.009041967006530482,1.054214387289983,0.20219519998819446,175.5616912841797,174.34720611572266,71.23870557496177,3.3838598239296402,1.8344806195624803,1.54937920436716
2023-11-17,187.95846486721982,188.08690385906573,186.29870747259162,187.40521240234375,50922700,0.0,0.0,-0.00010542955705827861,1.0541032419340866,0.19053536175785757,176.40330200195314,174.5792657470703,71.17859838898808,3.6453470873573792,2.19665391312146,1.448693174235919
2023-11-20,187.60281994734135,189.598493753426,187.59294582194016,189.14402770996094,46505100,0.0,0.0,0.009278372171869442,1.0638836041203252,0.19052733243102635,177.32593460083007,174.8228158569336,73.31246441265371,3.9473825224185646,2.5467996349808812,1.4005828874376833
2023-11-21,189.10451024981845,189.21318592585277,187.45462685911554,188.34378051757812,38134500,0.0,0.0,-0.004230887975008812,1.0593824317728435,0.1932843186635918,178.18684844970704,175.11074462890625,70.7174831021405,4.075198172462564,2.852479342477218,1.2227188299853458
2023-11-22,189.18353128885676,190.60617399815436,188.53147729188777,189.0056915283203,39617700,0.0,0.0,0.0035143767897363176,1.0631055008025205,0.180879125659993,179.19629592895507,175.45315307617187,71.61252488943398,4.181699652157818,3.118323404413338,1.0633762477444795
2023-11-24,188.57100791556658,188.60064536615056,186.970525284031,187.68185424804688,24048300,0.0,0.0,-0.007004219129957079,1.0556592769166369,0.14986336688064908,180.3472442626953,175.73889404296875,67.18915006792452,4.111881032385469,3.3170349300077646,0.7948461023777043
2023-11-27,187.6324520630897,188.37341847212542,186.62473352580105,187.50401306152344,40552600,0.0,0.0,-0.0009475672927250489,1.0546589687135688,0.15211298955841712,181.4236862182617,176.03548309326172,66.59406004061549,3.9961340301358916,3.4528547500333904,0.5432792801025013
2023-11-28,187.4941619704054,188.77850691885152,187.11873411970524,188.106689453125,38415400,0.0,0.0,0.0032142052949224453,1.0580488591551453,0.15065781621726365,182.4281433105469,176.28571563720703,67.6400508553804,3.907985817103622,3.543880963447437,0.36410485365618506
2023-11-29,188.6006511365786,189.77632029571453,186.69390474066958,187.08908081054688,43014200,0.0,0.0,-0.005409741915806232,1.0523250878928028,0.15550238803766733,183.35803985595703,176.49388946533202,63.996366226906,3.713211618116503,3.5777470943812504,0.13546452373525275
2023-11-30,187.55343368717286,188.02766309314677,185.92331344476767,187.662109375,48794400,0.0,0.0,0.0030628648233799183,1.05554821738727,0.14726395807884785,184.15872344970703,176.7841683959961,65.13531138760297,3.5640066284035754,3.5749990011857156,-0.010992372782140158
2023-12-01,188.0375263099119,189.25270705783993,186.95076949469112,188.9365692138672,45704800,0.0,0.0,0.006791247541188428,1.062716706623207,0.13473671716985866,184.84553070068358,177.13072021484376,67.59091263974433,3.5081589839693947,3.5616309977424514,-0.05347201377305666
2023-12-04,187.69172432124148,187.7608884211111,185.19219887595256,187.14834594726562,43389500,0.0,0.0,-0.009464675229586605,1.0526584381339625,0.1393103156223006,185.48831481933593,177.42453735351563,61.08934893610685,3.2817743981571255,3.5056596778253866,-0.2238852796682611
2023-12-05,187.91898862751913,192.05850876803487,187.88933609882633,191.09031677246094,66628400,0.0,0.0,0.021063348464250176,1.0748309496302115,0.14770925064065712,186.20091857910157,177.7717379760742,68.32289625177833,3.381467630107153,3.48082126828174,-0.0993536381745872
2023-12-06,192.10788966712872,192.4141533735728,189.79607806848605,190.00355529785156,41089700,0.0,0.0,-0.005687161406003782,1.0687182125354961,0.145960638402342,186.7314125061035,178.17850372314453,64.7491601400182,3.334346396422717,3.451526293909936,-0.11717989748721891
2023-12-07,191.29779342674496,192.65128739108172,191.25826677194576,191.93008422851562,47477700,0.0,0.0,0.010139436220780285,1.079554412689486,0.14787669967615663,187.3054458618164,178.65399169921875,67.94964006764647,3.4131130209517266,3.4438436393182945,-0.030730618366567874
2023-12-08,191.86090014217592,193.62934842275146,191.33728508312288,193.35272216796875,53406400,0.0,0.0,0.007412271740366183,1.087556363354852,0.14698563840098544,187.9742919921875,179.152802734375,70.10790858403497,3.549415676126557,3.4649580466799472,0.08445762944660995
2023-12-11,190.78404615931,191.15947399253523,189.11439931154695,190.8531951904297,60943700,0.0,0.0,-0.012927291374608574,1.073497205359454,0.13887297675835084,188.30920791625977,179.5913607788086,62.18464912132344,3.416363858740482,3.4552392090920545,-0.038875350351572635
2023-12-12,190.75437444051195,192.37462021785012,189.41075488796335,192.36474609375,52696900,0.0,0.0,0.007919966452812677,1.0819992672130891,0.1347632594525473,188.79873962402343,180.01002838134767,64.77710595999338,3.393767619643114,3.4429448912022664,-0.0491772715591523
2023-12-13,192.74019585543422,195.6151493963814,192.50309623143957,195.5756378173828,70404200,0.0,0.0,0.016691684879036828,1.100059658020759,0.1377557528212366,189.3184036254883,180.5195541381836,69.55224710829606,3.5935281097609675,3.473061534914007,0.12046657484696066
2023-12-14,195.63488831127654,197.2156075489979,193.79729107961322,195.7238006591797,66831600,0.0,0.0,0.0007575730978068851,1.100893033623658,0.13793444770515856,189.81732025146485,181.00717864990236,69.75599764540254,3.7209029870079178,3.522629825332789,0.19827316167512876
2023-12-15,195.1508267360026,196.01034310022396,194.6272115859594,195.1903533935547,128538400,0.0,0.0,-0.002725510458249869,1.0978925381471023,0.1370297844676849,190.2055892944336,181.45946807861327,67.99184080586669,3.735740468083094,3.56525195388285,0.1704885142002439
2023-12-18,193.72818194847295,194.26168633726434,192.04866068654474,193.5305938720703,55751900,0.0,0.0,-0.008503286625737405,1.0885568432109791,0.14194976475701124,190.51185836791993,181.82765075683594,62.68024879720146,3.5723902652961215,3.5666796161655046,0.005710649130616918
2023-12-19,193.79729775296602,194.57777573643529,193.5305456250714,194.56790161132812,40714100,0.0,0.0,0.0053599160654853595,1.0943914165230997,0.1398213297246481,190.78305206298828,182.18697998046875,64.54447644674553,3.486446532736636,3.5506329994797308,-0.0641864667430947
2023-12-20,194.5283816611859,195.2989855460905,192.4833221435547,192.4833221435547,52242800,0.0,0.0,-0.010713891913876061,1.0826662251749974,0.14510942670138874,190.99002914428712,182.51645782470703,58.2474876030548,3.2130888755216347,3.4831241746881116,-0.27003529916647695
2023-12-21,193.73802319308166,194.70621508029078,191.16933361068988,192.33511352539062,46482500,0.0,0.0,-0.0007699816093860168,1.0818325920925094,0.14497146907874447,191.15650024414063,182.81514770507812,57.81561201661063,2.9504804637130917,3.376595432493108,-0.4261149687800163
2023-12-22,192.82909873139974,193.0563392932213,190.64572606781581,191.2681427001953,37149600,0.0,0.0,-0.005547457277240486,1.07583117200675,0.14400529932269468,191.33581466674804,183.0745407104492,54.67281274330877,2.625994941753902,3.226475334345267,-0.6004803925913649
2023-12-26,191.27801448490152,191.55464074590694,190.5074106042434,190.72476196289062,28919300,0.0,0.0,-0.002840936967513752,1.0727748034593922,0.14449843208378263,191.4968521118164,183.35977020263672,53.09003156217792,2.298495913405418,3.040879450157297,-0.7423835367518792
2023-12-27,190.17150836602553,191.16933772508392,188.78836199381533,190.82354736328125,48087700,0.0,0.0,0.0005179474304959353,1.0733304444123448,0.1442402366409918,191.63269500732423,183.64953979492188,53.35441437536542,2.023594986799935,2.8374225574858247,-0.8138275706858895
2023-12-28,191.80165040931152,192.3153914106068,190.8433325169925,191.24839782714844,34049900,0.0,0.0,0.002226404810819149,1.0757201124773832,0.14244638147410435,191.8406608581543,183.97878845214845,54.541044973295,1.8190470615138565,2.633747458291431,-0.8147003967775746
2023-12-29,191.56452296375952,192.0585006042798,189.4206618129017,190.21102905273438,42672100,0.0,0.0,-0.005424195894972339,1.0698851958591442,0.1441014719214108,191.968106842041,184.3131396484375,51.12133749259174,1.5553057698234625,2.4180591205978375,-0.862753350774375
