Datetime,Adj Close,Close,High,Low,Open,Volume,15m_Return_%,SMA20,SMA50
2026-06-08 09:15:00,278.3500061035156,278.3500061035156,278.8500061035156,277.0,278.8500061035156,564472,,,
2026-06-08 09:30:00,280.75,280.75,280.75,278.1000061035156,278.29998779296875,911299,0.8622216072780908,,
2026-06-08 09:45:00,280.79998779296875,280.79998779296875,280.8500061035156,279.6499938964844,280.75,520982,0.01780509099509331,,
2026-06-08 10:00:00,280.8999938964844,280.8999938964844,281.1000061035156,280.1499938964844,280.79998779296875,483479,0.03561471077746514,,
2026-06-08 10:15:00,280.70001220703125,280.70001220703125,281.0,280.45001220703125,280.8999938964844,346943,-0.07119319821944359,,
2026-06-08 10:30:00,280.8999938964844,280.8999938964844,281.20001220703125,280.5,280.6000061035156,493214,0.07124391904393956,,
2026-06-08 10:45:00,281.04998779296875,281.04998779296875,281.20001220703125,280.79998779296875,280.8500061035156,355394,0.053397614718231345,,
2026-06-08 11:00:00,281.6499938964844,281.6499938964844,281.70001220703125,281.0,281.1499938964844,689512,0.21348732594772546,,
2026-06-08 11:15:00,282.54998779296875,282.54998779296875,282.79998779296875,281.5,281.6499938964844,1411976,0.31954337510660125,,
2026-06-08 11:30:00,283.25,283.25,283.45001220703125,282.3999938964844,282.6499938964844,744354,0.2477480931778242,,
2026-06-08 11:45:00,283.1000061035156,283.1000061035156,283.29998779296875,282.70001220703125,283.29998779296875,594099,-0.05295459717011841,,
2026-06-08 12:00:00,283.1499938964844,283.1499938964844,283.3500061035156,282.95001220703125,283.04998779296875,403316,0.017657291377970452,,
2026-06-08 12:15:00,283.1000061035156,283.1000061035156,283.3500061035156,283.0,283.1000061035156,393989,-0.01765417412900039,,
2026-06-08 12:30:00,281.95001220703125,281.95001220703125,283.20001220703125,281.79998779296875,283.1499938964844,634835,-0.40621471977781987,,
2026-06-08 12:45:00,282.3500061035156,282.3500061035156,282.75,281.8500061035156,281.95001220703125,235863,0.14186695483831002,,
2026-06-08 13:00:00,281.79998779296875,281.79998779296875,282.3999938964844,281.70001220703125,282.3500061035156,197804,-0.1948001766095997,,
2026-06-08 13:15:00,281.8500061035156,281.8500061035156,282.1000061035156,281.70001220703125,281.79998779296875,146055,0.017749578677639377,,
2026-06-08 13:30:00,281.3999938964844,281.3999938964844,281.8999938964844,281.3500061035156,281.8500061035156,310780,-0.1596637208749918,,
2026-06-08 13:45:00,281.3999938964844,281.3999938964844,281.70001220703125,281.20001220703125,281.5,212203,0.0,,
2026-06-08 14:00:00,280.95001220703125,280.95001220703125,281.6499938964844,280.8500061035156,281.3500061035156,313182,-0.15990820867560762,281.59749908447264,
2026-06-08 14:15:00,280.25,280.25,281.04998779296875,280.25,280.8999938964844,379148,-0.24915898793961277,281.6924987792969,
2026-06-08 14:30:00,280.29998779296875,280.29998779296875,280.5,280.1000061035156,280.29998779296875,501574,0.017836857437547593,281.6699981689453,
2026-06-08 14:45:00,280.0,280.0,280.45001220703125,279.6000061035156,280.20001220703125,753755,-0.10702383376138824,281.6299987792969,
2026-06-08 15:00:00,279.3999938964844,279.3999938964844,280.1000061035156,279.1499938964844,280.1000061035156,1311148,-0.2142878941127191,281.55499877929685,
2026-06-08 15:15:00,280.0,280.0,280.0,279.1499938964844,279.3999938964844,1895522,0.2147480732365148,281.51999816894534,
2026-06-09 09:15:00,279.8500061035156,279.8500061035156,281.45001220703125,279.54998779296875,281.45001220703125,350627,-0.053569248744422815,281.4674987792969,
2026-06-09 09:30:00,279.1499938964844,279.1499938964844,280.0,279.0,279.8999938964844,557063,-0.2501383568926263,281.3724990844727,
2026-06-09 09:45:00,279.1000061035156,279.1000061035156,279.75,278.8500061035156,279.1499938964844,373621,-0.017907144568052313,281.24499969482423,
2026-06-09 10:00:00,278.6499938964844,278.6499938964844,279.04998779296875,278.3999938964844,279.0,318580,-0.16123690332859875,281.05,
2026-06-09 10:15:00,278.6000061035156,278.6000061035156,278.70001220703125,277.29998779296875,278.6499938964844,724277,-0.017939276534606474,280.81750030517577,
2026-06-09 10:30:00,278.8999938964844,278.8999938964844,279.04998779296875,278.5,278.5,190130,0.10767687953936456,280.60749969482424,
2026-06-09 10:45:00,279.3500061035156,279.3500061035156,279.5,278.6000061035156,278.8999938964844,646589,0.1613525338398869,280.4175003051758,
2026-06-09 11:00:00,279.3999938964844,279.3999938964844,279.6000061035156,278.8500061035156,279.3500061035156,789014,0.017894323206224527,280.23249969482424,
2026-06-09 11:15:00,279.6499938964844,279.6499938964844,280.04998779296875,279.20001220703125,279.3999938964844,1072906,0.08947745363681037,280.11749877929685,
2026-06-09 11:30:00,280.1000061035156,280.1000061035156,280.25,279.5,279.5,492497,0.16091979862435934,280.0049987792969,
2026-06-09 11:45:00,280.04998779296875,280.04998779296875,280.3500061035156,279.79998779296875,280.25,202586,-0.017857304340218594,279.91749877929686,
2026-06-09 12:00:00,279.79998779296875,279.79998779296875,280.1000061035156,279.6499938964844,280.1000061035156,169352,-0.08926977714593942,279.8149978637695,
2026-06-09 12:15:00,279.75,279.75,279.79998779296875,279.54998779296875,279.75,126709,-0.01786554508563798,279.7324981689453,
2026-06-09 12:30:00,279.04998779296875,279.04998779296875,279.3999938964844,278.8500061035156,279.3999938964844,416797,-0.2502277773123285,279.61499786376953,
2026-06-09 12:45:00,278.5,278.5,279.29998779296875,278.5,279.04998779296875,380437,-0.19709292851745053,279.492497253418,
2026-06-09 13:00:00,278.79998779296875,278.79998779296875,279.1000061035156,278.5,278.6499938964844,196225,0.10771554505162317,279.4199966430664,
2026-06-09 13:15:00,278.8999938964844,278.8999938964844,279.0,278.6499938964844,278.75,136094,0.03587019651876133,279.34999694824216,
2026-06-09 13:30:00,278.79998779296875,278.79998779296875,278.8999938964844,278.5,278.8999938964844,337057,-0.03585733442243999,279.2899963378906,
2026-06-09 13:45:00,278.5,278.5,279.0,278.29998779296875,278.79998779296875,289411,-0.10759964350913753,279.24499664306643,
2026-06-09 14:00:00,278.79998779296875,278.79998779296875,278.8999938964844,278.3500061035156,278.5,317994,0.10771554505162317,279.1849960327148,
2026-06-09 14:15:00,278.79998779296875,278.79998779296875,278.95001220703125,278.70001220703125,278.8500061035156,180586,0.0,279.1324951171875,
2026-06-09 14:30:00,279.79998779296875,279.79998779296875,280.04998779296875,278.75,278.79998779296875,579607,0.3586800730933204,279.16499481201174,
2026-06-09 14:45:00,279.6499938964844,279.6499938964844,279.8500061035156,279.3500061035156,279.79998779296875,384707,-0.053607542183087276,279.19249420166017,
2026-06-09 15:00:00,280.3500061035156,280.3500061035156,280.6000061035156,279.5,279.54998779296875,1242141,0.2503172616876048,279.2774948120117,
2026-06-09 15:15:00,279.95001220703125,279.95001220703125,280.29998779296875,279.5,280.25,1311887,-0.14267661415233723,279.3449951171875,280.28299743652343
2026-06-10 09:15:00,282.70001220703125,282.70001220703125,282.70001220703125,278.8999938964844,280.0,492819,0.9823182282865162,279.53499603271484,280.36999755859375
2026-06-10 09:30:00,282.20001220703125,282.20001220703125,282.5,281.5,282.5,529377,-0.17686592798370482,279.6774963378906,280.39899780273436
2026-06-10 09:45:00,282.0,282.0,282.8999938964844,282.0,282.0,534939,-0.07087604478362985,279.80749664306643,280.422998046875
2026-06-10 10:00:00,283.29998779296875,283.29998779296875,283.6000061035156,281.8999938964844,282.1000061035156,1441181,0.46098857906693436,279.9899963378906,280.4709979248047
2026-06-10 10:15:00,283.3500061035156,283.3500061035156,283.5,283.0,283.20001220703125,1014181,0.01765559925948068,280.1524963378906,280.52399780273436
2026-06-10 10:30:00,283.3500061035156,283.3500061035156,283.3999938964844,283.1499938964844,283.3500061035156,703821,0.0,280.31749725341797,280.572998046875
2026-06-10 10:45:00,283.25,283.25,283.3500061035156,283.0,283.29998779296875,420171,-0.03529419493962793,280.48999786376953,280.61699829101565
2026-06-10 11:00:00,284.3999938964844,284.3999938964844,284.79998779296875,283.20001220703125,283.25,1618847,0.4059996104093022,280.7224975585938,280.6719982910156
2026-06-10 11:15:00,284.20001220703125,284.20001220703125,284.5,284.04998779296875,284.45001220703125,351248,-0.07031705124646015,280.97999877929686,280.7049987792969
2026-06-10 11:30:00,284.20001220703125,284.20001220703125,284.3999938964844,284.1499938964844,284.3500061035156,217710,0.0,281.26499938964844,280.7239990234375
2026-06-10 11:45:00,284.29998779296875,284.29998779296875,284.3500061035156,284.0,284.29998779296875,561212,0.03517789642621949,281.5399993896484,280.74799865722656
2026-06-10 12:00:00,284.20001220703125,284.20001220703125,284.3999938964844,284.04998779296875,284.25,285803,-0.035165525933933406,281.8050003051758,280.7689990234375
2026-06-10 12:15:00,284.0,284.0,284.3999938964844,283.8999938964844,284.29998779296875,825508,-0.07037726897969332,282.0650009155273,280.7869989013672
2026-06-10 12:30:00,283.95001220703125,283.95001220703125,284.1499938964844,283.75,284.0,599195,-0.017601335552375197,282.3375015258789,280.8269989013672
2026-06-10 12:45:00,284.79998779296875,284.79998779296875,284.8999938964844,283.45001220703125,283.95001220703125,1235373,0.2993398659612678,282.6375015258789,280.87599853515627
2026-06-10 13:00:00,285.25,285.25,285.8500061035156,284.79998779296875,284.79998779296875,1032153,0.15800991092680405,282.96000213623046,280.9449987792969
2026-06-10 13:15:00,284.8999938964844,284.8999938964844,285.25,284.79998779296875,285.25,334377,-0.12270152621055574,283.2150024414062,281.00599853515627
2026-06-10 13:30:00,284.70001220703125,284.70001220703125,285.1000061035156,284.6499938964844,285.0,418967,-0.07019364469547096,283.4675033569336,281.0719989013672
2026-06-10 13:45:00,284.79998779296875,284.79998779296875,285.1000061035156,284.5,284.8500061035156,527145,0.03511611578885798,283.69000244140625,281.1399987792969
2026-06-10 14:00:00,284.3999938964844,284.3999938964844,284.8999938964844,284.29998779296875,284.70001220703125,573681,-0.14044730113371706,283.9125015258789,281.20899841308596
2026-06-10 14:15:00,284.29998779296875,284.29998779296875,284.54998779296875,284.20001220703125,284.3999938964844,242906,-0.03516389087969696,283.9925003051758,281.2899981689453
2026-06-10 14:30:00,284.1000061035156,284.1000061035156,284.3500061035156,284.1000061035156,284.29998779296875,418923,-0.07034178615539233,284.0875,281.3659985351562
2026-06-10 14:45:00,284.1499938964844,284.1499938964844,284.29998779296875,283.95001220703125,284.1499938964844,539941,0.017595139702519802,284.1949996948242,281.4489984130859
2026-06-10 15:00:00,283.8999938964844,283.8999938964844,284.3999938964844,283.8500061035156,284.1499938964844,1002540,-0.0879817016962825,284.225,281.53899841308595
2026-06-10 15:15:00,283.29998779296875,283.29998779296875,283.95001220703125,283.1000061035156,283.79998779296875,3304076,-0.2113441762645496,284.22249908447264,281.6049981689453
2026-06-11 09:15:00,282.3500061035156,282.3500061035156,283.0,281.3999938964844,282.0,470692,-0.33532711979760155,284.17249908447263,281.6549981689453
2026-06-11 09:30:00,282.54998779296875,282.54998779296875,282.75,282.04998779296875,282.45001220703125,506517,0.07082758460426053,284.1374984741211,281.722998046875
2026-06-11 09:45:00,282.54998779296875,282.54998779296875,282.70001220703125,282.3999938964844,282.5,442409,0.0,284.0449981689453,281.79199768066405
2026-06-11 10:00:00,282.5,282.5,282.6499938964844,282.3500061035156,282.6000061035156,689678,-0.017691663467833685,283.9599975585937,281.8689978027344
2026-06-11 10:15:00,282.54998779296875,282.54998779296875,282.75,282.3999938964844,282.3999938964844,350703,0.017694793971245737,283.87749633789065,281.94799743652345
2026-06-11 10:30:00,282.04998779296875,282.04998779296875,282.54998779296875,281.6000061035156,282.5,454508,-0.17695983776376822,283.76499633789064,282.0109973144531
2026-06-11 10:45:00,281.95001220703125,281.95001220703125,282.1000061035156,281.6499938964844,282.04998779296875,483288,-0.03544605221216246,283.6524963378906,282.06299743652346
2026-06-11 11:00:00,282.04998779296875,282.04998779296875,282.1499938964844,281.79998779296875,281.95001220703125,262243,0.03545862089344709,283.55499572753905,282.1159973144531
2026-06-11 11:15:00,282.5,282.5,282.54998779296875,282.0,282.1499938964844,208366,0.15955051462777092,283.4824951171875,282.1729974365234
2026-06-11 11:30:00,282.70001220703125,282.70001220703125,282.75,282.3500061035156,282.5,329005,0.07080078124999112,283.37749633789065,282.22499755859377
2026-06-11 11:45:00,282.75,282.75,282.79998779296875,282.45001220703125,282.6499938964844,156954,0.017682274782560015,283.25249633789065,282.27899780273435
2026-06-11 12:00:00,282.3999938964844,282.3999938964844,282.79998779296875,282.25,282.75,392757,-0.12378642034150955,283.12749633789065,282.3309979248047
2026-06-11 12:15:00,281.3500061035156,281.3500061035156,282.3999938964844,281.3500061035156,282.29998779296875,766244,-0.3718087165942463,282.95999603271486,282.362998046875
2026-06-11 12:30:00,282.25,282.25,282.25,281.45001220703125,281.6000061035156,242870,0.31988408635514887,282.8324966430664,282.42699829101565
2026-06-11 12:45:00,282.20001220703125,282.20001220703125,282.3500061035156,282.0,282.25,237837,-0.017710466950837667,282.7224975585938,282.50099853515627
2026-06-11 13:00:00,282.04998779296875,282.04998779296875,282.54998779296875,282.0,282.29998779296875,231246,-0.05316244067078424,282.60999755859376,282.56599853515627
2026-06-11 13:15:00,282.1000061035156,282.1000061035156,282.25,281.95001220703125,282.0,484349,0.017733846024348132,282.50999755859374,282.6299987792969
2026-06-11 13:30:00,282.0,282.0,282.3500061035156,281.95001220703125,282.1000061035156,302694,-0.0354505853781939,282.40249786376955,282.6939990234375
2026-06-11 13:45:00,282.1000061035156,282.1000061035156,282.20001220703125,281.95001220703125,282.0,215631,0.03546315727505078,282.31249847412107,282.7659991455078
2026-06-11 14:00:00,282.1000061035156,282.1000061035156,282.20001220703125,281.95001220703125,282.1499938964844,238011,0.0,282.25249938964845,282.8319995117188
2026-06-11 14:15:00,282.20001220703125,282.20001220703125,282.45001220703125,282.0,282.1000061035156,266624,0.0354505853781939,282.24499969482423,282.9
2026-06-11 14:30:00,282.45001220703125,282.45001220703125,282.6000061035156,282.1000061035156,282.20001220703125,699019,0.08858964889646437,282.24000091552733,282.95300048828125
2026-06-11 14:45:00,282.29998779296875,282.29998779296875,282.5,282.20001220703125,282.45001220703125,609761,-0.053115385936874926,282.22750091552734,283.0060003662109
2026-06-11 15:00:00,282.29998779296875,282.29998779296875,282.29998779296875,281.8999938964844,282.29998779296875,1159336,0.0,282.2175003051758,283.045
2026-06-11 15:15:00,282.6499938964844,282.6499938964844,283.25,282.20001220703125,282.29998779296875,1313559,0.12398374730795414,282.2225006103516,283.09899963378905
2026-06-12 09:15:00,283.6000061035156,283.6000061035156,284.0,283.04998779296875,283.8500061035156,319224,0.3361090491936114,282.3000015258789,283.11699951171875
2026-06-12 09:30:00,283.70001220703125,283.70001220703125,283.8999938964844,283.45001220703125,283.54998779296875,298729,0.03526308228607444,282.3875015258789,283.1469995117188
2026-06-12 09:45:00,283.70001220703125,283.70001220703125,283.8500061035156,283.5,283.70001220703125,349648,0.0,282.47000274658205,283.1809997558594
2026-06-12 10:00:00,283.3999938964844,283.3999938964844,283.70001220703125,283.29998779296875,283.54998779296875,462345,-0.10575195545918792,282.51500244140624,283.18299987792966
2026-06-12 10:15:00,283.5,283.5,283.54998779296875,283.3500061035156,283.3999938964844,200317,0.03528796953755631,282.5550018310547,283.18599975585937
2026-06-12 10:30:00,283.54998779296875,283.54998779296875,283.6000061035156,283.3999938964844,283.5,163936,0.01763237847223209,282.5950012207031,283.18999938964845
2026-06-12 10:45:00,283.6499938964844,283.6499938964844,283.79998779296875,283.45001220703125,283.5,392026,0.035269302705320804,282.6575012207031,283.1979992675781
2026-06-12 11:00:00,283.95001220703125,283.95001220703125,284.1000061035156,283.6000061035156,283.70001220703125,353040,0.10577060356165013,282.7875015258789,283.1889996337891
2026-06-12 11:15:00,284.1000061035156,284.1000061035156,284.1000061035156,283.54998779296875,283.95001220703125,552017,0.05282405002153823,282.8800018310547,283.18699951171874
2026-06-12 11:30:00,284.8999938964844,284.8999938964844,285.1499938964844,284.1000061035156,284.1499938964844,617182,0.2815866863013161,283.01500091552737,283.2009991455078
2026-06-12 11:45:00,284.6000061035156,284.6000061035156,285.1499938964844,284.5,284.8999938964844,381388,-0.10529582288364425,283.1425018310547,283.2069995117188
2026-06-12 12:00:00,284.54998779296875,284.54998779296875,284.79998779296875,284.3500061035156,284.6000061035156,577601,-0.0175749506234002,283.26500091552737,283.2139990234375
2026-06-12 12:15:00,284.3500061035156,284.3500061035156,284.75,284.1000061035156,284.54998779296875,725717,-0.07027998525117596,283.38250122070315,283.2209991455078
2026-06-12 12:30:00,284.20001220703125,284.20001220703125,284.45001220703125,284.1000061035156,284.29998779296875,501180,-0.05274974266389343,283.4875015258789,283.2259991455078
2026-06-12 12:45:00,284.1499938964844,284.1499938964844,284.25,284.1000061035156,284.20001220703125,226962,-0.017599686276736914,283.59000091552736,283.21299926757814
2026-06-12 13:00:00,284.1499938964844,284.1499938964844,284.29998779296875,284.04998779296875,284.1499938964844,219604,0.0,283.6875,283.1909991455078
2026-06-12 13:15:00,284.45001220703125,284.45001220703125,284.70001220703125,284.1499938964844,284.20001220703125,210334,0.10558448600783699,283.7875,283.18199951171874
2026-06-12 13:30:00,284.3999938964844,284.3999938964844,284.6000061035156,284.3500061035156,284.45001220703125,163015,-0.017584218105237692,283.89250030517576,283.17599914550783
2026-06-12 13:45:00,284.5,284.5,284.6000061035156,284.3500061035156,284.3999938964844,179163,0.03516389087969696,284.0025009155273,283.1699993896484
2026-06-12 14:00:00,284.3999938964844,284.3999938964844,284.6000061035156,284.29998779296875,284.45001220703125,250861,-0.035151530233967776,284.09000091552736,283.1699993896484
2026-06-12 14:15:00,284.6000061035156,284.6000061035156,284.6000061035156,284.29998779296875,284.3500061035156,384120,0.07032778175939391,284.14000091552737,283.1759997558594
2026-06-12 14:30:00,284.6499938964844,284.6499938964844,284.75,284.3500061035156,284.6000061035156,529162,0.017564227651689635,284.1875,283.18699951171874
2026-06-12 14:45:00,284.79998779296875,284.79998779296875,284.95001220703125,284.54998779296875,284.6499938964844,487913,0.05269415060620286,284.24249877929685,283.19999938964844
2026-06-12 15:00:00,285.0,285.0,285.45001220703125,284.70001220703125,284.79998779296875,1573217,0.07022900828796974,284.32249908447267,283.22199951171876
2026-06-12 15:15:00,285.45001220703125,285.45001220703125,285.5,284.75,285.1000061035156,1520466,0.15789902001095424,284.41999969482424,283.265
2026-06-15 09:15:00,287.70001220703125,287.70001220703125,288.45001220703125,286.8500061035156,287.5,702600,0.7882290782205814,284.6275009155273,283.3720001220703
2026-06-15 09:30:00,287.95001220703125,287.95001220703125,288.04998779296875,287.3500061035156,287.79998779296875,539063,0.08689606861056465,284.8425018310547,283.48000061035157
2026-06-15 09:45:00,287.70001220703125,287.70001220703125,288.25,287.6000061035156,287.95001220703125,523012,-0.08682062490077413,285.0300018310547,283.5830010986328
2026-06-15 10:00:00,287.20001220703125,287.20001220703125,287.8999938964844,287.1499938964844,287.70001220703125,527562,-0.1737921372211071,285.1850021362305,283.67700134277345
2026-06-15 10:15:00,287.25,287.25,287.54998779296875,287.04998779296875,287.29998779296875,488116,0.017405219653232606,285.30250244140626,283.77100158691405
2026-06-15 10:30:00,287.3500061035156,287.3500061035156,287.5,287.1499938964844,287.25,229678,0.03481500557549477,285.44000244140625,283.877001953125
2026-06-15 10:45:00,287.45001220703125,287.45001220703125,287.6000061035156,287.1499938964844,287.29998779296875,224665,0.03480288894777139,285.5850036621094,283.987001953125
2026-06-15 11:00:00,287.20001220703125,287.20001220703125,287.5,287.1499938964844,287.5,198091,-0.08697164354960485,285.72750396728514,284.0900024414062
2026-06-15 11:15:00,287.5,287.5,287.6000061035156,287.1499938964844,287.20001220703125,207550,0.1044525697138532,285.8925033569336,284.19000244140625
2026-06-15 11:30:00,287.8500061035156,287.8500061035156,287.8999938964844,287.20001220703125,287.54998779296875,186636,0.12174125339674546,286.07750396728517,284.2930023193359
2026-06-15 11:45:00,287.45001220703125,287.45001220703125,288.0,287.45001220703125,287.8500061035156,280154,-0.1389591412204183,286.2425048828125,284.3870025634766
2026-06-15 12:00:00,287.6499938964844,287.6499938964844,288.1000061035156,287.45001220703125,287.5,820249,0.06957094484625337,286.40250396728516,284.49200256347655
2026-06-15 12:15:00,287.5,287.5,287.95001220703125,287.45001220703125,287.70001220703125,379048,-0.05214458531792587,286.55750427246096,284.61500244140626
2026-06-15 12:30:00,287.3500061035156,287.3500061035156,287.54998779296875,287.25,287.5,220052,-0.052171790081523284,286.7000045776367,284.71700256347657
2026-06-15 12:45:00,288.1000061035156,288.1000061035156,288.1000061035156,287.29998779296875,287.29998779296875,708938,0.261005736582387,286.88500518798827,284.83500244140623
2026-06-15 13:00:00,288.20001220703125,288.20001220703125,288.3999938964844,288.0,288.20001220703125,198615,0.03471228788509695,287.06500549316405,284.9580029296875
2026-06-15 13:15:00,288.1000061035156,288.1000061035156,288.25,287.79998779296875,288.25,133379,-0.0347002426369758,287.2375061035156,285.0780029296875
2026-06-15 13:30:00,287.8999938964844,287.8999938964844,288.3999938964844,287.79998779296875,288.1000061035156,437927,-0.0694245757701828,287.3925064086914,285.19600280761716
2026-06-15 13:45:00,288.6000061035156,288.6000061035156,288.6000061035156,287.79998779296875,287.95001220703125,334488,0.24314422433886484,287.5725067138672,285.3260028076172
2026-06-15 14:00:00,288.20001220703125,288.20001220703125,288.79998779296875,288.1000061035156,288.54998779296875,293661,-0.13859802079868588,287.7100067138672,285.4480029296875
2026-06-15 14:15:00,288.25,288.25,288.3500061035156,288.1000061035156,288.20001220703125,178627,0.017344826804799318,287.7375061035156,285.5690026855469
2026-06-15 14:30:00,288.1499938964844,288.1499938964844,288.54998779296875,288.0,288.25,392006,-0.034694224983733424,287.7475051879883,285.6830023193359
2026-06-15 14:45:00,287.8999938964844,287.8999938964844,288.25,287.8999938964844,288.1499938964844,415982,-0.08676036970169942,287.75750427246095,285.79500244140627
2026-06-15 15:00:00,287.6499938964844,287.6499938964844,288.25,287.6000061035156,287.95001220703125,918100,-0.08683570868358581,287.7800033569336,285.9020025634766
2026-06-15 15:15:00,288.20001220703125,288.20001220703125,288.3500061035156,287.6000061035156,287.6000061035156,911397,0.19121095853205095,287.82750396728517,286.0130029296875
2026-06-16 09:15:00,288.29998779296875,288.29998779296875,288.79998779296875,287.70001220703125,288.45001220703125,308904,0.03468965360962084,287.8750030517578,286.10700256347656
2026-06-16 09:30:00,288.70001220703125,288.70001220703125,288.70001220703125,288.25,288.29998779296875,250583,0.1387528376691316,287.9375030517578,286.2070025634766
2026-06-16 09:45:00,288.3500061035156,288.3500061035156,288.70001220703125,288.1499938964844,288.6499938964844,397050,-0.12123522297069478,287.99500274658203,286.30000244140626
2026-06-16 10:00:00,288.8500061035156,288.8500061035156,288.8999938964844,288.3500061035156,288.3999938964844,353139,0.17340037781046203,288.0625030517578,286.40900268554685
2026-06-16 10:15:00,290.20001220703125,290.20001220703125,290.45001220703125,288.75,288.79998779296875,875373,0.4673727107458836,288.1800033569336,286.5430029296875
2026-06-16 10:30:00,290.29998779296875,290.29998779296875,290.75,290.1499938964844,290.25,443291,0.034450579507971923,288.32250213623047,286.6780029296875
2026-06-16 10:45:00,290.5,290.5,290.6499938964844,290.1499938964844,290.3500061035156,302508,0.06889845519866267,288.4650024414062,286.8150030517578
2026-06-16 11:00:00,290.20001220703125,290.20001220703125,290.6000061035156,290.0,290.5,359216,-0.10326602167598509,288.6000030517578,286.9400030517578
2026-06-16 11:15:00,290.29998779296875,290.29998779296875,290.3500061035156,289.70001220703125,290.25,336928,0.034450579507971923,288.7475021362305,287.0640026855469
2026-06-16 11:30:00,291.0,291.0,291.1000061035156,290.25,290.29998779296875,1339994,0.2411340807669804,288.8925018310547,287.1860028076172
2026-06-16 11:45:00,290.70001220703125,290.70001220703125,291.1000061035156,290.6000061035156,291.0,319189,-0.10308858864905845,289.0175018310547,287.3080029296875
2026-06-16 12:00:00,290.5,290.5,290.75,290.3500061035156,290.6499938964844,236303,-0.06880364590037269,289.1375015258789,287.4270031738281
2026-06-16 12:15:00,290.79998779296875,290.79998779296875,290.79998779296875,290.20001220703125,290.5,370614,0.10326602167598509,289.2825012207031,287.5560028076172
2026-06-16 12:30:00,290.75,290.75,290.79998779296875,290.5,290.79998779296875,107497,-0.017189750710833174,289.39000091552737,287.68700256347654
2026-06-16 12:45:00,290.79998779296875,290.79998779296875,290.8500061035156,290.45001220703125,290.75,197700,0.017192706094149024,289.5199996948242,287.82000244140625
2026-06-16 13:00:00,290.8500061035156,290.8500061035156,290.8999938964844,290.6000061035156,290.79998779296875,240239,0.017200245064130648,289.65,287.95400268554687
2026-06-16 13:15:00,290.8500061035156,290.8500061035156,290.95001220703125,290.6000061035156,290.8500061035156,295948,0.0,289.7850006103516,288.0820025634766
2026-06-16 13:30:00,290.70001220703125,290.70001220703125,290.95001220703125,290.6499938964844,290.95001220703125,264618,-0.05157087616872724,289.9250015258789,288.2080029296875
2026-06-16 13:45:00,290.79998779296875,290.79998779296875,290.8999938964844,290.6000061035156,290.79998779296875,298119,0.0343913249877259,290.08250122070314,288.33400268554686
2026-06-16 14:00:00,291.1499938964844,291.1499938964844,291.3500061035156,290.6499938964844,290.70001220703125,451326,0.12035973803574684,290.2300003051758,288.46900268554685
2026-06-16 14:15:00,291.29998779296875,291.29998779296875,291.54998779296875,291.1000061035156,291.20001220703125,726480,0.051517739869066936,290.38000030517577,288.6030023193359
2026-06-16 14:30:00,291.29998779296875,291.29998779296875,291.54998779296875,291.20001220703125,291.25,554657,0.0,290.50999908447267,288.73600219726563
2026-06-16 14:45:00,291.20001220703125,291.20001220703125,291.3999938964844,291.1000061035156,291.29998779296875,572259,-0.034320490946448956,290.6524993896484,288.8640026855469
2026-06-16 15:00:00,291.54998779296875,291.54998779296875,291.54998779296875,291.1000061035156,291.1000061035156,1614724,0.12018391870418643,290.7874984741211,288.99500244140626
2026-06-16 15:15:00,291.95001220703125,291.95001220703125,292.04998779296875,291.29998779296875,291.54998779296875,2776742,0.13720611586736098,290.87499847412107,289.12500244140625
2026-06-17 09:15:00,291.1000061035156,291.1000061035156,291.8999938964844,290.45001220703125,291.8999938964844,339129,-0.29114782256383087,290.9149993896484,289.19300231933596
2026-06-17 09:30:00,292.0,292.0,292.25,291.1499938964844,291.20001220703125,634899,0.309170002615633,290.98999938964846,289.2740020751953
2026-06-17 09:45:00,291.3999938964844,291.3999938964844,291.95001220703125,291.29998779296875,291.8500061035156,302056,-0.20548154229986793,291.0499984741211,289.3480017089844
2026-06-17 10:00:00,291.3500061035156,291.3500061035156,291.6000061035156,291.20001220703125,291.3999938964844,293945,-0.01715435621680861,291.1024993896484,289.4310015869141
2026-06-17 10:15:00,292.04998779296875,292.04998779296875,292.20001220703125,291.29998779296875,291.3500061035156,251119,0.2402545648838572,291.1549987792969,289.5270013427734
2026-06-17 10:30:00,291.5,291.5,292.0,291.3999938964844,292.0,261855,-0.18831974523437767,291.1949981689453,289.6100012207031
2026-06-17 10:45:00,291.1499938964844,291.1499938964844,291.5,291.1000061035156,291.5,305251,-0.1200707044650473,291.22749786376954,289.6840008544922
2026-06-17 11:00:00,291.3999938964844,291.3999938964844,291.3999938964844,291.1499938964844,291.1499938964844,208824,0.08586639369427829,291.2574981689453,289.76800048828125
2026-06-17 11:15:00,291.20001220703125,291.20001220703125,291.54998779296875,291.20001220703125,291.29998779296875,184725,-0.06862789761216126,291.2799987792969,289.84200073242187
2026-06-17 11:30:00,291.20001220703125,291.20001220703125,291.6000061035156,291.1499938964844,291.3500061035156,393038,0.0,291.3,289.9090008544922
2026-06-17 11:45:00,290.5,290.5,291.29998779296875,290.5,291.25,869393,-0.240388797282598,291.2824996948242,289.9700006103516
2026-06-17 12:00:00,290.3500061035156,290.3500061035156,290.45001220703125,290.1499938964844,290.45001220703125,352395,-0.05163301083799254,291.2574996948242,290.0240008544922
2026-06-17 12:15:00,290.5,290.5,290.70001220703125,290.20001220703125,290.29998779296875,348649,0.05165968428837431,291.2474990844727,290.08400085449216
2026-06-17 12:30:00,290.25,290.25,290.5,290.20001220703125,290.5,176688,-0.0860585197934638,291.2199996948242,290.1420007324219
2026-06-17 12:45:00,290.20001220703125,290.20001220703125,290.45001220703125,290.20001220703125,290.20001220703125,268347,-0.017222323158916364,291.17250061035156,290.1840008544922
2026-06-17 13:00:00,290.04998779296875,290.04998779296875,290.45001220703125,290.0,290.29998779296875,465144,-0.05169690136176408,291.11000061035156,290.22100036621094
2026-06-17 13:15:00,290.20001220703125,290.20001220703125,290.3999938964844,290.0,290.1000061035156,175922,0.05172364088137371,291.0550018310547,290.26300048828125
2026-06-17 13:30:00,290.3999938964844,290.3999938964844,290.3999938964844,290.04998779296875,290.20001220703125,158552,0.0689116750658414,291.01500091552737,290.31300048828126
2026-06-17 13:45:00,290.20001220703125,290.20001220703125,290.3999938964844,290.04998779296875,290.3999938964844,176187,-0.06886421957860156,290.94750213623047,290.3450006103516
2026-06-17 14:00:00,290.20001220703125,290.20001220703125,290.3999938964844,290.1499938964844,290.1499938964844,211975,0.0,290.8600021362305,290.38500061035154
2026-06-17 14:15:00,290.1499938964844,290.1499938964844,290.3500061035156,290.1000061035156,290.20001220703125,167238,-0.01723580580389461,290.81250152587893,290.4230004882813
2026-06-17 14:30:00,290.6499938964844,290.6499938964844,290.6499938964844,290.1499938964844,290.25,305440,0.17232466328376272,290.7450012207031,290.47300048828123
2026-06-17 14:45:00,290.95001220703125,290.95001220703125,291.0,290.5,290.54998779296875,277380,0.10322322960505392,290.72250213623045,290.5340008544922
2026-06-17 15:00:00,290.79998779296875,290.79998779296875,291.0,290.6000061035156,290.95001220703125,485479,-0.051563639033547215,290.69500122070315,290.59700073242186
2026-06-17 15:15:00,290.8500061035156,290.8500061035156,290.95001220703125,290.6000061035156,290.8500061035156,627930,0.017200245064130648,290.63500213623047,290.6500006103516
2026-06-18 09:15:00,290.8999938964844,290.8999938964844,291.8500061035156,290.3999938964844,291.3999938964844,259147,0.017186794540058337,290.60500183105466,290.7020007324219
2026-06-18 09:30:00,290.8999938964844,290.8999938964844,291.0,290.6499938964844,290.75,255710,0.0,290.5925018310547,290.7460003662109
2026-06-18 09:45:00,291.0,291.0,291.1000061035156,290.6000061035156,290.8999938964844,176506,0.03437817312268443,290.57250213623047,290.79900024414064
2026-06-18 10:00:00,290.79998779296875,290.79998779296875,291.5,290.79998779296875,290.95001220703125,264450,-0.06873271719286533,290.55250091552733,290.8379998779297
2026-06-18 10:15:00,290.54998779296875,290.54998779296875,291.1499938964844,290.20001220703125,290.8500061035156,325713,-0.08596974226078302,290.5199996948242,290.8449993896484
2026-06-18 10:30:00,290.0,290.0,290.6000061035156,289.70001220703125,290.5,414461,-0.1892919690503092,290.49499969482423,290.83899963378906
2026-06-18 10:45:00,289.75,289.75,290.20001220703125,289.6499938964844,289.95001220703125,176058,-0.08620689655172153,290.4649993896484,290.8239996337891
2026-06-18 11:00:00,289.3999938964844,289.3999938964844,289.79998779296875,289.3500061035156,289.79998779296875,223831,-0.12079589422454573,290.40999908447264,290.8079992675781
2026-06-18 11:15:00,289.04998779296875,289.04998779296875,289.5,289.04998779296875,289.5,190013,-0.12094198717945703,290.3499984741211,290.78299926757813
2026-06-18 11:30:00,288.3999938964844,288.3999938964844,289.04998779296875,288.1000061035156,289.04998779296875,442795,-0.22487248709034402,290.25999755859374,290.73099914550784
2026-06-18 11:45:00,288.6000061035156,288.6000061035156,289.04998779296875,288.1000061035156,288.3999938964844,695809,0.06935236174208104,290.18749847412107,290.6889990234375
2026-06-18 12:00:00,289.29998779296875,289.29998779296875,289.3999938964844,288.5,288.54998779296875,463277,0.24254389280990996,290.14249725341796,290.66499877929687
2026-06-18 12:15:00,289.8999938964844,289.8999938964844,290.1499938964844,289.25,289.3999938964844,539589,0.20739928407635944,290.117497253418,290.64699890136717
2026-06-18 12:30:00,290.1499938964844,290.1499938964844,290.45001220703125,289.8500061035156,289.8500061035156,306652,0.08623663513744884,290.1149963378906,290.6349987792969
2026-06-18 12:45:00,290.0,290.0,290.25,289.6499938964844,290.1499938964844,248309,-0.051695295412579334,290.10499572753906,290.6189990234375
2026-06-18 13:00:00,289.8999938964844,289.8999938964844,290.1499938964844,289.54998779296875,290.04998779296875,233536,-0.03448486328124778,290.0924957275391,290.59999877929687
2026-06-18 13:15:00,290.04998779296875,290.04998779296875,290.04998779296875,289.8999938964844,289.8999938964844,210809,0.051739875695866466,290.06249542236327,290.58399841308596
2026-06-18 13:30:00,290.1000061035156,290.1000061035156,290.29998779296875,289.8999938964844,289.95001220703125,147910,0.01724472079018824,290.0199951171875,290.57199829101563
2026-06-18 13:45:00,290.29998779296875,290.29998779296875,290.3500061035156,290.1000061035156,290.1499938964844,115641,0.06893543097057364,289.9949951171875,290.56199829101564
2026-06-18 14:00:00,290.0,290.0,290.29998779296875,290.0,290.29998779296875,153268,-0.10333717036966616,289.9524948120117,290.53899841308595
2026-06-18 14:15:00,289.54998779296875,289.54998779296875,290.04998779296875,289.5,290.04998779296875,229486,-0.1551766231142282,289.88499450683594,290.5039984130859
2026-06-18 14:30:00,290.25,290.25,290.6499938964844,289.5,289.70001220703125,449035,0.2417586726101817,289.85249481201174,290.4829986572266
2026-06-18 14:45:00,289.8999938964844,289.8999938964844,290.25,289.8500061035156,290.25,403990,-0.12058780482880893,289.79749450683596,290.4569982910156
2026-06-18 15:00:00,291.1000061035156,291.1000061035156,291.45001220703125,289.95001220703125,289.95001220703125,1621750,0.4139400594329601,289.81249542236327,290.44799865722655
2026-06-18 15:15:00,290.8500061035156,290.8500061035156,291.3500061035156,290.70001220703125,291.20001220703125,1469417,-0.08588113870087177,289.82749633789064,290.4259985351562
2026-06-19 09:15:00,289.3500061035156,289.3500061035156,290.29998779296875,288.5,289.79998779296875,546603,-0.5157297467843769,289.7949966430664,290.39099853515626
2026-06-19 09:30:00,289.95001220703125,289.95001220703125,290.1000061035156,289.20001220703125,289.3999938964844,380844,0.20736343212688357,289.804997253418,290.34999877929687
2026-06-19 09:45:00,290.04998779296875,290.04998779296875,290.1499938964844,289.70001220703125,289.95001220703125,165230,0.034480283403515166,289.8374969482422,290.32299865722655
2026-06-19 10:00:00,290.3999938964844,290.3999938964844,290.54998779296875,289.75,290.04998779296875,212306,0.12067095957455365,289.90499725341795,290.30399841308594
2026-06-19 10:15:00,290.0,290.0,290.45001220703125,289.8500061035156,290.45001220703125,171021,-0.13773894796532682,289.98499755859376,290.26299865722655
2026-06-19 10:30:00,290.0,290.0,290.1499938964844,289.8500061035156,290.1000061035156,135447,0.0,290.054997253418,290.2329986572266
2026-06-19 10:45:00,290.1000061035156,290.1000061035156,290.20001220703125,289.75,290.0,156119,0.03448486328125888,290.0949981689453,290.21199890136717
2026-06-19 11:00:00,289.6499938964844,289.6499938964844,290.20001220703125,289.6000061035156,290.1000061035156,248040,-0.15512312911523107,290.08249816894534,290.1769989013672
2026-06-19 11:15:00,289.6000061035156,289.6000061035156,289.75,289.20001220703125,289.6000061035156,424328,-0.017257998971897948,290.05499877929685,290.1449987792969
2026-06-19 11:30:00,289.3999938964844,289.3999938964844,289.6499938964844,289.20001220703125,289.6000061035156,210395,-0.06906498716017229,290.0249984741211,290.10899841308594
2026-06-19 11:45:00,289.5,289.5,289.5,289.29998779296875,289.45001220703125,203912,0.034556359925641544,290.0049987792969,290.08899841308596
2026-06-19 12:00:00,289.45001220703125,289.45001220703125,289.54998779296875,289.25,289.5,184433,-0.01726694057642142,289.975,290.07099853515626
2026-06-19 12:15:00,289.6000061035156,289.6000061035156,289.75,289.1499938964844,289.5,258321,0.051820310989336704,289.95,290.05299865722657
2026-06-19 12:30:00,289.79998779296875,289.79998779296875,289.8500061035156,289.45001220703125,289.6000061035156,498585,0.06905444932263638,289.925,290.04399841308594
2026-06-19 12:45:00,290.1000061035156,290.1000061035156,290.1499938964844,290.0,290.04998779296875,220765,0.10352599143697017,289.9300003051758,290.0419982910156
2026-06-19 13:00:00,289.95001220703125,289.95001220703125,290.1000061035156,289.54998779296875,290.0,329568,-0.05170420314670743,289.9500015258789,290.03999877929687
2026-06-19 13:15:00,289.8500061035156,289.8500061035156,290.0,289.6000061035156,289.8999938964844,378405,-0.034490808520548644,289.9300018310547,290.0329986572266
2026-06-19 13:30:00,289.8999938964844,289.8999938964844,290.0,289.70001220703125,289.95001220703125,394883,0.017246090017630777,289.9300018310547,290.02299865722654
2026-06-19 13:45:00,289.8500061035156,289.8500061035156,290.0,289.6499938964844,289.8999938964844,402453,-0.0172431162542952,289.8675018310547,290.01599853515626
2026-06-19 14:00:00,289.75,289.75,290.0,289.6499938964844,289.75,462162,-0.03450270878376793,289.81250152587893,290.00699829101563
2026-06-19 14:15:00,289.54998779296875,289.54998779296875,289.8999938964844,289.54998779296875,289.8999938964844,211801,-0.06902923452329901,289.82250061035154,289.9949981689453
2026-06-19 14:30:00,289.8999938964844,289.8999938964844,290.0,289.5,289.70001220703125,219259,0.12087933630509085,289.8199996948242,289.9799981689453
2026-06-19 14:45:00,289.3500061035156,289.3500061035156,289.8999938964844,289.25,289.79998779296875,300084,-0.18971638652919287,289.7850006103516,289.947998046875
2026-06-19 15:00:00,293.3500061035156,293.3500061035156,293.54998779296875,289.29998779296875,289.3500061035156,3843329,1.3824088182562422,289.9325012207031,289.9989984130859
2026-06-19 15:15:00,293.75,293.75,294.3500061035156,292.70001220703125,293.25,2403457,0.13635380540719666,290.1200012207031,290.05699829101565
2026-06-22 09:15:00,292.3999938964844,292.3999938964844,293.95001220703125,292.25,293.20001220703125,391036,-0.45957654587766017,290.24000091552733,290.0869982910156
2026-06-22 09:30:00,292.8999938964844,292.8999938964844,292.95001220703125,292.3500061035156,292.3999938964844,411421,0.1709986355803439,290.38000030517577,290.12699829101564
2026-06-22 09:45:00,292.3999938964844,292.3999938964844,292.8999938964844,292.20001220703125,292.8999938964844,392293,-0.17070672940222575,290.51750030517576,290.1549981689453
2026-06-22 10:00:00,292.3999938964844,292.3999938964844,292.45001220703125,292.1000061035156,292.29998779296875,222047,0.0,290.6574996948242,290.18699829101564
2026-06-22 10:15:00,291.6000061035156,291.6000061035156,292.3999938964844,291.54998779296875,292.29998779296875,370269,-0.2735936421571772,290.76750030517576,290.20799865722654
2026-06-22 10:30:00,291.8999938964844,291.8999938964844,292.0,291.5,291.6000061035156,250965,0.10287647005817746,290.8875,290.2459985351563
2026-06-22 10:45:00,291.79998779296875,291.79998779296875,292.0,291.70001220703125,291.8999938964844,187740,-0.034260399317131984,291.0049987792969,290.2869982910156
2026-06-22 11:00:00,291.5,291.5,291.95001220703125,291.3999938964844,291.8999938964844,221596,-0.10280596487947102,291.0999984741211,290.3289984130859
2026-06-22 11:15:00,292.0,292.0,292.1499938964844,291.3500061035156,291.5,442565,0.17152658662091813,291.20999908447266,290.38799865722655
2026-06-22 11:30:00,291.75,291.75,292.1000061035156,291.6499938964844,292.04998779296875,174980,-0.08561643835616195,291.29249877929686,290.4549987792969
2026-06-22 11:45:00,291.6000061035156,291.6000061035156,291.8500061035156,291.54998779296875,291.79998779296875,154023,-0.051411789711863776,291.37499847412107,290.5149987792969
2026-06-22 12:00:00,291.29998779296875,291.29998779296875,291.75,291.29998779296875,291.6000061035156,264167,-0.10288693561973927,291.44749755859374,290.55499877929685
2026-06-22 12:15:00,291.25,291.25,291.5,291.04998779296875,291.29998779296875,167833,-0.017160245473224478,291.5149978637695,290.5819989013672
2026-06-22 12:30:00,291.1000061035156,291.1000061035156,291.25,291.0,291.1000061035156,246495,-0.05150005029506133,291.5774978637695,290.6009991455078
2026-06-22 12:45:00,291.1499938964844,291.1499938964844,291.25,291.0,291.0,161812,0.017172034325207974,291.6474975585937,290.6239990234375
2026-06-22 13:00:00,290.29998779296875,290.29998779296875,291.1499938964844,290.1499938964844,291.0,365591,-0.291947834908024,291.68499755859375,290.6319989013672
2026-06-22 13:15:00,290.6000061035156,290.6000061035156,290.6000061035156,290.20001220703125,290.29998779296875,298606,0.1033476827979829,291.7199981689453,290.64299926757815
2026-06-22 13:30:00,290.3999938964844,290.3999938964844,290.6499938964844,290.04998779296875,290.45001220703125,649886,-0.0688273237544279,291.7724975585937,290.6489990234375
2026-06-22 13:45:00,290.6499938964844,290.6499938964844,291.04998779296875,290.29998779296875,290.3500061035156,655203,0.08608815607933362,291.6374969482422,290.6559991455078
2026-06-22 14:00:00,291.1000061035156,291.1000061035156,291.1000061035156,290.5,290.6499938964844,478376,0.15482959452306488,291.50499725341797,290.6779992675781
2026-06-22 14:15:00,290.8500061035156,290.8500061035156,291.1000061035156,290.6499938964844,290.8999938964844,347457,-0.08588113870087177,291.42749786376953,290.70399963378907
2026-06-22 14:30:00,290.6499938964844,290.6499938964844,290.8999938964844,290.5,290.70001220703125,291206,-0.06876816325733781,291.3149978637695,290.7119995117188
2026-06-22 14:45:00,291.0,291.0,291.1000061035156,290.54998779296875,290.70001220703125,485947,0.12042185132137284,291.2449981689453,290.73399963378904
2026-06-22 15:00:00,291.20001220703125,291.20001220703125,292.0,290.70001220703125,290.8999938964844,1215628,0.06873271719287644,291.1849990844727,290.7359997558594
2026-06-22 15:15:00,290.70001220703125,290.70001220703125,291.20001220703125,290.3500061035156,291.1499938964844,739101,-0.1717032895055426,291.13999938964844,290.7329998779297
2026-06-23 09:15:00,290.6499938964844,290.6499938964844,291.20001220703125,289.8999938964844,291.1499938964844,214896,-0.017206160456317843,291.07749938964844,290.7589996337891
2026-06-23 09:30:00,291.45001220703125,291.45001220703125,291.79998779296875,290.6000061035156,290.6499938964844,570326,0.2752514458444377,291.06000061035155,290.78899963378905
2026-06-23 09:45:00,292.3500061035156,292.3500061035156,292.45001220703125,291.45001220703125,291.45001220703125,573152,0.30879871634559297,291.10250091552734,290.835
2026-06-23 10:00:00,292.70001220703125,292.70001220703125,293.1499938964844,292.25,292.29998779296875,529503,0.11972159952400308,291.1375015258789,290.8810003662109
2026-06-23 10:15:00,292.0,292.0,292.8500061035156,291.8500061035156,292.75,464878,-0.23915687660993612,291.1500015258789,290.92100036621093
2026-06-23 10:30:00,291.5,291.5,292.04998779296875,291.45001220703125,292.0,352467,-0.1712328767123239,291.14500122070314,290.95100036621096
2026-06-23 10:45:00,291.5,291.5,291.75,291.3500061035156,291.6499938964844,150139,0.0,291.1550018310547,290.97900024414065
2026-06-23 11:00:00,291.54998779296875,291.54998779296875,291.79998779296875,291.25,291.3999938964844,231161,0.017148471001293686,291.1700012207031,291.0170001220703
2026-06-23 11:15:00,291.54998779296875,291.54998779296875,292.0,291.3999938964844,291.45001220703125,198278,0.0,291.19250030517577,291.0559997558594
2026-06-23 11:30:00,291.70001220703125,291.70001220703125,291.8500061035156,291.3500061035156,291.54998779296875,185378,0.05145752712876206,291.2200012207031,291.1020001220703
2026-06-23 11:45:00,290.75,290.75,291.75,290.6499938964844,291.75,331835,-0.3256812366387529,291.2425018310547,291.1270001220703
2026-06-23 12:00:00,290.70001220703125,290.70001220703125,290.95001220703125,290.6000061035156,290.75,310122,-0.017192706094149024,291.2475021362305,291.1520001220703
2026-06-23 12:15:00,290.54998779296875,290.54998779296875,290.8500061035156,290.25,290.79998779296875,399016,-0.051607983406498636,291.2550018310547,291.1709997558594
2026-06-23 12:30:00,290.6499938964844,290.6499938964844,290.75,290.3500061035156,290.54998779296875,200872,0.03441958620451491,291.2550018310547,291.1879998779297
2026-06-23 12:45:00,290.1499938964844,290.1499938964844,290.70001220703125,290.0,290.70001220703125,278454,-0.1720282162393838,291.20750122070314,291.1889996337891
2026-06-23 13:00:00,290.1499938964844,290.1499938964844,290.25,289.75,290.25,373775,0.0,291.17250061035156,291.1929992675781
2026-06-23 13:15:00,289.8999938964844,289.8999938964844,290.1499938964844,289.8500061035156,290.1499938964844,108909,-0.08616233164188136,291.13500061035154,291.1939990234375
2026-06-23 13:30:00,289.8999938964844,289.8999938964844,289.95001220703125,289.75,289.8500061035156,142529,0.0,291.08000030517576,291.1939990234375
2026-06-23 13:45:00,289.8500061035156,289.8500061035156,290.25,289.79998779296875,289.8500061035156,275094,-0.0172431162542952,291.0125,291.1939990234375
2026-06-23 14:00:00,290.29998779296875,290.29998779296875,290.6000061035156,289.79998779296875,289.8500061035156,180306,0.15524639640422944,290.99249877929685,291.2049987792969
2026-06-23 14:15:00,290.5,290.5,290.70001220703125,290.25,290.25,216041,0.06889845519866267,290.98499908447263,291.2239990234375
2026-06-23 14:30:00,290.8500061035156,290.8500061035156,290.95001220703125,290.25,290.5,271036,0.12048402874893505,290.9549987792969,291.2429992675781
2026-06-23 14:45:00,290.6000061035156,290.6000061035156,290.95001220703125,290.25,290.8500061035156,541166,-0.08595495779739615,290.86749877929685,291.26799926757815
2026-06-23 15:00:00,290.1000061035156,290.1000061035156,290.6499938964844,289.75,290.6499938964844,850705,-0.17205780781088809,290.7374984741211,291.20299926757815
2026-06-23 15:15:00,290.0,290.0,290.1499938964844,289.70001220703125,290.1000061035156,948214,-0.034472975322841215,290.6374984741211,291.1279992675781
2026-06-24 09:15:00,290.3500061035156,290.3500061035156,291.1499938964844,289.6499938964844,289.8500061035156,348224,0.12069175983298042,290.5799987792969,291.0869995117188
2026-06-24 09:30:00,290.3500061035156,290.3500061035156,290.6499938964844,290.04998779296875,290.3500061035156,245305,0.0,290.52249908447266,291.0359997558594
2026-06-24 09:45:00,289.6499938964844,289.6499938964844,290.3500061035156,289.6499938964844,290.25,264862,-0.24109254083558573,290.42749938964846,290.9809997558594
2026-06-24 10:00:00,290.79998779296875,290.79998779296875,291.20001220703125,289.6000061035156,289.79998779296875,696049,0.39702880052376877,290.38999938964844,290.9489996337891
2026-06-24 10:15:00,291.0,291.0,291.25,290.70001220703125,290.79998779296875,295491,0.06877999154994985,290.35499877929686,290.93699951171874
2026-06-24 10:30:00,290.45001220703125,290.45001220703125,291.25,290.25,291.1499938964844,216749,-0.18899924157002035,290.3399993896484,290.9079998779297
2026-06-24 10:45:00,290.8999938964844,290.8999938964844,291.0,290.3999938964844,290.45001220703125,162262,0.15492569135524548,290.3499984741211,290.89
2026-06-24 11:00:00,290.79998779296875,290.79998779296875,290.8999938964844,290.1499938964844,290.8999938964844,211316,-0.03437817312268443,290.3624984741211,290.87599975585937
2026-06-24 11:15:00,290.6499938964844,290.6499938964844,290.79998779296875,290.54998779296875,290.70001220703125,103540,-0.0515797464858081,290.3624984741211,290.84899963378905
2026-06-24 11:30:00,291.25,291.25,291.3500061035156,290.5,290.70001220703125,203488,0.20643595944107584,290.41749877929686,290.83899963378906
2026-06-24 11:45:00,290.45001220703125,290.45001220703125,291.3500061035156,290.25,291.25,250416,-0.2746739203326132,290.43249969482423,290.81599975585937
2026-06-24 12:00:00,290.29998779296875,290.29998779296875,290.54998779296875,290.20001220703125,290.45001220703125,125361,-0.051652404116808714,290.45249938964844,290.7959997558594
2026-06-24 12:15:00,290.20001220703125,290.20001220703125,290.3500061035156,289.6000061035156,290.29998779296875,212513,-0.0344387151710146,290.4675003051758,290.775
2026-06-24 12:30:00,290.29998779296875,290.29998779296875,290.29998779296875,289.95001220703125,290.20001220703125,116445,0.034450579507971923,290.48999938964846,290.7589996337891
2026-06-24 12:45:00,290.3500061035156,290.3500061035156,290.3999938964844,290.0,290.20001220703125,121002,0.017229870013824033,290.4925003051758,290.74299987792966
2026-06-24 13:00:00,290.20001220703125,290.20001220703125,290.3999938964844,290.04998779296875,290.3500061035156,110941,-0.05165968428838541,290.47750091552734,290.7410003662109
2026-06-24 13:15:00,290.20001220703125,290.20001220703125,290.29998779296875,289.95001220703125,290.20001220703125,169019,0.0,290.44500122070315,290.7330004882813
2026-06-24 13:30:00,290.6499938964844,290.6499938964844,291.1000061035156,290.04998779296875,290.20001220703125,189964,0.1550591559355663,290.44750061035154,290.7380004882813
2026-06-24 13:45:00,290.3500061035156,290.3500061035156,290.79998779296875,290.3500061035156,290.6000061035156,112297,-0.10321272983601082,290.4600006103516,290.73200073242185
2026-06-24 14:00:00,290.3500061035156,290.3500061035156,290.6000061035156,290.04998779296875,290.3999938964844,165562,0.0,290.47750091552734,290.71700073242187
2026-06-24 14:15:00,290.3999938964844,290.3999938964844,290.6499938964844,290.1000061035156,290.25,184256,0.017216391223673355,290.4800003051758,290.70800048828124
2026-06-24 14:30:00,290.45001220703125,290.45001220703125,290.6499938964844,290.1499938964844,290.3999938964844,173157,0.017223936500743164,290.48500061035156,290.70400085449216
2026-06-24 14:45:00,290.75,290.75,290.79998779296875,290.29998779296875,290.45001220703125,160661,0.10328379423683032,290.54000091552734,290.69900085449217
2026-06-24 15:00:00,290.1000061035156,290.1000061035156,290.79998779296875,290.0,290.70001220703125,442480,-0.22355766001181943,290.5050018310547,290.6770007324219
2026-06-24 15:15:00,290.20001220703125,290.20001220703125,290.5,290.0,290.1499938964844,551482,0.034472975322841215,290.4650024414062,290.66700073242185
2026-06-25 09:15:00,289.6000061035156,289.6000061035156,291.04998779296875,289.20001220703125,291.0,243671,-0.20675605729733038,290.4225021362305,290.6460009765625
2026-06-25 09:30:00,289.8999938964844,289.8999938964844,289.95001220703125,289.3999938964844,289.6000061035156,257091,0.10358694290273363,290.3725021362305,290.61500061035156
2026-06-25 09:45:00,291.20001220703125,291.20001220703125,291.25,289.8500061035156,289.8999938964844,401140,0.44843681887454245,290.3925033569336,290.59200073242187
2026-06-25 10:00:00,291.04998779296875,291.04998779296875,291.6000061035156,290.8500061035156,291.1000061035156,376288,-0.051519370801345055,290.4125030517578,290.55900024414063
2026-06-25 10:15:00,291.1000061035156,291.1000061035156,291.20001220703125,290.79998779296875,291.1000061035156,245017,0.017185470759217836,290.4050033569336,290.54100036621094
2026-06-25 10:30:00,291.04998779296875,291.04998779296875,291.3500061035156,290.8500061035156,291.04998779296875,284936,-0.017182517862635027,290.4350021362305,290.5320001220703
2026-06-25 10:45:00,291.6000061035156,291.6000061035156,291.6499938964844,290.8999938964844,291.1499938964844,375742,0.18897726631692535,290.5000030517578,290.5340002441406
2026-06-25 11:00:00,291.1499938964844,291.1499938964844,291.6000061035156,291.04998779296875,291.5,292773,-0.154325170648828,290.5475021362305,290.52600036621095
2026-06-25 11:15:00,291.8500061035156,291.8500061035156,292.25,291.1000061035156,291.1000061035156,533124,0.24043009503895707,290.6250030517578,290.53200073242186
2026-06-25 11:30:00,291.5,291.5,291.95001220703125,291.25,291.79998779296875,244799,-0.11992670762236424,290.68250274658203,290.52800048828124
2026-06-25 11:45:00,291.20001220703125,291.20001220703125,291.54998779296875,290.8500061035156,291.5,298999,-0.10291176431175275,290.73250274658204,290.53700073242186
2026-06-25 12:00:00,291.20001220703125,291.20001220703125,291.45001220703125,291.0,291.29998779296875,262391,0.0,290.78250274658205,290.54700073242185
2026-06-25 12:15:00,291.1499938964844,291.1499938964844,291.3999938964844,291.04998779296875,291.1499938964844,201297,-0.017176616912817355,290.80750274658203,290.5590008544922
2026-06-25 12:30:00,290.25,290.25,291.25,290.25,291.04998779296875,295953,-0.3091169209518685,290.80250244140626,290.5510009765625
2026-06-25 12:45:00,290.25,290.25,290.54998779296875,290.1000061035156,290.25,191347,0.0,290.7975021362305,290.5530010986328
2026-06-25 13:00:00,290.6000061035156,290.6000061035156,290.6499938964844,290.1000061035156,290.29998779296875,237024,0.12058780482882003,290.80750274658203,290.56200134277344
2026-06-25 13:15:00,290.6000061035156,290.6000061035156,290.79998779296875,290.29998779296875,290.6000061035156,255979,0.0,290.81500244140625,290.57600158691406
2026-06-25 13:30:00,291.29998779296875,291.29998779296875,291.45001220703125,290.3999938964844,290.6000061035156,419353,0.24087462999011766,290.8425018310547,290.60400146484375
2026-06-25 13:45:00,291.1499938964844,291.1499938964844,291.70001220703125,291.04998779296875,291.45001220703125,481461,-0.051491212760013116,290.89500122070314,290.63000122070315
2026-06-25 14:00:00,291.29998779296875,291.29998779296875,291.45001220703125,291.0,291.1000061035156,501874,0.051517739869066936,290.95,290.65000122070313
2026-06-25 14:15:00,290.3500061035156,290.3500061035156,291.3500061035156,290.20001220703125,291.3500061035156,389210,-0.32611799837365396,290.9875,290.6470013427734
2026-06-25 14:30:00,290.1000061035156,290.1000061035156,290.70001220703125,290.04998779296875,290.3500061035156,815038,-0.08610297735308636,290.99750061035155,290.63200134277344
2026-06-25 14:45:00,290.5,290.5,290.75,290.1000061035156,290.1000061035156,736332,0.13788138161625607,290.9625,290.63000122070315
2026-06-25 15:00:00,289.75,289.75,290.54998779296875,289.6499938964844,290.54998779296875,1645747,-0.2581755593803803,290.8975006103516,290.6230010986328
2026-06-25 15:15:00,290.0,290.0,290.1499938964844,289.6000061035156,289.75,915635,0.08628127696290733,290.8425003051758,290.6230010986328
2026-06-29 09:15:00,290.3999938964844,290.3999938964844,290.75,289.45001220703125,290.45001220703125,307231,0.1379289298222064,290.81000061035155,290.6240008544922
2026-06-29 09:30:00,291.79998779296875,291.79998779296875,291.8999938964844,290.29998779296875,290.29998779296875,451227,0.4820915722826724,290.8199996948242,290.65300048828124
2026-06-29 09:45:00,290.70001220703125,290.70001220703125,291.8999938964844,290.6000061035156,291.70001220703125,315728,-0.3769621768174747,290.79750061035156,290.6740008544922
2026-06-29 10:00:00,290.8999938964844,290.8999938964844,291.0,290.3500061035156,290.70001220703125,591095,0.0687931479379067,290.75,290.6760009765625
2026-06-29 10:15:00,290.8999938964844,290.8999938964844,291.29998779296875,290.70001220703125,290.8999938964844,219642,0.0,290.7199996948242,290.6740008544922
2026-06-29 10:30:00,290.8999938964844,290.8999938964844,291.04998779296875,290.54998779296875,291.0,158964,0.0,290.7049987792969,290.68300048828127
2026-06-29 10:45:00,291.54998779296875,291.54998779296875,291.54998779296875,290.8500061035156,291.0,451389,0.2234423891791737,290.7224975585938,290.6960003662109
2026-06-29 11:00:00,291.6000061035156,291.6000061035156,291.8999938964844,291.0,291.54998779296875,396214,0.017155998161921815,290.7449981689453,290.71200073242187
2026-06-29 11:15:00,291.0,291.0,291.70001220703125,290.8999938964844,291.45001220703125,279636,-0.20576340567792784,290.7824981689453,290.7190008544922
2026-06-29 11:30:00,291.25,291.25,291.3999938964844,290.75,290.95001220703125,178471,0.0859106529209619,290.83249816894534,290.7190008544922
2026-06-29 11:45:00,290.8999938964844,290.8999938964844,291.45001220703125,290.70001220703125,291.25,483220,-0.12017376944742919,290.8474975585938,290.7280004882812
2026-06-29 12:00:00,290.20001220703125,290.20001220703125,291.0,290.20001220703125,290.79998779296875,182380,-0.24062623036774644,290.8274978637695,290.7260009765625
2026-06-29 12:15:00,290.25,290.25,290.6499938964844,289.8500061035156,290.20001220703125,258906,0.017225289753985962,290.7749984741211,290.72700073242186
2026-06-29 12:30:00,290.1000061035156,290.1000061035156,290.3999938964844,289.6499938964844,290.3999938964844,125837,-0.05167748371555092,290.72249908447264,290.72300109863284
2026-06-29 12:45:00,290.25,290.25,290.3500061035156,290.1000061035156,290.25,115313,0.05170420314670743,290.66999969482424,290.7210009765625
2026-06-29 13:00:00,290.1000061035156,290.1000061035156,290.25,290.04998779296875,290.25,102328,-0.05167748371555092,290.6574996948242,290.7190008544922
2026-06-29 13:15:00,290.20001220703125,290.20001220703125,290.25,289.95001220703125,290.1000061035156,163802,0.034472975322841215,290.6625,290.7190008544922
2026-06-29 13:30:00,290.25,290.25,290.3500061035156,290.0,290.20001220703125,135052,0.017225289753985962,290.65,290.7110009765625
2026-06-29 13:45:00,290.0,290.0,290.25,289.95001220703125,290.1499938964844,126723,-0.08613264427217437,290.6625,290.70400085449216
2026-06-29 14:00:00,290.1000061035156,290.1000061035156,290.1499938964844,289.8500061035156,290.1000061035156,194982,0.03448486328125888,290.6675003051758,290.69900085449217
2026-06-29 14:15:00,289.8500061035156,289.8500061035156,290.20001220703125,289.79998779296875,290.1000061035156,189054,-0.08617717846954864,290.64000091552737,290.6880010986328
2026-06-29 14:30:00,290.04998779296875,290.04998779296875,290.20001220703125,289.75,289.95001220703125,193142,0.06899488881904059,290.55250091552733,290.68000061035156
2026-06-29 14:45:00,289.95001220703125,289.95001220703125,290.20001220703125,289.8500061035156,290.1000061035156,217432,-0.03446839860198336,290.51500091552737,290.6640008544922
2026-06-29 15:00:00,290.6499938964844,290.6499938964844,290.8999938964844,289.95001220703125,289.95001220703125,1861104,0.24141460940974024,290.5025009155273,290.67500061035156
2026-06-29 15:15:00,291.1499938964844,291.1499938964844,291.29998779296875,290.3999938964844,290.6499938964844,1965851,0.1720282162393838,290.51500091552737,290.6940002441406
2026-06-30 09:15:00,289.95001220703125,289.95001220703125,291.5,289.6499938964844,291.5,384201,-0.41215240068999126,290.4675018310547,290.70100036621096
2026-06-30 09:30:00,289.20001220703125,289.20001220703125,290.0,289.04998779296875,289.8500061035156,470131,-0.2586652762285424,290.3500030517578,290.6870007324219
2026-06-30 09:45:00,289.1000061035156,289.1000061035156,289.29998779296875,288.70001220703125,289.20001220703125,325913,-0.034580255634297785,290.2250030517578,290.6450006103516
2026-06-30 10:00:00,289.0,289.0,289.3500061035156,288.79998779296875,289.1000061035156,283183,-0.03459221771161536,290.1250030517578,290.6040008544922
2026-06-30 10:15:00,288.0,288.0,289.0,287.8500061035156,289.0,819210,-0.34602076124568004,289.96250305175784,290.54200073242185
2026-06-30 10:30:00,286.95001220703125,286.95001220703125,288.0,286.3999938964844,287.95001220703125,471629,-0.36457909478081474,289.76500396728517,290.46000122070313
2026-06-30 10:45:00,287.8500061035156,287.8500061035156,288.04998779296875,286.3999938964844,286.95001220703125,1024714,0.31364135152398553,289.6475036621094,290.38500122070315
2026-06-30 11:00:00,288.70001220703125,288.70001220703125,289.0,287.70001220703125,287.8500061035156,889283,0.29529480128269725,289.57000427246095,290.33600158691405
2026-06-30 11:15:00,289.3999938964844,289.3999938964844,289.5,288.25,288.70001220703125,673518,0.24245987525319812,289.5350036621094,290.28700134277346
2026-06-30 11:30:00,287.79998779296875,287.79998779296875,289.6000061035156,287.70001220703125,289.45001220703125,1218713,-0.5528701234485678,289.4125030517578,290.2130010986328
2026-06-30 11:45:00,288.29998779296875,288.29998779296875,288.70001220703125,287.6499938964844,287.8999938964844,1050416,0.173731765534213,289.32250213623047,290.1550006103516
2026-06-30 12:00:00,287.79998779296875,287.79998779296875,288.5,287.70001220703125,288.29998779296875,513394,-0.17343046173108334,289.20250091552737,290.0870001220703
2026-06-30 12:15:00,287.20001220703125,287.20001220703125,287.8500061035156,287.0,287.8500061035156,358315,-0.20846963564470355,289.0500015258789,290.00800048828125
2026-06-30 12:30:00,287.54998779296875,287.54998779296875,287.8500061035156,287.0,287.20001220703125,348796,0.1218577893670858,288.92750091552733,289.9540002441406
2026-06-30 12:45:00,287.04998779296875,287.04998779296875,287.79998779296875,286.6000061035156,287.3999938964844,934266,-0.1738828103724277,288.775,289.89
2026-06-30 13:00:00,286.5,286.5,287.04998779296875,286.3999938964844,287.04998779296875,404355,-0.1916000056984557,288.60749969482424,289.80799987792966
2026-06-30 13:15:00,286.5,286.5,286.70001220703125,286.25,286.6000061035156,349549,0.0,288.4300003051758,289.7259997558594
2026-06-30 13:30:00,286.95001220703125,286.95001220703125,287.1499938964844,286.3500061035156,286.3999938964844,310846,0.1570723235711169,288.2800003051758,289.6390002441406
2026-06-30 13:45:00,286.45001220703125,286.45001220703125,287.0,286.45001220703125,286.95001220703125,202136,-0.17424637697497358,288.07000122070315,289.54500061035156
2026-06-30 14:00:00,286.1000061035156,286.1000061035156,286.6499938964844,286.0,286.54998779296875,590598,-0.12218749820218644,287.8175018310547,289.4410009765625
2026-06-30 14:15:00,286.0,286.0,286.5,285.6000061035156,286.04998779296875,1086386,-0.03495494630624263,287.6200012207031,289.3540008544922
2026-06-30 14:30:00,286.04998779296875,286.04998779296875,286.3500061035156,285.54998779296875,286.1000061035156,778688,0.01747824928977071,287.4625,289.27300048828124
2026-06-30 14:45:00,286.25,286.25,286.75,285.95001220703125,286.1000061035156,932809,0.06992211696090767,287.3199996948242,289.18800048828126
2026-06-30 15:00:00,287.1000061035156,287.1000061035156,287.25,286.04998779296875,286.29998779296875,1602436,0.29694536367357305,287.225,289.13500061035154
2026-06-30 15:15:00,286.95001220703125,286.95001220703125,287.54998779296875,286.95001220703125,287.1000061035156,1686420,-0.05224447694031076,287.17250061035156,289.07400085449217
2026-07-01 09:15:00,288.0,288.0,288.25,287.1000061035156,287.79998779296875,286325,0.36591313758551625,287.225,289.0260009765625
2026-07-01 09:30:00,288.6499938964844,288.6499938964844,288.8500061035156,287.79998779296875,288.1499938964844,267386,0.22569232516818083,287.26499938964844,288.9630010986328
2026-07-01 09:45:00,289.29998779296875,289.29998779296875,289.3500061035156,288.70001220703125,288.79998779296875,348087,0.2251841019326184,287.2949981689453,288.93500061035155
2026-07-01 10:00:00,289.70001220703125,289.70001220703125,289.8500061035156,288.75,289.25,440441,0.1382732218947691,287.3099990844727,288.9110009765625
2026-07-01 10:15:00,289.3999938964844,289.3999938964844,289.79998779296875,289.25,289.75,177663,-0.10356171829654093,287.38999938964844,288.8810009765625
2026-07-01 10:30:00,288.8500061035156,288.8500061035156,289.3999938964844,288.70001220703125,289.29998779296875,196745,-0.19004416191019669,287.4175003051758,288.84000122070313
2026-07-01 10:45:00,289.3500061035156,289.3500061035156,289.3500061035156,288.6000061035156,288.8999938964844,189158,0.17310022137262404,287.4950012207031,288.7960015869141
2026-07-01 11:00:00,289.95001220703125,289.95001220703125,290.0,289.25,289.29998779296875,183737,0.20736343212688357,287.63250122070315,288.76300170898435
2026-07-01 11:15:00,289.8999938964844,289.8999938964844,290.25,289.6000061035156,289.8500061035156,449504,-0.01725066681879106,287.75000152587893,288.7410015869141
2026-07-01 11:30:00,290.1000061035156,290.1000061035156,290.25,289.75,289.8999938964844,143099,0.06899351888316474,287.9025024414062,288.7180017089844
2026-07-01 11:45:00,290.04998779296875,290.04998779296875,290.20001220703125,289.8500061035156,290.1000061035156,151304,-0.017241747498975002,288.0800018310547,288.70100158691406
2026-07-01 12:00:00,290.04998779296875,290.04998779296875,290.1000061035156,290.0,290.04998779296875,94267,0.0,288.25750122070315,288.6980010986328
2026-07-01 12:15:00,290.20001220703125,290.20001220703125,290.29998779296875,290.0,290.04998779296875,197296,0.05172364088137371,288.4200012207031,288.69700134277343
2026-07-01 12:30:00,290.0,290.0,290.29998779296875,289.8500061035156,290.29998779296875,203696,-0.06892219111575004,288.5975006103516,288.69500122070315
2026-07-01 12:45:00,290.1499938964844,290.1499938964844,290.20001220703125,289.54998779296875,290.0,307298,0.05172203327048486,288.8,288.6930010986328
2026-07-01 13:00:00,290.29998779296875,290.29998779296875,290.5,290.0,290.1499938964844,337617,0.051695295412579334,289.01499938964844,288.6970007324219
2026-07-01 13:15:00,290.0,290.0,290.29998779296875,290.0,290.25,180417,-0.10333717036966616,289.2125,288.69300048828126
2026-07-01 13:30:00,290.79998779296875,290.79998779296875,291.0,290.0,290.1499938964844,206663,0.2758578596443906,289.43999938964845,288.7040002441406
2026-07-01 13:45:00,290.3500061035156,290.3500061035156,290.8500061035156,290.3500061035156,290.6499938964844,105528,-0.1547392394574243,289.6024993896484,288.71100036621095
2026-07-01 14:00:00,290.6000061035156,290.6000061035156,290.70001220703125,290.45001220703125,290.5,140414,0.08610297735309747,289.78499908447264,288.72100036621094
2026-07-01 14:15:00,290.3500061035156,290.3500061035156,290.79998779296875,290.29998779296875,290.6000061035156,177988,-0.08602890390544404,289.9024993896484,288.73100036621094
2026-07-01 14:30:00,290.1499938964844,290.1499938964844,290.45001220703125,290.0,290.29998779296875,184488,-0.06888658612941301,289.9774993896484,288.7330004882813
2026-07-01 14:45:00,290.3999938964844,290.3999938964844,290.8500061035156,290.1499938964844,290.1499938964844,355573,0.08616233164189246,290.0324996948242,288.7420001220703
2026-07-01 15:00:00,290.5,290.5,290.6499938964844,290.20001220703125,290.6499938964844,329159,0.03443736419335153,290.07249908447267,288.73900024414064
2026-07-01 15:15:00,290.04998779296875,290.04998779296875,290.54998779296875,290.0,290.5,644749,-0.1549095377043841,290.10499877929686,288.7170001220703
2026-07-02 09:15:00,290.6499938964844,290.6499938964844,291.0,290.04998779296875,290.8500061035156,228521,0.20686299905789962,290.1949981689453,288.7309997558594
2026-07-02 09:30:00,290.3500061035156,290.3500061035156,290.79998779296875,289.8999938964844,290.75,310343,-0.10321272983601082,290.2449981689453,288.7539996337891
2026-07-02 09:45:00,289.3999938964844,289.3999938964844,290.3999938964844,289.3999938964844,290.3500061035156,353289,-0.3271955181886721,290.21749725341795,288.75999938964844
2026-07-02 10:00:00,289.04998779296875,289.04998779296875,289.54998779296875,288.8999938964844,289.5,394507,-0.12094198717945703,290.1749969482422,288.7609991455078
2026-07-02 10:15:00,288.8500061035156,288.8500061035156,289.1499938964844,288.6000061035156,289.04998779296875,205218,-0.06918584947194217,290.1124969482422,288.77799926757814
2026-07-02 10:30:00,288.0,288.0,289.0,287.79998779296875,289.0,348387,-0.29427248937325956,290.00999755859374,288.7989990234375
2026-07-02 10:45:00,289.1499938964844,289.1499938964844,289.1499938964844,288.0,288.04998779296875,691985,0.3993034362792969,289.96499786376955,288.8249987792969
2026-07-02 11:00:00,288.79998779296875,288.79998779296875,289.20001220703125,288.6499938964844,289.1499938964844,672440,-0.12104655400440034,289.8949966430664,288.8269982910156
2026-07-02 11:15:00,289.04998779296875,289.04998779296875,289.20001220703125,288.70001220703125,288.79998779296875,957651,0.08656510061184619,289.84749603271484,288.8199981689453
2026-07-02 11:30:00,289.1000061035156,289.1000061035156,289.1000061035156,288.75,288.8999938964844,174051,0.01730438078506591,289.7949966430664,288.84599853515624
2026-07-02 11:45:00,289.0,289.0,289.1000061035156,289.0,289.1000061035156,103339,-0.03459221771161536,289.729997253418,288.85999877929686
2026-07-02 12:00:00,289.1000061035156,289.1000061035156,289.1000061035156,288.6499938964844,289.1000061035156,265173,0.03460418806768839,289.68499755859375,288.8859991455078
2026-07-02 12:15:00,289.1000061035156,289.1000061035156,289.3999938964844,289.0,289.04998779296875,629794,0.0,289.5999984741211,288.9239990234375
2026-07-02 12:30:00,290.6000061035156,290.6000061035156,290.70001220703125,289.1000061035156,289.25,2285081,0.5188515974859254,289.6124984741211,288.98499938964846
2026-07-02 12:45:00,290.1000061035156,290.1000061035156,290.6000061035156,290.04998779296875,290.5,327672,-0.17205780781088809,289.5874984741211,289.0459997558594
2026-07-02 13:00:00,290.0,290.0,290.29998779296875,290.0,290.1000061035156,332424,-0.034472975322841215,289.5699981689453,289.1159997558594
2026-07-02 13:15:00,289.8999938964844,289.8999938964844,290.29998779296875,289.8999938964844,290.1000061035156,669941,-0.03448486328124778,289.5574981689453,289.1839996337891
2026-07-02 13:30:00,290.04998779296875,290.04998779296875,290.20001220703125,289.8500061035156,289.8999938964844,327655,0.051739875695866466,289.53999786376954,289.2459991455078
2026-07-02 13:45:00,290.1000061035156,290.1000061035156,290.1499938964844,290.0,290.0,89740,0.01724472079018824,289.51999816894534,289.3189990234375
2026-07-02 14:00:00,289.95001220703125,289.95001220703125,290.1499938964844,289.8999938964844,290.1499938964844,377818,-0.05170420314670743,289.51499938964844,289.3959991455078
2026-07-02 14:15:00,289.8500061035156,289.8500061035156,290.1000061035156,289.8500061035156,290.0,412733,-0.034490808520548644,289.475,289.47299926757813
2026-07-02 14:30:00,290.04998779296875,290.04998779296875,290.1000061035156,289.8500061035156,289.95001220703125,379393,0.06899488881904059,289.45999908447266,289.5529992675781
2026-07-02 14:45:00,290.0,290.0,290.20001220703125,289.8500061035156,290.1000061035156,159005,-0.017234199300997233,289.48999938964846,289.6279992675781
2026-07-02 15:00:00,290.04998779296875,290.04998779296875,290.1000061035156,289.79998779296875,290.04998779296875,675505,0.017237169989225976,289.5399993896484,289.6869989013672
2026-07-02 15:15:00,289.70001220703125,289.70001220703125,290.1000061035156,289.5,290.04998779296875,1099644,-0.12066043808535154,289.5824996948242,289.7419989013672
2026-07-03 09:15:00,290.6499938964844,290.6499938964844,291.5,290.5,291.25,161214,0.3279191057728559,289.7149993896484,289.79499877929686
2026-07-03 09:30:00,290.6499938964844,290.6499938964844,290.8999938964844,290.29998779296875,290.6499938964844,196774,0.0,289.7899993896484,289.8349987792969
2026-07-03 09:45:00,290.5,290.5,290.8999938964844,290.45001220703125,290.6499938964844,109303,-0.05160636491799986,289.875,289.8589990234375
2026-07-03 10:00:00,291.1000061035156,291.1000061035156,291.1000061035156,290.3999938964844,290.6000061035156,270619,0.20654254854237664,289.97750091552734,289.8869989013672
2026-07-03 10:15:00,291.1499938964844,291.1499938964844,291.3999938964844,290.75,291.1000061035156,332493,0.017172034325207974,290.08000030517576,289.9219989013672
2026-07-03 10:30:00,290.70001220703125,290.70001220703125,291.3500061035156,290.5,291.25,170636,-0.1545532196071786,290.16500091552734,289.9589990234375
2026-07-03 10:45:00,290.3999938964844,290.3999938964844,290.8999938964844,290.3999938964844,290.70001220703125,218347,-0.10320546885055348,290.2300003051758,289.97999877929686
2026-07-03 11:00:00,290.54998779296875,290.54998779296875,291.0,290.3999938964844,290.54998779296875,163477,0.051650791885982095,290.30249938964846,289.99199829101565
2026-07-03 11:15:00,290.54998779296875,290.54998779296875,290.79998779296875,290.54998779296875,290.70001220703125,86833,0.0,290.2999984741211,290.0049981689453
2026-07-03 11:30:00,290.6499938964844,290.6499938964844,290.75,290.3999938964844,290.5,94608,0.03441958620451491,290.3274978637695,290.0159979248047
2026-07-03 11:45:00,290.95001220703125,290.95001220703125,291.0,290.6000061035156,290.6499938964844,119168,0.10322322960505392,290.37499847412107,290.03399841308595
2026-07-03 12:00:00,291.1000061035156,291.1000061035156,291.29998779296875,290.79998779296875,291.0,177852,0.05155315009151007,290.4349990844727,290.05499877929685
2026-07-03 12:15:00,290.3999938964844,290.3999938964844,291.20001220703125,290.04998779296875,291.1499938964844,622226,-0.24047138177740734,290.45249938964844,290.05899841308593
2026-07-03 12:30:00,289.8500061035156,289.8500061035156,290.45001220703125,289.75,290.3999938964844,1098368,-0.1893897398512978,290.43999938964845,290.0559985351563
2026-07-03 12:45:00,290.45001220703125,290.45001220703125,290.45001220703125,289.8500061035156,289.95001220703125,197390,0.20700572395411232,290.4649993896484,290.0619989013672
2026-07-03 13:00:00,290.29998779296875,290.29998779296875,290.5,290.1000061035156,290.45001220703125,84503,-0.051652404116808714,290.4874984741211,290.0619989013672
2026-07-03 13:15:00,290.25,290.25,290.3999938964844,290.1499938964844,290.25,145699,-0.0172193575855073,290.4974990844727,290.0669989013672
2026-07-03 13:30:00,290.20001220703125,290.20001220703125,290.3500061035156,290.0,290.29998779296875,185041,-0.017222323158916364,290.5074996948242,290.05499938964846
2026-07-03 13:45:00,290.1499938964844,290.1499938964844,290.3500061035156,290.0,290.1000061035156,104354,-0.01723580580389461,290.5125,290.05099914550783
2026-07-03 14:00:00,289.8999938964844,289.8999938964844,290.20001220703125,289.8500061035156,290.1499938964844,133606,-0.08616233164188136,290.52249908447266,290.0369989013672
2026-07-03 14:15:00,289.70001220703125,289.70001220703125,290.20001220703125,289.70001220703125,289.8999938964844,146779,-0.06898299195016167,290.475,290.0239990234375
2026-07-03 14:30:00,290.25,290.25,290.29998779296875,289.6499938964844,289.75,181730,0.18984734891061006,290.45500030517576,290.0259991455078
2026-07-03 14:45:00,290.1000061035156,290.1000061035156,290.29998779296875,290.0,290.1000061035156,116799,-0.05167748371555092,290.43500061035155,290.01999938964843
2026-07-03 15:00:00,290.29998779296875,290.29998779296875,290.5,290.1499938964844,290.20001220703125,259255,0.06893543097057364,290.3949996948242,290.0159991455078
2026-07-03 15:15:00,290.1000061035156,290.1000061035156,290.3500061035156,289.45001220703125,290.3500061035156,776755,-0.06888794277033483,290.3425003051758,290.0169995117187
2026-07-06 09:15:00,288.6000061035156,288.6000061035156,290.3500061035156,288.20001220703125,290.0,399970,-0.5170630708172919,290.2375,289.9759997558594
2026-07-06 09:30:00,288.0,288.0,288.5,287.8500061035156,288.3500061035156,523359,-0.2079023183736206,290.1175003051758,289.9289996337891
2026-07-06 09:45:00,287.95001220703125,287.95001220703125,288.29998779296875,287.8999938964844,288.0,337794,-0.01735687255859375,289.9875015258789,289.9
2026-07-06 10:00:00,288.04998779296875,288.04998779296875,288.1000061035156,287.70001220703125,287.95001220703125,392134,0.03471977138365112,289.8625015258789,289.88
2026-07-06 10:15:00,288.5,288.5,288.5,287.8999938964844,288.04998779296875,427453,0.15622712240996872,289.7550018310547,289.8729998779297
2026-07-06 10:30:00,288.20001220703125,288.20001220703125,288.5,288.1000061035156,288.5,431700,-0.10398190397530316,289.6175018310547,289.8770001220703
2026-07-06 10:45:00,288.3999938964844,288.3999938964844,288.54998779296875,288.20001220703125,288.3500061035156,449014,0.06938989624658554,289.4825012207031,289.8620001220703
2026-07-06 11:00:00,288.45001220703125,288.45001220703125,288.54998779296875,288.25,288.5,392705,0.017343381277878933,289.38500213623047,289.85500061035157
2026-07-06 11:15:00,288.3500061035156,288.3500061035156,288.8500061035156,288.1499938964844,288.5,1292120,-0.03467016789163724,289.3100021362305,289.8410009765625
2026-07-06 11:30:00,288.70001220703125,288.70001220703125,288.8999938964844,288.25,288.3999938964844,1080516,0.12138238117116451,289.22250213623045,289.8330010986328
2026-07-06 11:45:00,288.79998779296875,288.79998779296875,288.8500061035156,288.29998779296875,288.70001220703125,903650,0.03462957454460902,289.14750213623046,289.82900085449216
2026-07-06 12:00:00,289.29998779296875,289.29998779296875,289.45001220703125,288.6000061035156,288.8500061035156,1348699,0.17313020122371459,289.1000015258789,289.83300048828124
2026-07-06 12:15:00,289.6000061035156,289.6000061035156,289.8999938964844,289.29998779296875,289.3999938964844,1332052,0.10370491642106572,289.07000122070315,289.84300048828123
2026-07-06 12:30:00,289.54998779296875,289.54998779296875,289.79998779296875,289.5,289.6000061035156,570126,-0.017271515708805474,289.04000091552734,289.82200012207034
2026-07-06 12:45:00,289.45001220703125,289.45001220703125,289.75,289.20001220703125,289.70001220703125,190747,-0.034527919237548055,289.0175018310547,289.80900024414063
2026-07-06 13:00:00,289.29998779296875,289.29998779296875,289.54998779296875,289.20001220703125,289.5,140691,-0.05183085428761558,288.99750061035155,289.795
2026-07-06 13:15:00,289.1499938964844,289.1499938964844,289.29998779296875,288.8999938964844,289.29998779296875,212635,-0.05184718382764686,288.94250030517577,289.78
2026-07-06 13:30:00,289.29998779296875,289.29998779296875,289.45001220703125,288.95001220703125,289.1499938964844,235366,0.05187407907678576,288.9024993896484,289.765
2026-07-06 13:45:00,289.0,289.0,289.3500061035156,288.8999938964844,289.29998779296875,273524,-0.10369436765529372,288.8375,289.74299987792966
2026-07-06 14:00:00,288.6000061035156,288.6000061035156,289.0,288.6000061035156,288.95001220703125,255463,-0.13840619255515163,288.7625,289.7159997558594
2026-07-06 14:15:00,288.45001220703125,288.45001220703125,288.75,288.45001220703125,288.6000061035156,216836,-0.05197293600561759,288.75500030517577,289.6879998779297
2026-07-06 14:30:00,288.54998779296875,288.54998779296875,288.75,288.3999938964844,288.5,241438,0.03465958804180769,288.7824996948242,289.6579998779297
2026-07-06 14:45:00,289.0,289.0,289.1000061035156,288.3999938964844,288.5,331164,0.1559564117376233,288.83499908447266,289.6379998779297
2026-07-06 15:00:00,289.25,289.25,289.5,288.70001220703125,289.04998779296875,814428,0.08650519031141446,288.8949996948242,289.6220001220703
2026-07-06 15:15:00,288.25,288.25,289.8999938964844,288.25,289.20001220703125,13977824,-0.34572169403630504,288.8824996948242,289.5929998779297
2026-07-07 09:15:00,287.45001220703125,287.45001220703125,289.54998779296875,287.3999938964844,289.54998779296875,667133,-0.27753262548785296,288.8449996948242,289.5290002441406
2026-07-07 09:30:00,286.75,286.75,287.5,286.6000061035156,287.3999938964844,645896,-0.24352484860118429,288.7625,289.45100036621096
2026-07-07 09:45:00,286.8999938964844,286.8999938964844,287.0,286.54998779296875,286.75,320556,0.05230824637640907,288.6849990844727,289.3790002441406
2026-07-07 10:00:00,288.0,288.0,288.3500061035156,286.8500061035156,287.0,894365,0.3834109888174231,288.66749877929686,289.31700012207034
2026-07-07 10:15:00,288.3999938964844,288.3999938964844,288.8999938964844,288.0,288.1000061035156,527571,0.1388867696126228,288.65249786376955,289.26200012207033
2026-07-07 10:30:00,287.6000061035156,287.6000061035156,289.1000061035156,287.3999938964844,288.3500061035156,731316,-0.27738828359888945,288.5924987792969,289.2
2026-07-07 10:45:00,287.5,287.5,287.8999938964844,287.3999938964844,287.6000061035156,202008,-0.03477263608945291,288.50249938964845,289.1420001220703
2026-07-07 11:00:00,288.1000061035156,288.1000061035156,288.20001220703125,287.3999938964844,287.5,638244,0.20869777513587984,288.42749938964846,289.09300048828123
2026-07-07 11:15:00,287.1499938964844,287.1499938964844,288.20001220703125,287.04998779296875,288.1000061035156,485301,-0.32975084585381564,288.30749969482423,289.0250006103516
2026-07-07 11:30:00,287.8999938964844,287.8999938964844,288.0,287.04998779296875,287.20001220703125,685410,0.26118753820010276,288.22999877929686,288.9700006103516
2026-07-07 11:45:00,287.79998779296875,287.79998779296875,287.95001220703125,287.6000061035156,287.95001220703125,111476,-0.03473640348584661,288.1549987792969,288.9070001220703
2026-07-07 12:00:00,288.0,288.0,288.0,287.70001220703125,287.75,456105,0.06949694771187787,288.09749908447264,288.845
2026-07-07 12:15:00,288.6499938964844,288.6499938964844,288.8999938964844,287.70001220703125,288.0,688889,0.22569232516818083,288.06499938964845,288.81
2026-07-07 12:30:00,288.54998779296875,288.54998779296875,288.79998779296875,288.20001220703125,288.6499938964844,574440,-0.03464614780191999,288.04249877929686,288.78399963378905
2026-07-07 12:45:00,288.79998779296875,288.79998779296875,288.8999938964844,288.25,288.54998779296875,753561,0.08664010070218442,288.05249786376953,288.7509991455078
2026-07-07 13:00:00,288.45001220703125,288.45001220703125,288.8999938964844,288.3500061035156,288.70001220703125,215989,-0.1211826872334898,288.05249786376953,288.71399963378906
2026-07-07 13:15:00,288.0,288.0,288.5,287.79998779296875,288.5,461100,-0.1560104655874528,288.0249984741211,288.66899963378904
2026-07-07 13:30:00,288.75,288.75,288.75,287.8500061035156,288.0,456094,0.26041666666667407,288.0124984741211,288.63999938964844
2026-07-07 13:45:00,290.29998779296875,290.29998779296875,290.5,288.5,288.75,2099011,0.5367923092532534,288.0649978637695,288.64299926757815
2026-07-07 14:00:00,289.8500061035156,289.8500061035156,290.3500061035156,289.75,290.3500061035156,1027963,-0.1550057555545048,288.14499816894534,288.6419995117187
2026-07-07 14:15:00,289.1000061035156,289.1000061035156,290.0,289.0,290.0,2379629,-0.25875452275552213,288.22749786376954,288.62999938964845
2026-07-07 14:30:00,289.5,289.5,289.8999938964844,289.1000061035156,289.6000061035156,450529,0.138358314783682,288.36499786376953,288.61499938964846
2026-07-07 14:45:00,289.04998779296875,289.04998779296875,289.6000061035156,289.0,289.45001220703125,367629,-0.15544463109887774,288.4724975585938,288.5939990234375
2026-07-07 15:00:00,288.6000061035156,288.6000061035156,289.1499938964844,288.6000061035156,289.1000061035156,887002,-0.15567607972896136,288.5024978637695,288.55999938964845
2026-07-07 15:15:00,288.1499938964844,288.1499938964844,289.1499938964844,288.1499938964844,288.6499938964844,1250087,-0.15592938236801412,288.48999786376953,288.5209991455078
2026-07-08 09:15:00,285.75,285.75,287.79998779296875,285.54998779296875,287.3500061035156,543331,-0.8328974309631754,288.3974975585937,288.4639990234375
2026-07-08 09:30:00,283.54998779296875,283.54998779296875,285.6000061035156,283.5,285.6000061035156,1700339,-0.7699080339566899,288.1999969482422,288.3749987792969
2026-07-08 09:45:00,282.0,282.0,283.70001220703125,281.8500061035156,283.5,2262996,-0.5466365225522241,287.8949966430664,288.25599853515627
2026-07-08 10:00:00,281.3500061035156,281.3500061035156,282.1000061035156,281.29998779296875,282.1000061035156,988674,-0.23049428953346718,287.604997253418,288.1219989013672
2026-07-08 10:15:00,281.3500061035156,281.3500061035156,281.70001220703125,281.0,281.3500061035156,906910,0.0,287.27749786376955,287.9789990234375
2026-07-08 10:30:00,281.79998779296875,281.79998779296875,282.0,281.25,281.3500061035156,536802,0.1599366197587937,286.97749786376954,287.85099853515624
2026-07-08 10:45:00,282.20001220703125,282.20001220703125,282.3500061035156,281.6499938964844,281.79998779296875,596074,0.14195331135229416,286.68749847412107,287.7269989013672
2026-07-08 11:00:00,283.79998779296875,283.79998779296875,283.8500061035156,282.0,282.20001220703125,698252,0.5669651016044996,286.4449981689453,287.6339984130859
2026-07-08 11:15:00,283.70001220703125,283.70001220703125,284.3999938964844,283.0,283.79998779296875,968719,-0.03522748070392545,286.20249938964844,287.54099853515623
2026-07-08 11:30:00,284.0,284.0,284.20001220703125,283.25,283.70001220703125,673440,0.10574119847053254,285.9625,287.44699829101563
2026-07-08 11:45:00,284.1499938964844,284.1499938964844,284.6000061035156,284.0,284.04998779296875,402144,0.05281475228322563,285.7474990844727,287.35399841308595
2026-07-08 12:00:00,284.20001220703125,284.20001220703125,284.3999938964844,283.5,284.25,858369,0.017602784311554487,285.55749969482423,287.2519989013672
2026-07-08 12:15:00,283.8500061035156,283.8500061035156,284.29998779296875,283.79998779296875,284.25,485998,-0.12315485168263862,285.3125,287.1369989013672
2026-07-08 12:30:00,283.75,283.75,284.04998779296875,283.6499938964844,284.0,253139,-0.035232024437281684,284.98500061035156,287.0209991455078
2026-07-08 12:45:00,284.45001220703125,284.45001220703125,284.45001220703125,283.5,283.95001220703125,857657,0.24670033727973717,284.71500091552736,286.92099914550784
2026-07-08 13:00:00,284.6499938964844,284.6499938964844,284.79998779296875,284.3500061035156,284.45001220703125,365101,0.0703046865428103,284.4925003051758,286.82799926757815
2026-07-08 13:15:00,284.6000061035156,284.6000061035156,284.8500061035156,284.20001220703125,284.70001220703125,749590,-0.01756114317252866,284.24750061035155,286.73699951171875
2026-07-08 13:30:00,284.54998779296875,284.54998779296875,284.75,284.25,284.6000061035156,280805,-0.0175749506234002,284.0225006103516,286.6419995117187
2026-07-08 13:45:00,283.1000061035156,283.1000061035156,285.0,282.79998779296875,284.5,1249865,-0.5095701112832529,283.74750061035155,286.52399963378906
2026-07-08 14:00:00,282.25,282.25,283.1499938964844,282.04998779296875,283.04998779296875,841877,-0.30024941193566024,283.45250091552737,286.3969995117188
2026-07-08 14:15:00,282.0,282.0,282.79998779296875,282.0,282.25,440400,-0.08857395925597755,283.26500091552737,286.26799926757815
2026-07-08 14:30:00,281.25,281.25,282.3500061035156,281.0,282.0,1024389,-0.26595744680850686,283.1500015258789,286.12199951171874
2026-07-08 14:45:00,281.20001220703125,281.20001220703125,281.20001220703125,280.70001220703125,281.1000061035156,657109,-0.0177734375000016,283.1100021362305,285.9659997558594
2026-07-08 15:00:00,280.6000061035156,280.6000061035156,281.6000061035156,280.1000061035156,281.3500061035156,1566908,-0.21337342726496233,283.07250213623047,285.7929998779297
2026-07-08 15:15:00,280.8500061035156,280.8500061035156,281.3999938964844,280.54998779296875,280.70001220703125,1255153,0.08909479492589245,283.0475021362305,285.645
2026-07-09 09:15:00,281.79998779296875,281.79998779296875,282.20001220703125,281.0,281.25,575688,0.33825233000102095,283.0475021362305,285.53199951171877
2026-07-09 09:30:00,281.8999938964844,281.8999938964844,282.29998779296875,281.29998779296875,281.70001220703125,466073,0.03548832783808464,283.0325012207031,285.43499938964845
2026-07-09 09:45:00,281.8999938964844,281.8999938964844,282.45001220703125,281.75,281.79998779296875,355625,0.0,282.93750152587893,285.33499938964843
2026-07-09 10:00:00,282.8500061035156,282.8500061035156,282.8500061035156,281.79998779296875,281.79998779296875,417938,0.3370032733594597,282.89500122070314,285.23199951171875
2026-07-09 10:15:00,282.95001220703125,282.95001220703125,283.75,282.6499938964844,282.79998779296875,842058,0.035356585242229954,282.8425018310547,285.1229998779297
2026-07-09 10:30:00,283.04998779296875,283.04998779296875,283.1499938964844,282.20001220703125,282.95001220703125,485002,0.03533330327774031,282.7875015258789,285.03199951171877
2026-07-09 10:45:00,282.6000061035156,282.6000061035156,283.1000061035156,282.3999938964844,282.95001220703125,448454,-0.15897604976483626,282.70750122070314,284.9339996337891
2026-07-09 11:00:00,282.54998779296875,282.54998779296875,282.8999938964844,282.25,282.5,460105,-0.017699331021436837,282.64250030517576,284.8229992675781
2026-07-09 11:15:00,283.1000061035156,283.1000061035156,283.25,282.54998779296875,282.6000061035156,306660,0.19466230200295698,282.61000061035156,284.74199951171875
2026-07-09 11:30:00,283.04998779296875,283.04998779296875,283.1499938964844,282.8999938964844,283.1499938964844,509976,-0.01766807116513336,282.5399993896484,284.64499938964843
2026-07-09 11:45:00,283.1000061035156,283.1000061035156,283.1499938964844,282.75,283.1499938964844,330921,0.017671193324142465,282.4625,284.5509997558594
2026-07-09 12:00:00,283.1499938964844,283.1499938964844,283.5,283.0,283.1000061035156,310300,0.017657291377970452,282.38999938964844,284.45399963378907
2026-07-09 12:15:00,283.1499938964844,283.1499938964844,283.29998779296875,283.0,283.1499938964844,296566,0.0,282.3199996948242,284.34399963378905
2026-07-09 12:30:00,282.79998779296875,282.79998779296875,283.1499938964844,282.5,283.04998779296875,432812,-0.12361155255528056,282.30499877929685,284.22899963378904
2026-07-09 12:45:00,283.0,283.0,283.29998779296875,282.75,282.79998779296875,255526,0.07072567739205837,282.3424987792969,284.11299987792967
2026-07-09 13:00:00,283.0,283.0,283.1499938964844,282.54998779296875,283.0,353640,0.0,282.3924987792969,284.0039996337891
2026-07-09 13:15:00,283.0,283.0,283.1000061035156,282.79998779296875,283.1000061035156,362220,0.0,282.47999877929686,283.90399963378906
2026-07-09 13:30:00,283.0,283.0,283.1499938964844,283.0,283.1000061035156,242495,0.0,282.5699981689453,283.78899963378905
2026-07-09 13:45:00,283.04998779296875,283.04998779296875,283.20001220703125,282.70001220703125,283.1499938964844,206946,0.01766353108436647,282.69249725341797,283.64399963378906
2026-07-09 14:00:00,283.45001220703125,283.45001220703125,283.54998779296875,283.0,283.0,528555,0.14132641982484984,282.82249755859374,283.51599975585935
2026-07-09 14:15:00,283.54998779296875,283.54998779296875,284.3999938964844,283.29998779296875,283.5,370002,0.03527097605642293,282.9099975585938,283.4049993896484
2026-07-09 14:30:00,283.1499938964844,283.1499938964844,284.0,282.8999938964844,283.6000061035156,1057145,-0.14106644814121383,282.9724975585938,283.27799926757814
2026-07-09 14:45:00,283.5,283.5,283.70001220703125,283.0,283.1499938964844,288221,0.12361155255526945,283.05249786376953,283.16699951171876
2026-07-09 15:00:00,281.3999938964844,281.3999938964844,283.5,281.29998779296875,283.5,1337290,-0.7407428936563099,282.979997253418,283.02299926757814
2026-07-09 15:15:00,281.8500061035156,281.8500061035156,282.04998779296875,281.1000061035156,281.5,976642,0.15991905358632152,282.9249969482422,282.8969995117188
2026-07-10 09:15:00,283.1000061035156,283.1000061035156,283.45001220703125,282.04998779296875,283.04998779296875,261401,0.4434983051023744,282.92749786376953,282.84399963378905
2026-07-10 09:30:00,283.04998779296875,283.04998779296875,283.6000061035156,282.8999938964844,283.20001220703125,407601,-0.01766807116513336,282.9499969482422,282.83399963378906
2026-07-10 09:45:00,283.20001220703125,283.20001220703125,283.3500061035156,283.0,283.04998779296875,264390,0.053002798280354924,282.9824981689453,282.8579998779297
2026-07-10 10:00:00,283.1499938964844,283.1499938964844,283.25,283.0,283.20001220703125,288941,-0.017661832058935012,282.98499755859376,282.89399963378906
2026-07-10 10:15:00,282.95001220703125,282.95001220703125,283.20001220703125,282.79998779296875,283.20001220703125,241346,-0.07062747440009787,282.97999877929686,282.9259997558594
2026-07-10 10:30:00,283.0,283.0,283.20001220703125,282.6000061035156,282.95001220703125,375650,0.017666651638870157,282.9749984741211,282.95
2026-07-10 10:45:00,282.20001220703125,282.20001220703125,283.0,282.1499938964844,283.0,706294,-0.2826811989288913,282.92749938964846,282.95
2026-07-10 11:00:00,281.95001220703125,281.95001220703125,282.45001220703125,281.79998779296875,282.3500061035156,302706,-0.08858964889646437,282.8675003051758,282.9130004882812
2026-07-10 11:15:00,280.8500061035156,280.8500061035156,281.8999938964844,280.8500061035156,281.8999938964844,605015,-0.3901422436215052,282.77000122070314,282.85600036621094
2026-07-10 11:30:00,281.1499938964844,281.1499938964844,281.20001220703125,280.8500061035156,280.8500061035156,381926,0.10681423765330766,282.67750091552733,282.79900024414064
2026-07-10 11:45:00,281.25,281.25,281.45001220703125,281.04998779296875,281.1499938964844,306304,0.03557037371035854,282.59000091552736,282.7410003662109
2026-07-10 12:00:00,281.04998779296875,281.04998779296875,281.25,281.04998779296875,281.1000061035156,211359,-0.0711154513888923,282.4925003051758,282.67799987792966
2026-07-10 12:15:00,281.29998779296875,281.29998779296875,281.3500061035156,281.0,281.04998779296875,293167,0.08895214761017733,282.4074996948242,282.62699951171874
2026-07-10 12:30:00,281.45001220703125,281.45001220703125,281.54998779296875,281.1499938964844,281.29998779296875,315338,0.053332534864147796,282.32750091552737,282.58099975585935
2026-07-10 12:45:00,281.25,281.25,281.5,281.1000061035156,281.29998779296875,381583,-0.07106491325504782,282.2175003051758,282.5169995117187
2026-07-10 13:00:00,281.45001220703125,281.45001220703125,281.45001220703125,281.1000061035156,281.25,248180,0.0711154513888923,282.1125015258789,282.4529998779297
2026-07-10 13:15:00,281.3500061035156,281.3500061035156,281.54998779296875,281.29998779296875,281.45001220703125,159392,-0.03553245662752946,282.02250213623046,282.3879998779297
2026-07-10 13:30:00,281.25,281.25,281.5,281.1499938964844,281.5,370224,-0.0355450866700302,281.91000213623045,282.32200012207034
2026-07-10 13:45:00,281.3500061035156,281.3500061035156,281.3999938964844,281.1000061035156,281.3500061035156,307257,0.03555772569443505,281.90750274658205,282.2870001220703
2026-07-10 14:00:00,281.3500061035156,281.3500061035156,281.54998779296875,281.20001220703125,281.3500061035156,310943,0.0,281.882502746582,282.2690002441406
2026-07-10 14:15:00,281.5,281.5,281.6000061035156,281.29998779296875,281.5,392327,0.053312206586264566,281.80250244140626,282.2590002441406
2026-07-10 14:30:00,281.29998779296875,281.29998779296875,281.5,281.29998779296875,281.5,334226,-0.0710522937944047,281.7150024414062,282.26
2026-07-10 14:45:00,281.75,281.75,281.79998779296875,281.25,281.3500061035156,516667,0.15997590705991716,281.6425018310547,282.27099975585935
2026-07-10 15:00:00,281.75,281.75,282.1499938964844,281.6499938964844,281.75,2076531,0.0,281.57250213623047,282.29399963378904
2026-07-10 15:15:00,281.79998779296875,281.79998779296875,281.8999938964844,281.6499938964844,281.70001220703125,1402040,0.017741896350931263,281.51500091552737,282.3129992675781
2026-07-13 09:15:00,280.75,280.75,280.8999938964844,279.5,280.8999938964844,331159,-0.37260036850681466,281.40250091552736,282.29199951171876
2026-07-13 09:30:00,280.95001220703125,280.95001220703125,281.20001220703125,280.3999938964844,280.75,305795,0.07124210401825426,281.34000091552736,282.2729998779297
2026-07-13 09:45:00,281.20001220703125,281.20001220703125,281.29998779296875,280.79998779296875,280.95001220703125,232049,0.08898380108122161,281.30250091552733,282.2590002441406
2026-07-13 10:00:00,280.5,280.5,281.5,280.3999938964844,281.29998779296875,554741,-0.24893747391300236,281.2850006103516,282.2120001220703
2026-07-13 10:15:00,280.6499938964844,280.6499938964844,280.79998779296875,280.3999938964844,280.3999938964844,176805,0.05347375988746794,281.26000061035154,282.1659997558594
2026-07-13 10:30:00,280.54998779296875,280.54998779296875,280.79998779296875,280.3999938964844,280.6499938964844,239035,-0.03563374512400852,281.225,282.1159997558594
2026-07-13 10:45:00,280.8500061035156,280.8500061035156,281.04998779296875,280.5,280.5,1110611,0.10693934186454257,281.21500091552736,282.08099975585935
2026-07-13 11:00:00,280.79998779296875,280.79998779296875,281.1000061035156,280.45001220703125,280.8999938964844,646514,-0.017809617041075754,281.1900009155273,282.0459997558594
2026-07-13 11:15:00,280.20001220703125,280.20001220703125,280.79998779296875,280.1499938964844,280.79998779296875,540261,-0.21366652849709178,281.1275009155273,281.98799987792967
2026-07-13 11:30:00,280.29998779296875,280.29998779296875,280.3999938964844,280.1000061035156,280.1499938964844,234010,0.03568007907994719,281.08000030517576,281.93299987792966
2026-07-13 11:45:00,280.5,280.5,280.6499938964844,280.1499938964844,280.29998779296875,160289,0.07135648082117196,281.0324996948242,281.88099975585936
2026-07-13 12:00:00,279.95001220703125,279.95001220703125,280.6499938964844,279.8500061035156,280.5,1648741,-0.19607407948974975,280.9625,281.81700012207034
2026-07-13 12:15:00,279.8999938964844,279.8999938964844,279.95001220703125,279.79998779296875,279.95001220703125,584803,-0.017866872072103135,280.8949996948242,281.7520001220703
2026-07-13 12:30:00,279.8999938964844,279.8999938964844,279.8999938964844,279.79998779296875,279.8500061035156,407574,0.0,280.82249908447267,281.6940002441406
2026-07-13 12:45:00,280.0,280.0,280.1499938964844,279.79998779296875,279.8500061035156,1405174,0.035729226758252075,280.7549987792969,281.6340002441406
2026-07-13 13:00:00,280.1000061035156,280.1000061035156,280.1499938964844,279.8999938964844,280.04998779296875,198817,0.035716465541302256,280.6849990844727,281.57600036621096
2026-07-13 13:15:00,279.75,279.75,280.20001220703125,279.70001220703125,280.1000061035156,291640,-0.12495754940693438,280.60749969482424,281.51100036621096
2026-07-13 13:30:00,280.20001220703125,280.20001220703125,280.20001220703125,279.75,279.75,172278,0.16086227239722195,280.5300003051758,281.4550006103516
2026-07-13 13:45:00,280.04998779296875,280.04998779296875,280.20001220703125,279.8999938964844,280.20001220703125,134386,-0.053541901329989816,280.4449996948242,281.3950006103516
2026-07-13 14:00:00,280.04998779296875,280.04998779296875,280.20001220703125,280.0,280.1000061035156,126669,0.0,280.35749969482424,281.32700012207033
2026-07-13 14:15:00,280.1000061035156,280.1000061035156,280.25,280.0,280.1499938964844,181093,0.0178604937429494,280.325,281.25800048828125
2026-07-13 14:30:00,279.95001220703125,279.95001220703125,280.29998779296875,279.95001220703125,280.20001220703125,215383,-0.05355012253335234,280.275,281.1940008544922
2026-07-13 14:45:00,279.8999938964844,279.8999938964844,280.1499938964844,279.8999938964844,279.95001220703125,396068,-0.017866872072103135,280.20999908447266,281.1220007324219
2026-07-13 15:00:00,279.6499938964844,279.6499938964844,279.8999938964844,279.6000061035156,279.8500061035156,695122,-0.08931761538103489,280.16749877929686,281.08700073242187
2026-07-13 15:15:00,279.8999938964844,279.8999938964844,279.8999938964844,279.54998779296875,279.6499938964844,1041750,0.08939746306324547,280.1299987792969,281.0480004882813
2026-07-14 09:15:00,279.95001220703125,279.95001220703125,280.6000061035156,278.6499938964844,279.25,229889,0.01787006489373244,280.1,280.98500061035156
2026-07-14 09:30:00,279.5,279.5,280.20001220703125,279.3999938964844,279.8999938964844,347203,-0.1607473432429951,280.0324996948242,280.9140008544922
2026-07-14 09:45:00,279.3999938964844,279.3999938964844,279.70001220703125,279.3999938964844,279.45001220703125,173897,-0.03578035903958332,279.9625,280.83800048828124
2026-07-14 10:00:00,279.3500061035156,279.3500061035156,279.6000061035156,279.20001220703125,279.5,209562,-0.017891121711077762,279.91999969482424,280.7620007324219
2026-07-14 10:15:00,279.25,279.25,279.45001220703125,279.0,279.29998779296875,167962,-0.03579957090767971,279.8675003051758,280.68800048828126
2026-07-14 10:30:00,279.1000061035156,279.1000061035156,279.54998779296875,279.1000061035156,279.25,181142,-0.053713123181509115,279.79750061035156,280.61000061035156
2026-07-14 10:45:00,278.1499938964844,278.1499938964844,278.8999938964844,278.1000061035156,278.8999938964844,557618,-0.3403841584578515,279.7074996948242,280.5290002441406
2026-07-14 11:00:00,278.0,278.0,278.3500061035156,277.8500061035156,278.20001220703125,398224,-0.053925543690713784,279.6125,280.45
2026-07-14 11:15:00,278.0,278.0,278.04998779296875,277.75,278.0,277329,0.0,279.51750030517576,280.3929998779297
2026-07-14 11:30:00,277.1000061035156,277.1000061035156,278.1499938964844,276.75,277.79998779296875,1361196,-0.32373881168502594,279.37250061035155,280.3120001220703
2026-07-14 11:45:00,276.95001220703125,276.95001220703125,277.20001220703125,276.8500061035156,277.1000061035156,1084583,-0.05412987844841677,279.21500091552736,280.22600036621094
2026-07-14 12:00:00,276.8999938964844,276.8999938964844,277.3500061035156,276.79998779296875,277.0,412694,-0.01806041102806466,279.07250061035154,280.14300048828125
2026-07-14 12:15:00,276.54998779296875,276.54998779296875,276.8999938964844,276.45001220703125,276.8999938964844,379807,-0.12640162919125286,278.88999938964844,280.0480004882813
2026-07-14 12:30:00,276.6499938964844,276.6499938964844,276.75,276.45001220703125,276.54998779296875,208674,0.03616203504970272,278.7199996948242,279.95200012207033
2026-07-14 12:45:00,276.5,276.5,276.79998779296875,276.5,276.75,241040,-0.0542179287162714,278.5425003051758,279.8570001220703
2026-07-14 13:00:00,276.70001220703125,276.70001220703125,276.79998779296875,276.3999938964844,276.5,333434,0.07233714540009206,278.37250061035155,279.76200012207033
2026-07-14 13:15:00,276.8500061035156,276.8500061035156,277.0,276.6000061035156,276.70001220703125,302877,0.0542081278883888,278.2175003051758,279.6720001220703
2026-07-14 13:30:00,276.29998779296875,276.29998779296875,276.8999938964844,276.25,276.75,364330,-0.19867014571826047,278.0375,279.5729998779297
2026-07-14 13:45:00,276.25,276.25,276.3999938964844,276.1000061035156,276.29998779296875,382828,-0.018091854932045237,277.8675003051758,279.4709997558594
2026-07-14 14:00:00,276.3500061035156,276.3500061035156,276.45001220703125,276.1000061035156,276.25,325801,0.036201304440042215,277.6900009155273,279.3709997558594
2026-07-14 14:15:00,275.79998779296875,275.79998779296875,276.3500061035156,275.79998779296875,276.3500061035156,687627,-0.19902959956543675,277.48249969482424,279.25699951171873
2026-07-14 14:30:00,275.8500061035156,275.8500061035156,275.95001220703125,275.5,275.8500061035156,905035,0.01813571891251531,277.3,279.1479998779297
2026-07-14 14:45:00,275.6499938964844,275.6499938964844,275.95001220703125,275.45001220703125,275.79998779296875,1054912,-0.07250759565189391,277.1125,279.0259997558594
2026-07-14 15:00:00,275.25,275.25,276.0,275.1499938964844,275.70001220703125,2671759,-0.14510934349397653,276.9074996948242,278.89599975585935
2026-07-14 15:15:00,275.29998779296875,275.29998779296875,275.45001220703125,275.04998779296875,275.25,1420536,0.018160869380112743,276.70999908447266,278.76599975585935
2026-07-15 09:15:00,276.5,276.5,276.8500061035156,275.70001220703125,276.6000061035156,935729,0.4358925754597953,276.5799987792969,278.6809997558594
2026-07-15 09:30:00,276.25,276.25,276.54998779296875,275.70001220703125,276.45001220703125,529885,-0.0904159132007254,276.48499908447263,278.5869995117188
2026-07-15 09:45:00,277.3500061035156,277.3500061035156,277.45001220703125,276.1000061035156,276.25,449036,0.3981922546662853,276.45249938964844,278.50999938964844
2026-07-15 10:00:00,277.54998779296875,277.54998779296875,277.70001220703125,277.1000061035156,277.3500061035156,260427,0.07210444746790223,276.42999877929685,278.4509991455078
2026-07-15 10:15:00,277.45001220703125,277.45001220703125,277.70001220703125,277.1499938964844,277.54998779296875,263800,-0.036020749535059515,276.44749908447267,278.3869995117187
2026-07-15 10:30:00,277.3500061035156,277.3500061035156,277.5,277.20001220703125,277.45001220703125,141187,-0.036044728461215314,276.4674987792969,278.3229998779297
2026-07-15 10:45:00,277.29998779296875,277.29998779296875,277.6499938964844,277.1499938964844,277.3999938964844,145405,-0.018034364321672935,276.4874984741211,278.25199951171874
2026-07-15 11:00:00,277.20001220703125,277.20001220703125,277.3999938964844,277.04998779296875,277.3500061035156,110313,-0.0360532240672673,276.5199996948242,278.18
2026-07-15 11:15:00,276.79998779296875,276.79998779296875,277.25,276.70001220703125,277.1499938964844,178399,-0.14430894532707628,276.5274993896484,278.11199951171875
2026-07-15 11:30:00,277.20001220703125,277.20001220703125,277.25,276.75,276.95001220703125,140628,0.14451749700281624,276.5625,278.05
2026-07-15 11:45:00,276.95001220703125,276.95001220703125,277.3999938964844,276.8500061035156,277.1499938964844,192200,-0.0901875862160062,276.575,277.97900024414065
2026-07-15 12:00:00,277.3500061035156,277.3500061035156,277.3500061035156,276.8999938964844,277.0,141918,0.14442819240079174,276.6,277.9270001220703
2026-07-15 12:15:00,277.0,277.0,277.29998779296875,276.8999938964844,277.20001220703125,107075,-0.1261965371599727,276.63500061035154,277.86900024414064
2026-07-15 12:30:00,276.8999938964844,276.8999938964844,277.0,276.54998779296875,276.8999938964844,146311,-0.03610328646773686,276.6675003051758,277.80900024414063
2026-07-15 12:45:00,275.79998779296875,275.79998779296875,276.95001220703125,275.29998779296875,276.75,379745,-0.3972575398202616,276.63999938964844,277.725
2026-07-15 13:00:00,275.70001220703125,275.70001220703125,276.04998779296875,275.70001220703125,275.8500061035156,168868,-0.036249307600599856,276.63500061035154,277.63700012207033
2026-07-15 13:15:00,276.1000061035156,276.1000061035156,276.20001220703125,275.75,275.79998779296875,376977,0.14508301732827356,276.6475006103516,277.56400024414063
2026-07-15 13:30:00,276.0,276.0,276.20001220703125,275.79998779296875,276.1000061035156,592165,-0.03622097113541445,276.66500091552734,277.48
2026-07-15 13:45:00,276.6000061035156,276.6000061035156,276.75,276.0,276.1000061035156,714327,0.21739351576652854,276.7325012207031,277.41100036621094
2026-07-15 14:00:00,276.70001220703125,276.70001220703125,276.8999938964844,276.5,276.6499938964844,139360,0.03615549577327126,276.80250244140626,277.3440008544922
2026-07-15 14:15:00,276.79998779296875,276.79998779296875,277.3500061035156,276.45001220703125,276.6000061035156,570098,0.03613139917850727,276.8175018310547,277.27800048828124
2026-07-15 14:30:00,277.20001220703125,277.20001220703125,277.29998779296875,276.6000061035156,276.79998779296875,239495,0.14451749700281624,276.86500244140626,277.22300048828123
2026-07-15 14:45:00,277.04998779296875,277.04998779296875,277.25,276.75,277.20001220703125,226343,-0.05412135911107008,276.8500015258789,277.16600036621094
2026-07-15 15:00:00,276.3500061035156,276.3500061035156,277.04998779296875,276.3500061035156,277.0,662226,-0.25265537639229674,276.7900024414063,277.1000006103516
2026-07-15 15:15:00,276.6499938964844,276.6499938964844,276.75,276.25,276.6000061035156,367011,0.10855356842525143,276.75000152587893,277.0350006103516
2026-07-16 09:15:00,277.04998779296875,277.04998779296875,277.54998779296875,276.1000061035156,277.0,637085,0.14458482028163466,276.73500061035156,276.9770001220703
2026-07-16 09:30:00,277.29998779296875,277.29998779296875,277.29998779296875,276.5,277.0,704483,0.09023642339476279,276.73500061035156,276.93299987792966
2026-07-16 09:45:00,277.6000061035156,277.6000061035156,278.5,277.20001220703125,277.20001220703125,1264379,0.10819268797475079,276.75500030517577,276.8970001220703
2026-07-16 10:00:00,278.1499938964844,278.1499938964844,278.29998779296875,277.45001220703125,277.45001220703125,803080,0.1981223994511172,276.82250061035154,276.8729998779297
2026-07-16 10:15:00,278.0,278.0,278.25,277.70001220703125,278.1499938964844,209069,-0.053925543690713784,276.8625,276.8479998779297
2026-07-16 10:30:00,277.79998779296875,277.79998779296875,278.0,277.6499938964844,278.0,174752,-0.07194683706159832,276.9049987792969,276.82199951171873
2026-07-16 10:45:00,278.1000061035156,278.1000061035156,278.20001220703125,277.75,277.79998779296875,231280,0.1079979567063516,276.9424987792969,276.82099975585936
2026-07-16 11:00:00,278.0,278.0,278.3500061035156,277.8999938964844,278.0,197990,-0.035960482315988695,276.99249877929685,276.82099975585936
2026-07-16 11:15:00,277.8999938964844,277.8999938964844,278.20001220703125,277.79998779296875,278.1499938964844,155322,-0.03597341853079916,277.04249877929686,276.8189996337891
2026-07-16 11:30:00,278.1000061035156,278.1000061035156,278.6499938964844,277.8500061035156,277.95001220703125,541396,0.07197272811230171,277.1574996948242,276.83899963378906
2026-07-16 11:45:00,278.20001220703125,278.20001220703125,278.3500061035156,277.95001220703125,278.1000061035156,217242,0.0359604823159998,277.2824996948242,276.86399963378904
2026-07-16 12:00:00,278.1499938964844,278.1499938964844,278.3500061035156,278.0,278.25,108782,-0.017979262527723083,277.38499908447267,276.88899963378907
2026-07-16 12:15:00,279.0,279.0,279.1499938964844,278.04998779296875,278.1499938964844,478242,0.30559270974923614,277.53499908447264,276.9379998779297
2026-07-16 12:30:00,279.29998779296875,279.29998779296875,279.54998779296875,278.8500061035156,279.04998779296875,368710,0.10752250644041617,277.6699981689453,276.9909997558594
2026-07-16 12:45:00,279.70001220703125,279.70001220703125,280.0,279.1000061035156,279.3500061035156,406484,0.14322392822982977,277.8199981689453,277.055
2026-07-16 13:00:00,280.0,280.0,280.3999938964844,279.5,279.79998779296875,1443975,0.10725340717778753,277.97999877929686,277.1209997558594
2026-07-16 13:15:00,279.79998779296875,279.79998779296875,280.1000061035156,279.70001220703125,280.1000061035156,332509,-0.07143293108259341,278.10999755859376,277.17999938964846
2026-07-16 13:30:00,279.3999938964844,279.3999938964844,279.8500061035156,279.0,279.8500061035156,483369,-0.14295708146361275,278.22749786376954,277.24199951171875
2026-07-16 13:45:00,279.8500061035156,279.8500061035156,279.8999938964844,279.25,279.3999938964844,412245,0.16106378556255407,278.40249786376955,277.3139996337891
2026-07-16 14:00:00,279.8999938964844,279.8999938964844,280.1499938964844,279.75,279.8500061035156,325713,0.01786235193086405,278.5649978637695,277.38499938964844
2026-07-16 14:15:00,279.6000061035156,279.6000061035156,279.8999938964844,279.5,279.79998779296875,193804,-0.10717677724555452,278.6924987792969,277.46099975585935
2026-07-16 14:30:00,279.25,279.25,279.70001220703125,279.04998779296875,279.6499938964844,199378,-0.1251810071084325,278.7899993896484,277.52899963378906
2026-07-16 14:45:00,279.20001220703125,279.20001220703125,279.6000061035156,279.1000061035156,279.3500061035156,208882,-0.01790073159131378,278.86999969482423,277.6
2026-07-16 15:00:00,279.29998779296875,279.29998779296875,279.45001220703125,279.04998779296875,279.20001220703125,339123,0.035807873053883554,278.92749938964846,277.6809997558594
2026-07-16 15:15:00,279.8999938964844,279.8999938964844,279.8999938964844,279.04998779296875,279.25,776539,0.21482496589309008,279.02249908447266,277.7729998779297
2026-07-17 09:15:00,278.8500061035156,278.8500061035156,279.45001220703125,277.95001220703125,279.45001220703125,266237,-0.3751296233886592,279.075,277.82
2026-07-17 09:30:00,279.5,279.5,279.5,278.6499938964844,278.8500061035156,402984,0.2330980391813453,279.1449996948242,277.885
2026-07-17 09:45:00,279.8999938964844,279.8999938964844,280.3500061035156,279.3999938964844,279.3999938964844,780091,0.14311051752571302,279.23999938964846,277.93599975585937
2026-07-17 10:00:00,280.1499938964844,280.1499938964844,280.70001220703125,279.8999938964844,279.8999938964844,638337,0.08931761538102378,279.3524993896484,277.98799987792967
2026-07-17 10:15:00,280.5,280.5,281.0,280.0,280.1499938964844,451541,0.1249352529505865,279.47249908447264,278.04899963378904
2026-07-17 10:30:00,280.20001220703125,280.20001220703125,280.6000061035156,280.0,280.5,231391,-0.10694751977495809,279.57249908447267,278.1059997558594
2026-07-17 10:45:00,280.1000061035156,280.1000061035156,280.20001220703125,279.8500061035156,280.20001220703125,259868,-0.035690970434976155,279.66999969482424,278.1620001220703
2026-07-17 11:00:00,279.79998779296875,279.79998779296875,280.20001220703125,279.6000061035156,280.1499938964844,250685,-0.1071111403103675,279.70999908447266,278.21399963378906
2026-07-17 11:15:00,279.6000061035156,279.6000061035156,280.04998779296875,279.45001220703125,279.95001220703125,433151,-0.07147308726871415,279.725,278.27
2026-07-17 11:30:00,279.70001220703125,279.70001220703125,279.8500061035156,279.25,279.6000061035156,380324,0.035767561277744164,279.725,278.32
2026-07-17 11:45:00,279.70001220703125,279.70001220703125,279.95001220703125,279.3500061035156,279.79998779296875,445171,0.0,279.7100006103516,278.375
2026-07-17 12:00:00,279.5,279.5,280.04998779296875,279.3500061035156,279.6000061035156,1522944,-0.07150954533502452,279.69500122070315,278.4179998779297
2026-07-17 12:15:00,279.95001220703125,279.95001220703125,280.04998779296875,279.3500061035156,279.5,521678,0.16100615636180926,279.72250213623045,278.4770001220703
2026-07-17 12:30:00,280.45001220703125,280.45001220703125,280.6499938964844,279.70001220703125,279.95001220703125,706461,0.17860331423391607,279.75250244140625,278.5480004882813
2026-07-17 12:45:00,280.70001220703125,280.70001220703125,281.25,280.29998779296875,280.45001220703125,1674641,0.08914244575444208,279.7925033569336,278.6460009765625
2026-07-17 13:00:00,281.1000061035156,281.1000061035156,281.75,280.54998779296875,280.70001220703125,1672122,0.1424987100425712,279.8675033569336,278.7540008544922
2026-07-17 13:15:00,281.1000061035156,281.1000061035156,281.25,280.70001220703125,281.1000061035156,373250,0.0,279.9600036621094,278.8540008544922
2026-07-17 13:30:00,280.95001220703125,280.95001220703125,281.1000061035156,280.5,281.1000061035156,318632,-0.05335962050073695,280.04750366210936,278.9530010986328
2026-07-17 13:45:00,281.0,281.0,281.0,280.75,280.95001220703125,190470,0.017792415304085374,280.13250427246095,279.0410009765625
2026-07-17 14:00:00,281.20001220703125,281.20001220703125,281.25,280.8500061035156,281.0,266989,0.07117872136344072,280.19750518798827,279.1310009765625
2026-07-17 14:15:00,280.79998779296875,280.79998779296875,281.95001220703125,280.75,281.04998779296875,575757,-0.1422561865921934,280.2950042724609,279.2110009765625
2026-07-17 14:30:00,281.45001220703125,281.45001220703125,281.5,280.79998779296875,280.8500061035156,389557,0.23149018601160698,280.3925048828125,279.2960009765625
2026-07-17 14:45:00,280.79998779296875,280.79998779296875,281.5,280.79998779296875,281.29998779296875,379784,-0.23095554658720818,280.43750457763673,279.3710009765625
2026-07-17 15:00:00,280.8500061035156,280.8500061035156,281.04998779296875,280.79998779296875,280.8500061035156,599413,0.017812789430649012,280.4725051879883,279.4610009765625
2026-07-17 15:15:00,280.70001220703125,280.70001220703125,280.8999938964844,280.3500061035156,280.8999938964844,967991,-0.05340711882665383,280.48250579833984,279.54200134277346
2026-07-20 09:15:00,280.20001220703125,280.20001220703125,281.25,279.8500061035156,280.6499938964844,244913,-0.17812610554188701,280.48250579833984,279.60500183105466
2026-07-20 09:30:00,280.54998779296875,280.54998779296875,281.20001220703125,280.20001220703125,280.3500061035156,866085,0.1249020594898953,280.5050048828125,279.67000183105466
2026-07-20 09:45:00,280.70001220703125,280.70001220703125,280.95001220703125,280.29998779296875,280.3999938964844,503641,0.053475109816503164,280.5500061035156,279.732001953125
2026-07-20 10:00:00,280.3500061035156,280.3500061035156,280.79998779296875,280.25,280.70001220703125,582016,-0.12469044827025932,280.58750610351564,279.7760021972656
2026-07-20 10:15:00,280.8999938964844,280.8999938964844,281.0,280.3500061035156,280.5,131355,0.1961789837684913,280.64750518798826,279.8340020751953
2026-07-20 10:30:00,281.29998779296875,281.29998779296875,281.6000061035156,280.8999938964844,280.8999938964844,349274,0.1423972606534818,280.72750396728514,279.9040020751953
2026-07-20 10:45:00,283.70001220703125,283.70001220703125,283.70001220703125,281.20001220703125,281.20001220703125,951357,0.8531903726312517,280.93750457763673,280.0160021972656
2026-07-20 11:00:00,283.29998779296875,283.29998779296875,283.54998779296875,283.1000061035156,283.3999938964844,586068,-0.14100260727890612,281.1050033569336,280.122001953125
2026-07-20 11:15:00,283.04998779296875,283.04998779296875,283.3500061035156,282.8500061035156,283.3500061035156,434787,-0.088245679764265,281.2350021362305,280.22500183105467
2026-07-20 11:30:00,282.79998779296875,282.79998779296875,283.04998779296875,282.54998779296875,283.04998779296875,268468,-0.08832362154449491,281.34000091552736,280.3190014648437
2026-07-20 11:45:00,282.5,282.5,283.0,282.25,282.95001220703125,351246,-0.10607772486481704,281.4100006103516,280.4050012207031
2026-07-20 12:00:00,282.75,282.75,282.8999938964844,282.1000061035156,282.3999938964844,270744,0.08849557522123686,281.4925003051758,280.49700134277344
2026-07-20 12:15:00,283.1499938964844,283.1499938964844,283.20001220703125,282.70001220703125,282.70001220703125,224736,0.14146556904841567,281.6024993896484,280.58000122070314
2026-07-20 12:30:00,283.1000061035156,283.1000061035156,283.20001220703125,282.95001220703125,283.1000061035156,138850,-0.01765417412900039,281.7074996948242,280.65600158691404
2026-07-20 12:45:00,283.1499938964844,283.1499938964844,283.1499938964844,283.0,283.1000061035156,220632,0.017657291377970452,281.80499877929685,280.7250012207031
2026-07-20 13:00:00,283.0,283.0,283.20001220703125,282.70001220703125,283.1499938964844,823302,-0.05297330027109748,281.9149993896484,280.7850012207031
2026-07-20 13:15:00,282.8500061035156,282.8500061035156,283.20001220703125,282.70001220703125,282.95001220703125,246774,-0.05300137684960404,281.98499908447263,280.84600158691404
2026-07-20 13:30:00,282.54998779296875,282.54998779296875,282.8500061035156,282.45001220703125,282.8500061035156,263092,-0.10606975572666766,282.07249908447267,280.90900146484375
2026-07-20 13:45:00,282.54998779296875,282.54998779296875,282.79998779296875,282.3500061035156,282.54998779296875,155343,0.0,282.1574981689453,280.9630010986328
2026-07-20 14:00:00,282.29998779296875,282.29998779296875,282.79998779296875,282.20001220703125,282.54998779296875,135743,-0.08847991888188966,282.2374969482422,281.0110009765625
2026-07-20 14:15:00,282.25,282.25,282.5,282.1499938964844,282.29998779296875,106347,-0.017707330899852103,282.3399963378906,281.0640008544922
2026-07-20 14:30:00,282.1000061035156,282.1000061035156,282.3500061035156,281.8999938964844,282.25,293548,-0.05314221310340761,282.417497253418,281.1210009765625
2026-07-20 14:45:00,282.1000061035156,282.1000061035156,282.20001220703125,281.8500061035156,282.20001220703125,199064,0.0,282.4874969482422,281.1790008544922
2026-07-20 15:00:00,282.6000061035156,282.6000061035156,282.79998779296875,282.0,282.0,475771,0.17724210889116243,282.59999694824216,281.2450012207031
2026-07-20 15:15:00,282.95001220703125,282.95001220703125,283.0,282.45001220703125,282.75,665310,0.12385212171135418,282.7024978637695,281.3060015869141
2026-07-21 09:15:00,283.20001220703125,283.20001220703125,283.45001220703125,282.29998779296875,282.29998779296875,220269,0.08835482919755666,282.79749908447263,281.3930017089844
2026-07-21 09:30:00,283.6000061035156,283.6000061035156,283.8999938964844,283.20001220703125,283.29998779296875,367251,0.1412407765688739,282.79249877929686,281.47500183105467
2026-07-21 09:45:00,283.29998779296875,283.29998779296875,283.6499938964844,282.8999938964844,283.6000061035156,342911,-0.10578924685825664,282.79249877929686,281.5430017089844
2026-07-21 10:00:00,283.0,283.0,283.3999938964844,283.0,283.25,205418,-0.10589050684604029,282.7899993896484,281.60000183105467
2026-07-21 10:15:00,283.0,283.0,283.3500061035156,282.8999938964844,283.1000061035156,148942,0.0,282.8,281.6500018310547
2026-07-21 10:30:00,283.0,283.0,283.1000061035156,282.6499938964844,283.1000061035156,146129,0.0,282.825,281.70600158691406
2026-07-21 10:45:00,282.95001220703125,282.95001220703125,283.0,282.6000061035156,283.0,101290,-0.01766353108436647,282.8350006103516,281.76300170898435
2026-07-21 11:00:00,282.3500061035156,282.3500061035156,282.95001220703125,282.20001220703125,282.95001220703125,191481,-0.21205374717446768,282.7950012207031,281.81400207519533
2026-07-21 11:15:00,281.1000061035156,281.1000061035156,282.3999938964844,280.95001220703125,282.3999938964844,661047,-0.4427129353564485,282.69500122070315,281.8440020751953
2026-07-21 11:30:00,281.1499938964844,281.1499938964844,281.6000061035156,281.1000061035156,281.1000061035156,151365,0.01778292133880477,282.5950012207031,281.87300170898436
2026-07-21 11:45:00,281.29998779296875,281.29998779296875,281.45001220703125,281.1000061035156,281.20001220703125,102754,0.05335013328848781,282.51000061035154,281.9050012207031
2026-07-21 12:00:00,281.20001220703125,281.20001220703125,281.6499938964844,281.1499938964844,281.29998779296875,124822,-0.035540558221092144,282.42750091552733,281.9390014648437
2026-07-21 12:15:00,280.3500061035156,280.3500061035156,281.25,280.0,281.20001220703125,665237,-0.30227811757341794,282.3175018310547,281.94700134277343
2026-07-21 12:30:00,280.45001220703125,280.45001220703125,280.6000061035156,280.1499938964844,280.45001220703125,485055,0.03567187492006241,282.21250305175784,281.94700134277343
2026-07-21 12:45:00,279.70001220703125,279.70001220703125,280.5,279.6000061035156,280.45001220703125,372102,-0.26742733726334844,282.08250427246094,281.92700134277345
2026-07-21 13:00:00,279.79998779296875,279.79998779296875,279.8999938964844,279.6000061035156,279.70001220703125,243038,0.035743861842774116,281.9600036621094,281.9010009765625
2026-07-21 13:15:00,279.79998779296875,279.79998779296875,280.0,279.6000061035156,279.79998779296875,373453,0.0,281.84500274658205,281.87500061035155
2026-07-21 13:30:00,279.8999938964844,279.8999938964844,280.0,279.70001220703125,279.75,171128,0.035741997097438194,281.7350021362305,281.85400024414065
2026-07-21 13:45:00,279.75,279.75,280.0,279.6000061035156,279.8999938964844,323625,-0.05358838862277171,281.5925018310547,281.8290002441406
2026-07-21 14:00:00,279.25,279.25,279.8999938964844,279.20001220703125,279.6000061035156,312072,-0.17873100983020196,281.4075012207031,281.79
2026-07-21 14:15:00,279.5,279.5,279.54998779296875,278.95001220703125,279.29998779296875,799176,0.08952551477170445,281.2225006103516,281.7640002441406
2026-07-21 14:30:00,280.1000061035156,280.1000061035156,280.20001220703125,279.29998779296875,279.3999938964844,920625,0.21467123560487966,281.04750061035156,281.7370001220703
2026-07-21 14:45:00,280.6000061035156,280.6000061035156,280.70001220703125,280.04998779296875,280.04998779296875,709116,0.17850767194029782,280.9125015258789,281.7330004882813
2026-07-21 15:00:00,281.0,281.0,281.04998779296875,280.5,280.6000061035156,522847,0.1425494967155494,280.81250152587893,281.73600036621093
2026-07-21 15:15:00,281.1000061035156,281.1000061035156,281.45001220703125,280.79998779296875,280.8999938964844,1018742,0.03558936068170926,280.7175018310547,281.74400024414064
2026-07-22 09:15:00,279.54998779296875,279.54998779296875,281.0,279.54998779296875,280.6499938964844,240123,-0.5514116957991422,280.5450012207031,281.7309997558594
2026-07-22 09:30:00,278.8999938964844,278.8999938964844,279.8500061035156,278.75,279.6000061035156,365604,-0.23251437126362573,280.3425003051758,281.6979998779297
2026-07-22 09:45:00,278.8999938964844,278.8999938964844,279.1000061035156,278.70001220703125,278.8999938964844,148275,0.0,280.16999969482424,281.66199951171876
2026-07-22 10:00:00,278.95001220703125,278.95001220703125,279.20001220703125,278.8500061035156,279.04998779296875,190311,0.01793413827231305,280.0625,281.6339996337891
2026-07-22 10:15:00,278.75,278.75,279.1000061035156,278.5,278.95001220703125,215750,-0.0717018097431743,279.94250030517577,281.5909997558594
2026-07-22 10:30:00,278.8999938964844,278.8999938964844,279.20001220703125,278.6499938964844,278.8500061035156,152493,0.05380946959081534,279.82250061035154,281.5429998779297
2026-07-22 10:45:00,279.3500061035156,279.3500061035156,279.45001220703125,278.79998779296875,278.8999938964844,242168,0.1613525338398869,279.7300003051758,281.45599975585935
2026-07-22 11:00:00,279.3500061035156,279.3500061035156,279.45001220703125,279.1499938964844,279.25,594153,0.0,279.6800003051758,281.3770001220703
2026-07-22 11:15:00,279.29998779296875,279.29998779296875,279.3999938964844,279.04998779296875,279.3999938964844,218991,-0.017905247701455185,279.6224990844727,281.3020001220703
2026-07-22 11:30:00,280.29998779296875,280.29998779296875,280.6000061035156,279.1499938964844,279.20001220703125,3150244,0.3580379676712431,279.65249786376955,281.2520001220703
2026-07-22 11:45:00,280.1000061035156,280.1000061035156,280.6000061035156,280.04998779296875,280.3500061035156,262849,-0.07134559335080226,279.66749877929686,281.2040002441406
2026-07-22 12:00:00,280.1000061035156,280.1000061035156,280.20001220703125,279.95001220703125,280.20001220703125,209476,0.0,279.68249969482423,281.15100036621095
2026-07-22 12:15:00,280.5,280.5,280.70001220703125,280.1000061035156,280.20001220703125,374120,0.14280395850350125,279.7125,281.09800048828123
2026-07-22 12:30:00,280.3999938964844,280.3999938964844,280.5,280.1000061035156,280.5,158467,-0.03565279982731262,279.74499969482423,281.04400024414065
2026-07-22 12:45:00,281.3999938964844,281.3999938964844,281.5,280.3500061035156,280.45001220703125,414481,0.35663338864735383,279.8524993896484,281.0090002441406
2026-07-22 13:00:00,281.3500061035156,281.3500061035156,281.3999938964844,281.20001220703125,281.3500061035156,233292,-0.01776396377148881,279.9449996948242,280.97600036621094
2026-07-22 13:15:00,281.1499938964844,281.1499938964844,282.20001220703125,280.95001220703125,281.3999938964844,1205160,-0.0710901733400604,279.9974990844727,280.94200012207034
2026-07-22 13:30:00,281.20001220703125,281.20001220703125,281.3999938964844,281.0,281.1499938964844,766377,0.01779061413220706,280.0274993896484,280.91500061035157
2026-07-22 13:45:00,281.1000061035156,281.1000061035156,281.29998779296875,280.8999938964844,281.20001220703125,418535,-0.03556404664805113,280.0324996948242,280.8860009765625
2026-07-22 14:00:00,280.6000061035156,280.6000061035156,281.20001220703125,280.3500061035156,281.1000061035156,202694,-0.17787263932533826,280.0074996948242,280.85200134277346
2026-07-22 14:15:00,281.20001220703125,281.20001220703125,281.3500061035156,280.54998779296875,280.54998779296875,825106,0.21382968298806482,280.09000091552736,280.83100158691406
2026-07-22 14:30:00,280.6000061035156,280.6000061035156,281.29998779296875,280.54998779296875,281.20001220703125,502022,-0.21337342726496233,280.1750015258789,280.8010015869141
2026-07-22 14:45:00,280.8500061035156,280.8500061035156,281.20001220703125,280.6000061035156,280.6000061035156,217209,0.08909479492589245,280.27250213623046,280.77600158691405
2026-07-22 15:00:00,280.79998779296875,280.79998779296875,281.1000061035156,280.3999938964844,280.8500061035156,571576,-0.017809617041075754,280.36500091552733,280.7400012207031
2026-07-22 15:15:00,281.79998779296875,281.79998779296875,281.79998779296875,280.6000061035156,280.75,712693,0.35612537160696345,280.51750030517576,280.71700073242187
2026-07-23 09:15:00,280.70001220703125,280.70001220703125,281.29998779296875,279.79998779296875,279.8999938964844,127741,-0.3903391176672488,280.6075012207031,280.66700073242185
2026-07-23 09:30:00,280.1499938964844,280.1499938964844,280.70001220703125,280.0,280.6000061035156,476490,-0.19594523926889096,280.6475006103516,280.59800048828123
2026-07-23 09:45:00,280.25,280.25,280.6000061035156,280.1000061035156,280.1499938964844,134230,0.03569734274295744,280.69250030517577,280.53700073242186
2026-07-23 10:00:00,280.3999938964844,280.3999938964844,280.6499938964844,280.0,280.29998779296875,192606,0.053521461725014596,280.74750061035155,280.48500061035156
2026-07-23 10:15:00,280.20001220703125,280.20001220703125,280.6000061035156,280.1000061035156,280.3999938964844,348735,-0.07132014757709193,280.7425018310547,280.4290008544922
2026-07-23 10:30:00,282.1499938964844,282.1499938964844,282.20001220703125,280.1000061035156,280.20001220703125,665951,0.6959249123845046,280.8450012207031,280.41200073242186
2026-07-23 10:45:00,282.3999938964844,282.3999938964844,282.75,281.79998779296875,282.1499938964844,425183,0.08860535367998246,280.9600006103516,280.40100036621095
2026-07-23 11:00:00,282.20001220703125,282.20001220703125,282.5,281.8999938964844,282.3999938964844,1320005,-0.07081504737086464,281.0450012207031,280.39800048828124
2026-07-23 11:15:00,282.70001220703125,282.70001220703125,282.79998779296875,281.79998779296875,282.20001220703125,1090722,0.17717929779292874,281.16000213623045,280.43000061035156
2026-07-23 11:30:00,283.3500061035156,283.3500061035156,283.79998779296875,282.6000061035156,282.79998779296875,1402693,0.2299235473709027,281.257502746582,280.4740008544922
2026-07-23 11:45:00,283.1000061035156,283.1000061035156,283.70001220703125,282.95001220703125,283.29998779296875,835336,-0.08823010221099548,281.34500274658205,280.51000122070315
2026-07-23 12:00:00,283.25,283.25,283.3999938964844,282.8999938964844,283.1000061035156,389291,0.052982653921085365,281.4500030517578,280.5510009765625
2026-07-23 12:15:00,282.79998779296875,282.79998779296875,283.3999938964844,282.75,283.25,415895,-0.15887456558913993,281.5300018310547,280.6000006103516
2026-07-23 12:30:00,281.6000061035156,281.6000061035156,282.8999938964844,281.5,282.75,1211347,-0.42432169068253867,281.5550018310547,280.62300048828126
2026-07-23 12:45:00,281.25,281.25,281.8500061035156,279.8500061035156,281.6000061035156,2454470,-0.12429193747494072,281.5875015258789,280.6540002441406
2026-07-23 13:00:00,280.8500061035156,280.8500061035156,281.25,280.6499938964844,281.25,464015,-0.14222005208333055,281.57000122070315,280.67500061035156
2026-07-23 13:15:00,280.29998779296875,280.29998779296875,281.20001220703125,279.95001220703125,280.8500061035156,2789184,-0.1958405905621241,281.5550003051758,280.68500061035155
2026-07-23 13:30:00,280.6000061035156,280.6000061035156,280.75,280.1000061035156,280.25,616205,0.10703472123176905,281.5425003051758,280.69900085449217
2026-07-23 13:45:00,281.75,281.75,281.8500061035156,280.5,280.6000061035156,460693,0.40983388149327116,281.59000091552736,280.7390008544922
2026-07-23 14:00:00,281.1499938964844,281.1499938964844,281.8500061035156,280.8999938964844,281.79998779296875,574291,-0.21295691340394995,281.5575012207031,280.77700073242187
2026-07-23 14:15:00,281.29998779296875,281.29998779296875,281.3500061035156,280.8999938964844,281.20001220703125,531263,0.05335013328848781,281.5875,280.81300048828126
2026-07-23 14:30:00,281.1000061035156,281.1000061035156,281.8999938964844,281.1000061035156,281.25,777874,-0.0710919652084363,281.63500061035154,280.83300048828124
2026-07-23 14:45:00,280.8500061035156,280.8500061035156,281.25,280.5,281.20001220703125,787467,-0.08893631966266913,281.66500091552734,280.83800048828124
2026-07-23 15:00:00,281.3999938964844,281.3999938964844,281.45001220703125,280.45001220703125,280.8999938964844,1185537,0.19582972441383184,281.71500091552736,280.84600036621094
2026-07-23 15:15:00,281.54998779296875,281.54998779296875,281.95001220703125,281.3500061035156,281.45001220703125,1215158,0.05330273622519144,281.7824996948242,280.855
2026-07-24 09:15:00,281.1499938964844,281.1499938964844,281.54998779296875,279.6499938964844,279.70001220703125,521756,-0.14206851849644098,281.73249969482424,280.88700012207033
2026-07-24 09:30:00,280.8500061035156,280.8500061035156,281.6000061035156,280.75,281.1499938964844,1142362,-0.10670026657699783,281.6550003051758,280.9260003662109
2026-07-24 09:45:00,281.0,281.0,281.20001220703125,280.6000061035156,280.75,260972,0.053407118826664934,281.5949996948242,280.96800048828123
2026-07-24 10:00:00,280.70001220703125,280.70001220703125,281.1000061035156,280.5,281.1000061035156,396895,-0.10675722169706248,281.49499969482423,281.00300048828126
2026-07-24 10:15:00,282.45001220703125,282.45001220703125,282.5,280.6000061035156,280.70001220703125,494239,0.6234413693966268,281.45,281.0770007324219
2026-07-24 10:30:00,282.1499938964844,282.1499938964844,282.5,281.79998779296875,282.45001220703125,1321518,-0.106219967279364,281.4024993896484,281.1420007324219
2026-07-24 10:45:00,282.20001220703125,282.20001220703125,282.3999938964844,281.8999938964844,282.04998779296875,551398,0.017727560385916163,281.35,281.19900085449217
2026-07-24 11:00:00,282.25,282.25,282.79998779296875,282.04998779296875,282.20001220703125,2779186,0.017713604112845616,281.32250061035154,281.2570007324219
2026-07-24 11:15:00,282.75,282.75,282.8500061035156,282.1499938964844,282.25,1408096,0.1771479185119551,281.38000030517577,281.3260009765625
2026-07-24 11:30:00,282.45001220703125,282.45001220703125,282.8500061035156,282.20001220703125,282.79998779296875,989057,-0.10609647850353676,281.4400009155273,281.36900146484373
2026-07-24 11:45:00,282.79998779296875,282.79998779296875,282.8999938964844,282.04998779296875,282.45001220703125,1077361,0.12390708826770513,281.5375,281.4230010986328
2026-07-24 12:00:00,283.95001220703125,283.95001220703125,284.25,282.70001220703125,282.79998779296875,1633026,0.40665645816944096,281.7200012207031,281.5000012207031
2026-07-24 12:15:00,283.75,283.75,284.6000061035156,283.45001220703125,283.95001220703125,4206289,-0.0704392317072422,281.8775009155273,281.56500122070315
2026-07-24 12:30:00,284.79998779296875,284.79998779296875,284.8500061035156,283.3500061035156,283.70001220703125,929677,0.37003975082599005,282.0300003051758,281.6530010986328
2026-07-24 12:45:00,283.95001220703125,283.95001220703125,284.79998779296875,283.8500061035156,284.79998779296875,413595,-0.2984464966183098,282.1700012207031,281.70400146484377
2026-07-24 13:00:00,283.75,283.75,284.04998779296875,283.20001220703125,283.95001220703125,316773,-0.0704392317072422,282.29250183105466,281.75200134277344
2026-07-24 13:15:00,283.70001220703125,283.70001220703125,283.8999938964844,283.5,283.6499938964844,276882,-0.017616843337009414,282.4225021362305,281.80300170898437
2026-07-24 13:30:00,283.79998779296875,283.79998779296875,283.8999938964844,283.5,283.79998779296875,280930,0.035239894831073926,282.57000122070315,281.8550012207031
2026-07-24 13:45:00,284.70001220703125,284.70001220703125,284.70001220703125,283.75,283.79998779296875,357409,0.31713335192919967,282.7350021362305,281.92700134277345
2026-07-24 14:00:00,284.1000061035156,284.1000061035156,284.75,284.04998779296875,284.6499938964844,476743,-0.21075029075843243,282.8625030517578,281.99700134277344
2026-07-24 14:15:00,284.3500061035156,284.3500061035156,284.5,284.0,284.25,349261,0.08799718219960617,283.0225036621094,282.0600012207031
2026-07-24 14:30:00,284.04998779296875,284.04998779296875,284.5,283.8999938964844,284.3500061035156,565755,-0.10551021772711167,283.18250274658203,282.1290008544922
2026-07-24 14:45:00,283.70001220703125,283.70001220703125,284.45001220703125,283.45001220703125,284.20001220703125,1623241,-0.1232091536622737,283.31750335693357,282.1860009765625
2026-07-24 15:00:00,283.3500061035156,283.3500061035156,283.70001220703125,282.95001220703125,283.70001220703125,1193081,-0.12337190287471378,283.4500030517578,282.23700134277345
2026-07-24 15:15:00,284.0,284.0,284.0,283.3500061035156,283.3999938964844,1113711,0.2293961116933696,283.5275024414062,282.28100158691404
2026-07-27 09:15:00,287.3999938964844,287.3999938964844,287.70001220703125,286.0,287.20001220703125,2314331,1.1971809494663255,283.7900024414063,282.4150012207031
2026-07-27 09:30:00,287.20001220703125,287.20001220703125,287.3999938964844,286.29998779296875,287.3999938964844,1199967,-0.06958305278362831,284.0400024414063,282.5560015869141
2026-07-27 09:45:00,286.8999938964844,286.8999938964844,287.6000061035156,286.54998779296875,287.20001220703125,1751370,-0.10446319561108197,284.27250213623046,282.6890014648437
2026-07-27 10:00:00,287.29998779296875,287.29998779296875,287.3500061035156,286.25,286.8999938964844,474660,0.13941927674934185,284.50000152587893,282.8270013427734
2026-07-27 10:15:00,287.1000061035156,287.1000061035156,287.3999938964844,286.8500061035156,287.20001220703125,444986,-0.06960727391231991,284.7325012207031,282.96500122070313
2026-07-27 10:30:00,286.79998779296875,286.79998779296875,287.1499938964844,286.79998779296875,287.1000061035156,401702,-0.10449958347917843,284.9325012207031,283.0580010986328
2026-07-27 10:45:00,286.70001220703125,286.70001220703125,286.95001220703125,286.5,286.8999938964844,320874,-0.03485899239635826,285.07000122070315,283.14400146484377
2026-07-27 11:00:00,286.6499938964844,286.6499938964844,287.0,286.6000061035156,286.8500061035156,228608,-0.017446218492223053,285.21500091552736,283.2330010986328
2026-07-27 11:15:00,286.45001220703125,286.45001220703125,286.79998779296875,286.1000061035156,286.70001220703125,945510,-0.06976511205695202,285.2975021362305,283.3080010986328
2026-07-27 11:30:00,286.5,286.5,287.1000061035156,286.3500061035156,286.5,1797791,0.017450791006634603,285.4250015258789,283.3710009765625
2026-07-27 11:45:00,286.95001220703125,286.95001220703125,287.25,286.45001220703125,286.5,971885,0.1570723235711169,285.58500213623046,283.4480010986328
2026-07-27 12:00:00,286.79998779296875,286.79998779296875,287.0,286.45001220703125,286.8999938964844,836048,-0.05228242121636528,285.74000091552733,283.51900085449216
2026-07-27 12:15:00,286.54998779296875,286.54998779296875,286.79998779296875,286.29998779296875,286.79998779296875,490090,-0.08716876242702565,285.8775009155273,283.5940008544922
2026-07-27 12:30:00,286.5,286.5,286.75,286.29998779296875,286.3999938964844,783434,-0.01744470252947883,285.9675003051758,283.6920007324219
2026-07-27 12:45:00,286.5,286.5,286.6000061035156,286.3500061035156,286.45001220703125,151908,0.0,286.0875,283.79700073242185
2026-07-27 13:00:00,286.6499938964844,286.6499938964844,286.79998779296875,286.3999938964844,286.45001220703125,537284,0.0523538905704557,286.20249938964844,283.9130004882812
2026-07-27 13:15:00,286.6000061035156,286.6000061035156,286.79998779296875,286.54998779296875,286.70001220703125,173526,-0.017438616442744248,286.33000030517576,284.0390008544922
2026-07-27 13:30:00,286.54998779296875,286.54998779296875,286.70001220703125,286.3500061035156,286.6499938964844,120239,-0.01745230616946314,286.47249908447264,284.15800048828123
2026-07-27 13:45:00,286.3999938964844,286.3999938964844,286.6000061035156,286.3500061035156,286.45001220703125,118503,-0.052344757589994906,286.62499847412107,284.2510003662109
2026-07-27 14:00:00,286.70001220703125,286.70001220703125,286.70001220703125,286.3999938964844,286.3999938964844,117708,0.10475499893178863,286.75999908447267,284.36200073242185
2026-07-27 14:15:00,286.5,286.5,286.70001220703125,286.1499938964844,286.70001220703125,368525,-0.06976358511168179,286.7149993896484,284.4660009765625
2026-07-27 14:30:00,286.25,286.25,286.54998779296875,285.8500061035156,286.5,1023957,-0.08726003490401313,286.66749877929686,284.5690008544922
2026-07-27 14:45:00,285.8999938964844,285.8999938964844,286.29998779296875,285.8500061035156,286.29998779296875,545560,-0.12227287459061209,286.61749877929685,284.67000061035156
2026-07-27 15:00:00,286.1000061035156,286.1000061035156,286.20001220703125,285.8999938964844,285.95001220703125,707280,0.06995880073494831,286.55749969482423,284.76400085449217
2026-07-27 15:15:00,285.6000061035156,285.6000061035156,286.1000061035156,285.54998779296875,286.0,1424605,-0.17476406477918704,286.48249969482424,284.8450012207031
2026-07-28 09:15:00,287.29998779296875,287.29998779296875,287.8500061035156,284.54998779296875,284.8999938964844,2091658,0.5952316712615868,286.5074996948242,284.96800109863284
2026-07-28 09:30:00,286.3999938964844,286.3999938964844,287.45001220703125,285.8500061035156,287.29998779296875,621846,-0.31325928810442827,286.49249877929685,285.07900085449216
2026-07-28 09:45:00,286.1499938964844,286.1499938964844,286.6000061035156,286.04998779296875,286.54998779296875,356555,-0.08729050465355881,286.4674987792969,285.1820007324219
2026-07-28 10:00:00,285.25,285.25,286.29998779296875,284.6499938964844,286.20001220703125,535745,-0.3145182301873328,286.4074981689453,285.27300048828124
2026-07-28 10:15:00,286.0,286.0,286.20001220703125,285.04998779296875,285.25,304645,0.2629272567922891,286.3824981689453,285.3440002441406
2026-07-28 10:30:00,285.70001220703125,285.70001220703125,286.75,285.54998779296875,286.0,1153423,-0.10489083670236488,286.3199981689453,285.41500061035157
2026-07-28 10:45:00,285.6499938964844,285.6499938964844,286.04998779296875,285.5,285.70001220703125,356114,-0.017507283307582888,286.2624984741211,285.48400024414065
2026-07-28 11:00:00,284.6499938964844,284.6499938964844,285.6499938964844,284.54998779296875,285.54998779296875,330373,-0.3500787752029111,286.16749877929686,285.5320001220703
2026-07-28 11:15:00,283.45001220703125,283.45001220703125,284.8999938964844,283.25,284.6499938964844,537372,-0.4215639259382953,286.01499938964844,285.54600036621093
2026-07-28 11:30:00,283.04998779296875,283.04998779296875,283.45001220703125,282.95001220703125,283.45001220703125,394299,-0.1411269701305673,285.8424987792969,285.55799987792966
2026-07-28 11:45:00,283.0,283.0,283.5,282.79998779296875,283.04998779296875,225810,-0.017660411632069994,285.65999908447264,285.5620001220703
2026-07-28 12:00:00,282.5,282.5,283.1499938964844,282.5,283.04998779296875,284909,-0.17667844522968323,285.4549987792969,285.5329998779297
2026-07-28 12:15:00,282.8500061035156,282.8500061035156,282.8999938964844,282.29998779296875,282.5,295144,0.12389596584623241,285.2699996948242,285.515
2026-07-28 12:30:00,283.25,283.25,283.45001220703125,282.45001220703125,282.79998779296875,1012078,0.14141555165390063,285.1125,285.48400024414065
2026-07-28 12:45:00,283.3500061035156,283.3500061035156,283.79998779296875,283.1499938964844,283.20001220703125,486059,0.03530665613966644,284.9449996948242,285.4720001220703
2026-07-28 13:00:00,283.25,283.25,283.8500061035156,283.1000061035156,283.3500061035156,537313,-0.03529419493962793,284.7824996948242,285.4620001220703
2026-07-28 13:15:00,283.75,283.75,283.95001220703125,283.04998779296875,283.1000061035156,321170,0.1765225066195919,284.6574996948242,285.4629998779297
2026-07-28 13:30:00,283.5,283.5,284.0,283.29998779296875,283.79998779296875,185814,-0.08810572687224516,284.5375,285.4570001220703
2026-07-28 13:45:00,284.20001220703125,284.20001220703125,284.45001220703125,283.3999938964844,283.3999938964844,375883,0.24691788607804632,284.44250030517577,285.44700012207034
2026-07-28 14:00:00,284.6000061035156,284.6000061035156,284.75,284.20001220703125,284.20001220703125,207177,0.14074379989574837,284.39250030517576,285.4570001220703
2026-07-28 14:15:00,284.5,284.5,284.70001220703125,284.3999938964844,284.45001220703125,189493,-0.03513917827508983,284.2525009155273,285.46
2026-07-28 14:30:00,284.6499938964844,284.6499938964844,284.70001220703125,284.04998779296875,284.3999938964844,421965,0.05272193198044839,284.16500091552734,285.4720001220703
2026-07-28 14:45:00,284.1499938964844,284.1499938964844,284.6499938964844,284.1000061035156,284.5,451085,-0.17565431607977633,284.0650009155273,285.4809997558594
2026-07-28 15:00:00,284.6499938964844,284.6499938964844,284.70001220703125,284.04998779296875,284.1499938964844,799024,0.175963403392565,284.0350006103516,285.50699951171873
2026-07-28 15:15:00,284.8500061035156,284.8500061035156,285.1000061035156,284.45001220703125,284.54998779296875,1270747,0.07026601486737061,283.97750091552734,285.52399963378906
2026-07-29 09:15:00,287.3500061035156,287.3500061035156,287.79998779296875,284.29998779296875,285.79998779296875,973981,0.8776548872853063,284.06000061035155,285.5229998779297
2026-07-29 09:30:00,288.3999938964844,288.3999938964844,289.0,286.8999938964844,287.3999938964844,1756624,0.36540378307508004,284.19750061035154,285.54699951171875
2026-07-29 09:45:00,287.3500061035156,287.3500061035156,288.6499938964844,287.20001220703125,288.3999938964844,499815,-0.3640734449341321,284.33250122070314,285.5559997558594
2026-07-29 10:00:00,287.79998779296875,287.79998779296875,288.1499938964844,287.25,287.45001220703125,280678,0.15659706973907284,284.55,285.56599975585937
2026-07-29 10:15:00,287.6000061035156,287.6000061035156,287.8500061035156,287.29998779296875,287.8500061035156,218663,-0.0694863439664184,284.77750091552736,285.57599975585936
2026-07-29 10:30:00,287.25,287.25,288.0,287.1000061035156,287.6000061035156,1645663,-0.12169892075372113,284.99000091552733,285.585
2026-07-29 10:45:00,286.6000061035156,286.6000061035156,287.25,286.3500061035156,287.20001220703125,502921,-0.22628160016862076,285.19500122070315,285.5829998779297
2026-07-29 11:00:00,287.3500061035156,287.3500061035156,287.6000061035156,286.3999938964844,286.5,1323474,0.2616887592560291,285.4200012207031,285.5970001220703
2026-07-29 11:15:00,286.8999938964844,286.8999938964844,287.6499938964844,286.6000061035156,287.3999938964844,1447787,-0.1566076900896718,285.60250091552734,285.6059997558594
2026-07-29 11:30:00,287.20001220703125,287.20001220703125,287.3500061035156,286.6499938964844,287.0,356414,0.10457243531873939,285.7950012207031,285.62
2026-07-29 11:45:00,287.8500061035156,287.8500061035156,288.0,287.04998779296875,287.20001220703125,825413,0.22632098497816777,286.0250015258789,285.6379998779297
2026-07-29 12:00:00,287.6499938964844,287.6499938964844,288.04998779296875,287.45001220703125,287.8500061035156,875037,-0.06948487156165362,286.2200012207031,285.655
2026-07-29 12:15:00,287.3500061035156,287.3500061035156,287.79998779296875,287.29998779296875,287.6499938964844,457048,-0.10428917063586285,286.4125015258789,285.67100036621093
2026-07-29 12:30:00,286.6000061035156,286.6000061035156,287.3999938964844,286.45001220703125,287.3999938964844,776978,-0.261005736582387,286.5325012207031,285.6730004882813
2026-07-29 12:45:00,286.75,286.75,286.8500061035156,286.25,286.6000061035156,427549,0.052335622222621225,286.64000091552737,285.67800048828127
2026-07-29 13:00:00,287.1499938964844,287.1499938964844,287.29998779296875,286.6000061035156,286.70001220703125,416663,0.13949220452811328,286.7725006103516,285.68800048828126
2026-07-29 13:15:00,287.1000061035156,287.1000061035156,287.20001220703125,286.75,287.1499938964844,466823,-0.01740825144741498,286.89500122070314,285.69800048828125
2026-07-29 13:30:00,286.6499938964844,286.6499938964844,287.3999938964844,286.5,287.1000061035156,773910,-0.15674406041948918,287.02000122070314,285.70000061035154
2026-07-29 13:45:00,287.0,287.0,287.1499938964844,286.54998779296875,286.6499938964844,1040223,0.12210225395714591,287.1375015258789,285.71200073242187
2026-07-29 14:00:00,287.04998779296875,287.04998779296875,287.20001220703125,286.75,287.0,296805,0.017417349466453125,287.24750061035155,285.7190002441406
2026-07-29 14:15:00,287.0,287.0,287.29998779296875,286.70001220703125,287.04998779296875,413703,-0.01741431635412516,287.2300003051758,285.72900024414065
2026-07-29 14:30:00,286.75,286.75,287.25,286.6499938964844,287.0,423568,-0.08710801393728707,287.1475006103516,285.73900024414064
2026-07-29 14:45:00,287.04998779296875,287.04998779296875,287.20001220703125,286.75,286.75,566019,0.10461649275284035,287.1324996948242,285.76200012207033
2026-07-29 15:00:00,286.29998779296875,286.29998779296875,287.04998779296875,286.04998779296875,287.04998779296875,906076,-0.2612785340164958,287.05749969482423,285.76599975585935
2026-07-29 15:15:00,286.1000061035156,286.1000061035156,286.29998779296875,285.79998779296875,286.25,956469,-0.06985040097093886,286.98249969482424,285.7759997558594
2026-07-30 09:15:00,287.6000061035156,287.6000061035156,288.25,285.6499938964844,286.1499938964844,462857,0.5242921943375611,287.0,285.7820001220703
2026-07-30 09:30:00,287.20001220703125,287.20001220703125,288.29998779296875,287.0,287.5,636220,-0.13907993323908352,287.0300003051758,285.7980004882813
2026-07-30 09:45:00,287.3500061035156,287.3500061035156,287.70001220703125,287.04998779296875,287.25,196954,0.0522262848569266,287.0300003051758,285.8220007324219
2026-07-30 10:00:00,286.29998779296875,286.29998779296875,287.3500061035156,286.20001220703125,287.3500061035156,211478,-0.3654144034257012,287.0,285.84300048828123
2026-07-30 10:15:00,285.8500061035156,285.8500061035156,286.5,285.8500061035156,286.20001220703125,264242,-0.15717139666052704,286.93249969482423,285.8400006103516
2026-07-30 10:30:00,286.04998779296875,286.04998779296875,286.3999938964844,285.75,285.79998779296875,568983,0.06996035864372807,286.8424987792969,285.8470001220703
2026-07-30 10:45:00,285.8999938964844,285.8999938964844,286.5,285.70001220703125,286.04998779296875,1104815,-0.05243625341209146,286.7549987792969,285.8520001220703
2026-07-30 11:00:00,285.54998779296875,285.54998779296875,286.1000061035156,285.3999938964844,285.8999938964844,242736,-0.12242256417898112,286.66499786376954,285.87
2026-07-30 11:15:00,286.29998779296875,286.29998779296875,286.54998779296875,285.3999938964844,285.54998779296875,1807921,0.26265103556710745,286.6499969482422,285.92699951171875
2026-07-30 11:30:00,286.45001220703125,286.45001220703125,286.8500061035156,285.8999938964844,286.29998779296875,2000953,0.05240112485473958,286.63499755859374,285.995
2026-07-30 11:45:00,286.3999938964844,286.3999938964844,286.75,286.25,286.5,909682,-0.017461444725208608,286.5974975585938,286.0629998779297
2026-07-30 12:00:00,286.29998779296875,286.29998779296875,286.6000061035156,286.20001220703125,286.45001220703125,402755,-0.03491833297726288,286.55749664306643,286.13899963378907
2026-07-30 12:15:00,286.5,286.5,286.75,286.20001220703125,286.29998779296875,278961,0.06986106027215833,286.5499969482422,286.2119995117188
2026-07-30 12:30:00,286.6000061035156,286.6000061035156,286.79998779296875,286.29998779296875,286.3999938964844,350710,0.03490614433354633,286.52999725341795,286.27899963378906
2026-07-30 12:45:00,286.54998779296875,286.54998779296875,286.6499938964844,286.25,286.6000061035156,329521,-0.01745230616946314,286.50499725341797,286.34299926757814
2026-07-30 13:00:00,285.54998779296875,285.54998779296875,286.6000061035156,285.5,286.6000061035156,791097,-0.3489792506019884,286.43249664306643,286.3889990234375
2026-07-30 13:15:00,285.45001220703125,285.45001220703125,285.6000061035156,285.1499938964844,285.45001220703125,205800,-0.0350115882372215,286.367497253418,286.4229992675781
2026-07-30 13:30:00,285.20001220703125,285.20001220703125,285.6000061035156,285.04998779296875,285.5,1212664,-0.08758100869117325,286.2749984741211,286.4569995117188
2026-07-30 13:45:00,285.04998779296875,285.04998779296875,285.3999938964844,284.79998779296875,285.20001220703125,537060,-0.052603228485692544,286.2124984741211,286.4739990234375
2026-07-30 14:00:00,284.20001220703125,284.20001220703125,285.04998779296875,283.75,285.0,1441120,-0.29818474735555656,286.11749877929685,286.4659991455078
2026-07-30 14:15:00,284.1499938964844,284.1499938964844,284.5,283.8500061035156,284.0,546657,-0.017599686276736914,285.9449981689453,286.4589990234375
2026-07-30 14:30:00,283.95001220703125,283.95001220703125,284.5,283.8999938964844,284.20001220703125,441246,-0.07037891738472801,285.7824981689453,286.44499938964844
2026-07-30 14:45:00,284.29998779296875,284.29998779296875,284.3999938964844,283.79998779296875,283.95001220703125,491769,0.12325253421097138,285.62999725341797,286.4479992675781
2026-07-30 15:00:00,285.0,285.0,285.1000061035156,283.8999938964844,284.29998779296875,1004461,0.24622308726267583,285.5649978637695,286.45499938964844
2026-07-30 15:15:00,285.54998779296875,285.54998779296875,285.79998779296875,284.95001220703125,284.95001220703125,1532814,0.1929781729714808,285.5499969482422,286.4689990234375
2026-07-31 09:15:00,283.75,283.75,285.75,283.3500061035156,285.54998779296875,475134,-0.6303582104418726,285.43499755859375,286.39699890136717
2026-07-31 09:30:00,282.25,282.25,283.75,281.1000061035156,283.75,1295690,-0.5286343612334821,285.2524978637695,286.2739990234375
2026-07-31 09:45:00,282.70001220703125,282.70001220703125,283.1000061035156,282.25,282.25,555755,0.15943745156110634,285.10999908447263,286.1809991455078
2026-07-31 10:00:00,282.8500061035156,282.8500061035156,283.04998779296875,282.6499938964844,282.75,216026,0.05305761938720899,284.9375,286.0819995117188
2026-07-31 10:15:00,282.6000061035156,282.6000061035156,283.1000061035156,282.3999938964844,282.79998779296875,316655,-0.08838606844806529,284.74499969482423,285.98199951171875
2026-07-31 10:30:00,282.25,282.25,282.79998779296875,281.95001220703125,282.6499938964844,453032,-0.12385212171135418,284.5375,285.88199951171873
2026-07-31 10:45:00,282.1499938964844,282.1499938964844,282.3999938964844,281.75,282.3999938964844,349044,-0.03543174615256994,284.33000030517576,285.7929992675781
2026-07-31 11:00:00,281.54998779296875,281.54998779296875,282.1499938964844,281.20001220703125,282.1000061035156,552509,-0.21265501204857928,284.0824996948242,285.6769989013672
2026-07-31 11:15:00,281.3500061035156,281.3500061035156,281.6499938964844,281.1499938964844,281.54998779296875,503941,-0.07102883968163054,283.8199996948242,285.5659991455078
2026-07-31 11:30:00,281.45001220703125,281.45001220703125,281.6000061035156,281.1000061035156,281.3500061035156,275930,0.0355450866700302,283.5650009155273,285.4509991455078
2026-07-31 11:45:00,281.45001220703125,281.45001220703125,281.70001220703125,281.3999938964844,281.5,157264,0.0,283.3600021362305,285.3229992675781
2026-07-31 12:00:00,281.8999938964844,281.8999938964844,281.95001220703125,280.79998779296875,281.45001220703125,696855,0.15987979034874922,283.1825012207031,285.20799926757815
2026-07-31 12:15:00,282.1000061035156,282.1000061035156,282.20001220703125,281.5,281.8999938964844,357040,0.07095147618367825,283.02750091552736,285.1029992675781
2026-07-31 12:30:00,282.45001220703125,282.45001220703125,282.70001220703125,282.0,282.04998779296875,527759,0.12407163982377512,282.89750213623046,285.01999938964843
2026-07-31 12:45:00,282.75,282.75,282.95001220703125,282.45001220703125,282.5,230137,0.10620916268500036,282.8250015258789,284.93999938964845
2026-07-31 13:00:00,282.75,282.75,282.8999938964844,282.5,282.75,175206,0.0,282.7550018310547,284.85199951171876
2026-07-31 13:15:00,283.0,283.0,283.20001220703125,282.6000061035156,282.75,415662,0.08841732979663064,282.70750122070314,284.76999938964843
2026-07-31 13:30:00,281.1000061035156,281.1000061035156,283.04998779296875,280.04998779296875,283.0,1179489,-0.6713759351534843,282.5475021362305,284.65899963378905
2026-07-31 13:45:00,281.1000061035156,281.1000061035156,281.3999938964844,280.95001220703125,281.1499938964844,369842,0.0,282.3525024414063,284.5409997558594
2026-07-31 14:00:00,280.95001220703125,280.95001220703125,281.3500061035156,280.6499938964844,281.1499938964844,557980,-0.05335962050073695,282.12250366210935,284.41900024414065
2026-07-31 14:15:00,281.0,281.0,281.20001220703125,280.75,281.0,469471,0.017792415304085374,281.98500366210936,284.29900024414064
2026-07-31 14:30:00,280.8500061035156,280.8500061035156,281.3500061035156,280.75,281.0,1131367,-0.05337861084853124,281.91500396728514,284.1810003662109
2026-07-31 14:45:00,280.8500061035156,280.8500061035156,280.8999938964844,280.45001220703125,280.8500061035156,870387,0.0,281.8225036621094,284.0570007324219
2026-07-31 15:00:00,281.1000061035156,281.1000061035156,281.3500061035156,280.8999938964844,281.04998779296875,2093865,0.08901548676052418,281.73500366210936,283.9530010986328
2026-07-31 15:15:00,281.0,281.0,281.3500061035156,280.6000061035156,281.0,2232639,-0.03557669916193218,281.6550033569336,283.8510009765625
2026-08-03 09:15:00,290.45001220703125,290.45001220703125,290.75,283.25,284.5,5672436,3.36299366798265,282.0650039672852,283.90800109863284
2026-08-03 09:30:00,291.6499938964844,291.6499938964844,292.3999938964844,290.04998779296875,290.6000061035156,6637834,0.4131456839457037,282.54000396728514,283.9970007324219
2026-08-03 09:45:00,291.25,291.25,292.3999938964844,290.79998779296875,291.5,3320213,-0.13714860444206112,283.0250045776367,284.07500061035154
2026-08-03 10:00:00,291.54998779296875,291.54998779296875,292.0,290.29998779296875,291.25,2409843,0.10300010059012266,283.5350036621094,284.18000061035156
2026-08-03 10:15:00,291.6499938964844,291.6499938964844,292.5,291.20001220703125,291.54998779296875,1656887,0.034301528966840245,284.04500274658204,284.29600036621093
2026-08-03 10:30:00,291.5,291.5,292.1499938964844,291.5,291.6499938964844,1069747,-0.05142941869479278,284.5475021362305,284.4050006103516
2026-08-03 10:45:00,289.8999938964844,289.8999938964844,291.6000061035156,289.29998779296875,291.5,2039824,-0.5488871710173648,284.94750213623047,284.48500061035156
2026-08-03 11:00:00,288.45001220703125,288.45001220703125,289.95001220703125,288.3500061035156,289.8999938964844,2226992,-0.5001661676374058,285.26500244140624,284.5430010986328
2026-08-03 11:15:00,288.8999938964844,288.8999938964844,289.54998779296875,288.29998779296875,288.3999938964844,1213269,0.15599988573762325,285.5875015258789,284.5950012207031
2026-08-03 11:30:00,289.1499938964844,289.1499938964844,289.25,288.6000061035156,289.0,758430,0.08653513509231381,285.9075012207031,284.6490008544922
2026-08-03 11:45:00,288.1000061035156,288.1000061035156,289.54998779296875,288.0,289.1000061035156,1229214,-0.3631291077753396,286.1750015258789,284.6830010986328
2026-08-03 12:00:00,288.20001220703125,288.20001220703125,288.45001220703125,287.8500061035156,288.1499938964844,1247714,0.03471228788509695,286.4350021362305,284.72100158691404
2026-08-03 12:15:00,288.1000061035156,288.1000061035156,288.3999938964844,287.8999938964844,288.29998779296875,449465,-0.0347002426369758,286.78500213623045,284.75300170898436
2026-08-03 12:30:00,287.3999938964844,287.3999938964844,288.25,287.20001220703125,288.04998779296875,906634,-0.2429754224926084,287.1000015258789,284.76900146484377
2026-08-03 12:45:00,286.70001220703125,286.70001220703125,287.54998779296875,286.6499938964844,287.54998779296875,861701,-0.24355661249778615,287.3875015258789,284.772001953125
2026-08-03 13:00:00,286.3999938964844,286.3999938964844,287.0,286.20001220703125,286.70001220703125,732584,-0.10464537766752269,287.6575012207031,284.7890020751953
2026-08-03 13:15:00,286.5,286.5,286.8500061035156,286.04998779296875,286.3500061035156,767276,0.03491833297726288,287.9400009155273,284.8100018310547
2026-08-03 13:30:00,286.3500061035156,286.3500061035156,286.8999938964844,286.25,286.6000061035156,630758,-0.0523538905704668,288.21500091552736,284.8330017089844
2026-08-03 13:45:00,286.3500061035156,286.3500061035156,286.70001220703125,286.25,286.29998779296875,605602,0.0,288.47750091552734,284.8590020751953
2026-08-03 14:00:00,286.45001220703125,286.45001220703125,286.70001220703125,286.1499938964844,286.45001220703125,486052,0.03492442863068934,288.75000152587893,284.9040020751953
2026-08-03 14:15:00,286.3500061035156,286.3500061035156,286.79998779296875,286.0,286.54998779296875,693280,-0.03491223573184321,288.5450012207031,284.94800231933596
2026-08-03 14:30:00,286.29998779296875,286.29998779296875,286.6000061035156,286.1499938964844,286.3500061035156,499470,-0.01746754303501019,288.27750091552736,284.9950018310547
2026-08-03 14:45:00,286.70001220703125,286.70001220703125,286.8999938964844,286.25,286.29998779296875,996083,0.13972212054433886,288.0500015258789,285.0430023193359
2026-08-03 15:00:00,286.5,286.5,286.70001220703125,285.8999938964844,286.6499938964844,2057030,-0.06976358511168179,287.7975021362305,285.07300231933596
2026-08-03 15:15:00,287.0,287.0,287.0,286.45001220703125,286.45001220703125,229730,0.17452006980802626,287.56500244140625,285.10200256347656
2026-08-04 09:15:00,286.70001220703125,286.70001220703125,287.0,284.70001220703125,286.20001220703125,462628,-0.10452536340374019,287.3250030517578,285.1610028076172
2026-08-04 09:30:00,286.6000061035156,286.6000061035156,286.8500061035156,286.29998779296875,286.70001220703125,322300,-0.034881792555840896,287.1600036621094,285.2480029296875
2026-08-04 09:45:00,286.54998779296875,286.54998779296875,287.0,286.5,286.75,488374,-0.01745230616946314,287.06500244140625,285.32500244140624
2026-08-04 10:00:00,285.95001220703125,285.95001220703125,286.70001220703125,285.1499938964844,286.54998779296875,536015,-0.20937903035995742,286.9175033569336,285.3870025634766
2026-08-04 10:15:00,285.79998779296875,285.79998779296875,286.04998779296875,285.6000061035156,285.95001220703125,156634,-0.05246525884177178,286.7500030517578,285.4510021972656
2026-08-04 10:30:00,285.5,285.5,285.95001220703125,285.3500061035156,285.79998779296875,337308,-0.10496424275079352,286.62000274658203,285.5160021972656
2026-08-04 10:45:00,285.1499938964844,285.1499938964844,285.6499938964844,284.8999938964844,285.54998779296875,317984,-0.12259408179181586,286.4675018310547,285.5760021972656
2026-08-04 11:00:00,287.0,287.0,287.04998779296875,285.1000061035156,285.25,1502482,0.6487834974975293,286.4125015258789,285.68500244140625
2026-08-04 11:15:00,287.20001220703125,287.20001220703125,288.3999938964844,286.79998779296875,287.0,1409146,0.06969066447082284,286.4025024414062,285.80200256347655
2026-08-04 11:30:00,286.45001220703125,286.45001220703125,287.3500061035156,286.3999938964844,287.25,296667,-0.26114205018186176,286.39000244140624,285.9020025634766
2026-08-04 11:45:00,286.5,286.5,286.95001220703125,286.3999938964844,286.45001220703125,522725,0.017450791006634603,286.395002746582,286.00300231933596
2026-08-04 12:00:00,286.8500061035156,286.8500061035156,286.95001220703125,286.25,286.45001220703125,212288,0.12216617923757056,286.4125030517578,286.10200256347656
2026-08-04 12:15:00,288.1499938964844,288.1499938964844,288.75,286.8500061035156,286.8500061035156,752693,0.453194270632018,286.50250244140625,286.22300231933593
2026-08-04 12:30:00,287.79998779296875,287.79998779296875,288.25,287.54998779296875,288.25,240069,-0.12146663575546279,286.5750015258789,286.3300018310547
2026-08-04 12:45:00,287.8500061035156,287.8500061035156,288.1000061035156,287.6000061035156,287.79998779296875,245637,0.0173795388006992,286.64500122070314,286.432001953125
2026-08-04 13:00:00,287.3500061035156,287.3500061035156,287.8500061035156,287.25,287.8500061035156,233951,-0.17370157700125066,286.69500122070315,286.5240020751953
2026-08-04 13:15:00,287.1499938964844,287.1499938964844,287.54998779296875,287.04998779296875,287.29998779296875,374141,-0.06960577789554279,286.7375015258789,286.607001953125
2026-08-04 13:30:00,286.79998779296875,286.79998779296875,287.25,286.70001220703125,287.20001220703125,241792,-0.12188964337634944,286.7425003051758,286.72100158691404
2026-08-04 13:45:00,286.70001220703125,286.70001220703125,287.1499938964844,286.5,286.8999938964844,521384,-0.03485899239635826,286.7525009155273,286.8330017089844
2026-08-04 14:00:00,286.54998779296875,286.54998779296875,286.8500061035156,286.29998779296875,286.79998779296875,228562,-0.05232801104806395,286.7300003051758,286.94500122070315
2026-08-04 14:15:00,286.79998779296875,286.79998779296875,287.3500061035156,286.3999938964844,286.5,613264,0.08724481265049988,286.73499908447263,287.0610009765625
2026-08-04 14:30:00,286.8500061035156,286.8500061035156,287.20001220703125,286.6499938964844,286.8500061035156,337564,0.017440136916246907,286.7474990844727,287.1810009765625
2026-08-04 14:45:00,286.5,286.5,287.20001220703125,286.5,286.8999938964844,352321,-0.12201711558943451,286.74499969482423,287.2940008544922
2026-08-04 15:00:00,289.0,289.0,289.0,286.1000061035156,286.54998779296875,1395439,0.8726003490401313,286.89749908447266,287.4520007324219
2026-08-05 09:15:00,287.0,287.0,288.1000061035156,286.6000061035156,288.1000061035156,334858,-0.692041522491349,286.9574996948242,287.5720007324219
2026-08-05 09:30:00,287.3500061035156,287.3500061035156,287.54998779296875,286.79998779296875,287.0,331004,0.12195334617268738,287.05,287.51000061035154
2026-08-05 09:45:00,286.29998779296875,286.29998779296875,287.5,286.1499938964844,287.20001220703125,432799,-0.3654144034257012,287.10749969482424,287.40300048828124
2026-08-05 10:00:00,286.04998779296875,286.04998779296875,286.45001220703125,285.79998779296875,286.29998779296875,398113,-0.08732099568958818,287.0599990844727,287.29900024414064
2026-08-05 10:15:00,285.8999938964844,285.8999938964844,286.25,285.79998779296875,286.04998779296875,308409,-0.05243625341209146,286.9949981689453,287.1860003662109
2026-08-05 10:30:00,285.70001220703125,285.70001220703125,285.8999938964844,285.45001220703125,285.8999938964844,317930,-0.06994812652061366,286.95749816894534,287.0670007324219
2026-08-05 10:45:00,285.8500061035156,285.8500061035156,285.95001220703125,285.3999938964844,285.70001220703125,459087,0.05250048655078832,286.9249984741211,286.95400085449216
2026-08-05 11:00:00,285.75,285.75,286.25,285.6000061035156,285.8999938964844,739146,-0.03498551736235145,286.8699981689453,286.8710009765625
2026-08-05 11:15:00,285.5,285.5,286.0,285.3999938964844,285.75,650612,-0.08748906386701893,286.7374984741211,286.8120007324219
2026-08-05 11:30:00,285.5,285.5,285.54998779296875,285.1000061035156,285.5,362328,0.0,286.6224990844727,286.7440008544922
2026-08-05 11:45:00,285.20001220703125,285.20001220703125,285.54998779296875,285.1499938964844,285.54998779296875,172138,-0.1050745334391423,286.48999938964846,286.6650012207031
2026-08-05 12:00:00,285.45001220703125,285.45001220703125,285.54998779296875,285.1499938964844,285.20001220703125,180264,0.08765778025932036,286.3949996948242,286.61200134277345
2026-08-05 12:15:00,285.3500061035156,285.3500061035156,285.5,285.20001220703125,285.5,204897,-0.03503454168468645,286.3050003051758,286.5550012207031
2026-08-05 12:30:00,285.1499938964844,285.1499938964844,285.3999938964844,285.1000061035156,285.3500061035156,184325,-0.07009364035502896,286.2225006103516,286.4960009765625
2026-08-05 12:45:00,285.54998779296875,285.54998779296875,285.54998779296875,285.04998779296875,285.20001220703125,865017,0.14027490971280088,286.1649993896484,286.45900085449216
2026-08-05 13:00:00,285.54998779296875,285.54998779296875,285.54998779296875,285.5,285.54998779296875,170107,0.0,286.11499938964846,286.4360003662109
2026-08-05 13:15:00,285.6499938964844,285.6499938964844,285.6499938964844,285.5,285.54998779296875,188536,0.035022275535223635,286.05749969482423,286.42100036621093
2026-08-05 13:30:00,286.29998779296875,286.29998779296875,286.3500061035156,285.6000061035156,285.6000061035156,505022,0.22754906717061818,286.0299987792969,286.4170001220703
2026-08-05 13:45:00,286.25,286.25,286.3999938964844,285.79998779296875,286.29998779296875,1002709,-0.01745993541742985,286.0174987792969,286.415
2026-08-05 14:00:00,286.04998779296875,286.04998779296875,286.29998779296875,285.79998779296875,286.29998779296875,238467,-0.06987326009825212,285.8699981689453,286.40899963378905
2026-08-05 14:15:00,286.25,286.25,286.29998779296875,286.0,286.04998779296875,374233,0.06992211696090767,285.83249816894534,286.4049993896484
2026-08-05 14:30:00,286.45001220703125,286.45001220703125,286.6000061035156,286.20001220703125,286.29998779296875,367507,0.06987326009826322,285.7874984741211,286.40699951171877
2026-08-05 14:45:00,286.6499938964844,286.6499938964844,286.75,286.3999938964844,286.45001220703125,943530,0.06981381774513462,285.80499877929685,286.41399963378905
2026-08-05 15:00:00,287.0,287.0,287.0,285.95001220703125,286.70001220703125,1234895,0.12210225395714591,285.8524993896484,286.4199993896484
2026-08-05 15:15:00,286.95001220703125,286.95001220703125,286.95001220703125,286.95001220703125,286.95001220703125,294362,-0.017417349466464227,285.9050003051758,286.4289996337891
2026-08-06 09:15:00,286.1499938964844,286.1499938964844,286.20001220703125,285.3500061035156,286.20001220703125,168933,-0.2788005842528696,285.92749938964846,286.41199951171876
2026-08-06 09:30:00,285.3500061035156,285.3500061035156,286.1499938964844,285.25,286.1499938964844,328412,-0.2795693901912699,285.9024993896484,286.38499938964844
2026-08-06 09:45:00,285.29998779296875,285.29998779296875,285.6499938964844,285.20001220703125,285.3999938964844,239404,-0.017528757482743185,285.8799987792969,286.3589990234375
2026-08-06 10:00:00,284.8999938964844,284.8999938964844,285.3500061035156,284.54998779296875,285.3500061035156,658414,-0.1402011614436649,285.8499984741211,286.3259991455078
2026-08-06 10:15:00,284.04998779296875,284.04998779296875,284.8999938964844,283.79998779296875,284.8999938964844,601678,-0.2983524470781318,285.77749786376955,286.2879986572266
2026-08-06 10:30:00,284.29998779296875,284.29998779296875,284.45001220703125,283.95001220703125,284.1499938964844,216169,0.08801267760736309,285.7324966430664,286.25799865722655
2026-08-06 10:45:00,284.3999938964844,284.3999938964844,284.45001220703125,283.8999938964844,284.3500061035156,346726,0.03517626022144782,285.67999572753905,286.2359985351562
2026-08-06 11:00:00,284.29998779296875,284.29998779296875,284.5,284.04998779296875,284.3999938964844,386547,-0.03516389087969696,285.6274948120117,286.21899841308596
2026-08-06 11:15:00,284.79998779296875,284.79998779296875,284.95001220703125,284.3500061035156,284.45001220703125,363445,0.175870566819758,285.60999450683596,286.1749981689453
2026-08-06 11:30:00,285.0,285.0,285.3999938964844,284.6499938964844,284.79998779296875,410387,0.07022900828796974,285.5824951171875,286.13099792480466
2026-08-06 11:45:00,285.5,285.5,285.6499938964844,285.0,285.0,431962,0.17543859649122862,285.5799957275391,286.11199768066405
2026-08-06 12:00:00,285.20001220703125,285.20001220703125,285.6000061035156,285.04998779296875,285.5,270215,-0.1050745334391423,285.55749664306643,286.0859979248047
2026-08-06 12:15:00,285.1000061035156,285.1000061035156,285.3500061035156,284.6000061035156,285.20001220703125,336360,-0.03506525218625045,285.49749755859375,286.0509979248047
2026-08-06 12:30:00,285.1000061035156,285.1000061035156,285.3500061035156,285.0,285.1499938964844,436085,0.0,285.4399978637695,285.9899981689453
2026-08-06 12:45:00,284.79998779296875,284.79998779296875,285.20001220703125,284.70001220703125,285.1000061035156,258842,-0.10523265665520753,285.3774978637695,285.9299981689453
2026-08-06 13:00:00,284.5,284.5,284.95001220703125,284.3999938964844,284.79998779296875,756727,-0.10533279698973219,285.28999786376954,285.862998046875
2026-08-06 13:15:00,284.6000061035156,284.6000061035156,284.8999938964844,284.29998779296875,284.45001220703125,871526,0.035151530233967776,285.19749755859374,285.807998046875
2026-08-06 13:30:00,284.79998779296875,284.79998779296875,285.1000061035156,284.29998779296875,284.70001220703125,550174,0.0702676335784691,285.104997253418,285.7609979248047
2026-08-06 13:45:00,285.04998779296875,285.04998779296875,285.1000061035156,284.3999938964844,284.79998779296875,879139,0.08778090263885652,285.0074966430664,285.7259979248047
2026-08-06 14:00:00,285.1499938964844,285.1499938964844,285.3999938964844,284.70001220703125,284.8999938964844,396220,0.03508370734899291,284.91749572753906,285.69499755859374
2026-08-06 14:15:00,285.1499938964844,285.1499938964844,285.75,285.04998779296875,285.1499938964844,395460,0.0,284.86749572753905,285.66699768066405
2026-08-06 14:30:00,284.79998779296875,284.79998779296875,285.3999938964844,284.75,285.1499938964844,711146,-0.12274455935730177,284.8399948120117,285.6269976806641
2026-08-06 14:45:00,284.6000061035156,284.6000061035156,284.8999938964844,284.5,284.8999938964844,472656,-0.07021829284574732,284.80499572753905,285.5819976806641
2026-08-06 15:00:00,285.04998779296875,285.04998779296875,285.1499938964844,284.54998779296875,284.6499938964844,1127098,0.1581102177803384,284.81249542236327,285.5529974365234
2026-08-06 15:15:00,285.8999938964844,285.8999938964844,285.8999938964844,285.1000061035156,285.8999938964844,434396,0.2981954533999076,284.9049957275391,285.4909973144531
2026-08-07 09:15:00,285.0,285.0,285.6000061035156,284.8500061035156,285.3999938964844,191631,-0.3147932548785648,284.93999633789065,285.4509973144531
2026-08-07 09:30:00,285.29998779296875,285.29998779296875,285.45001220703125,284.95001220703125,285.1000061035156,225929,0.10525887472587758,284.98499603271483,285.40999694824217
2026-08-07 09:45:00,285.04998779296875,285.04998779296875,285.3999938964844,285.04998779296875,285.3999938964844,155430,-0.08762706298516276,285.02249603271486,285.3849969482422
2026-08-07 10:00:00,285.1000061035156,285.1000061035156,285.25,285.0,285.20001220703125,148306,0.01754720669666643,285.03749694824216,285.3659973144531
2026-08-07 10:15:00,284.75,284.75,285.1000061035156,284.70001220703125,285.0,177583,-0.12276608068136907,285.0249969482422,285.34299743652343
2026-08-07 10:30:00,284.75,284.75,285.0,284.6000061035156,284.75,185323,0.0,284.9874969482422,285.3239971923828
2026-08-07 10:45:00,284.95001220703125,284.95001220703125,285.0,284.6000061035156,284.6499938964844,370114,0.07024133697322021,284.97499694824216,285.3059973144531
2026-08-07 11:00:00,285.1000061035156,285.1000061035156,285.1000061035156,284.79998779296875,284.79998779296875,134196,0.05263866996272348,284.97499694824216,285.2929974365234
2026-08-07 11:15:00,285.1000061035156,285.1000061035156,285.1499938964844,284.8999938964844,285.1000061035156,99118,0.0,284.97499694824216,285.2849975585938
2026-08-07 11:30:00,285.54998779296875,285.54998779296875,285.6000061035156,285.1000061035156,285.1000061035156,460432,0.15783292873370325,285.0124969482422,285.28599731445314
2026-08-07 11:45:00,285.3999938964844,285.3999938964844,285.6499938964844,285.20001220703125,285.54998779296875,333613,-0.052528069653823284,285.05749664306643,285.28999694824216
2026-08-07 12:00:00,285.1000061035156,285.1000061035156,285.3999938964844,284.8500061035156,285.3999938964844,140105,-0.10511135227198043,285.0824966430664,285.2829968261719
2026-08-07 12:15:00,285.1000061035156,285.1000061035156,285.20001220703125,284.8500061035156,285.04998779296875,179386,0.0,285.0974975585938,285.2779968261719
2026-08-07 12:30:00,284.70001220703125,284.70001220703125,285.1000061035156,284.6499938964844,285.1000061035156,203346,-0.1402995047075306,285.0799987792969,285.2689971923828
2026-08-07 12:45:00,284.6499938964844,284.6499938964844,284.8500061035156,284.6000061035156,284.6499938964844,120867,-0.0175687770994859,285.05499877929685,285.2509973144531
2026-08-07 13:00:00,285.0,285.0,285.0,284.54998779296875,284.6499938964844,155292,0.12296016547357347,285.04749908447263,285.23999755859376
2026-08-07 13:15:00,285.1000061035156,285.1000061035156,285.45001220703125,284.79998779296875,285.0,200274,0.035089860882675517,285.0625,285.2289978027344
2026-08-07 13:30:00,285.20001220703125,285.20001220703125,285.25,285.04998779296875,285.20001220703125,140362,0.03507755221840991,285.0925003051758,285.2069982910156
2026-08-07 13:45:00,284.8999938964844,284.8999938964844,285.3500061035156,284.8500061035156,285.1499938964844,173740,-0.10519575655876245,285.0850006103516,285.1799981689453
2026-08-07 14:00:00,284.6000061035156,284.6000061035156,284.95001220703125,284.5,284.8999938964844,297424,-0.10529582288364425,285.02000122070314,285.15099853515625
2026-08-07 14:15:00,284.70001220703125,284.70001220703125,284.8500061035156,284.5,284.6000061035156,287076,0.03513917827508983,285.0050018310547,285.11999877929685
2026-08-07 14:30:00,284.8999938964844,284.8999938964844,284.95001220703125,284.6499938964844,284.8500061035156,218419,0.07024295078277287,284.9850021362305,285.08899841308596
2026-08-07 14:45:00,284.8999938964844,284.8999938964844,285.0,284.75,284.95001220703125,336363,0.0,284.9775024414063,285.05399841308594
2026-08-07 15:00:00,285.0,285.0,285.04998779296875,284.75,285.0,582318,0.03510217818816219,284.97250213623045,285.0139984130859
2026-08-07 15:15:00,286.1000061035156,286.1000061035156,286.1000061035156,284.8999938964844,284.8999938964844,336432,0.38596705386513275,285.0400024414063,284.99699829101564
2026-08-10 09:15:00,284.95001220703125,284.95001220703125,286.04998779296875,284.3999938964844,285.8999938964844,162843,-0.401955215641725,285.0500030517578,284.9729986572266
2026-08-10 09:30:00,284.3500061035156,284.3500061035156,284.8999938964844,284.20001220703125,284.8500061035156,379823,-0.21056538965146254,285.020002746582,284.95299865722654
2026-08-10 09:45:00,284.04998779296875,284.04998779296875,284.29998779296875,283.8500061035156,284.29998779296875,518203,-0.10551021772711167,284.9675018310547,284.92799865722657
2026-08-10 10:00:00,284.04998779296875,284.04998779296875,284.54998779296875,283.8500061035156,284.04998779296875,574922,0.0,284.91500091552734,284.91099853515624
2026-08-10 10:15:00,284.25,284.25,284.29998779296875,283.79998779296875,284.0,392681,0.07041443957991333,284.8500015258789,284.91499877929687
2026-08-10 10:30:00,284.3500061035156,284.3500061035156,284.3500061035156,284.1499938964844,284.1499938964844,120113,0.03518244626758982,284.7975021362305,284.91599914550784
2026-08-10 10:45:00,284.1499938964844,284.1499938964844,284.3500061035156,283.70001220703125,284.3500061035156,625856,-0.07034014515140408,284.75000152587893,284.9109991455078
2026-08-10 11:00:00,283.8999938964844,283.8999938964844,284.20001220703125,283.70001220703125,284.1499938964844,225896,-0.0879817016962825,284.6900009155273,284.90299926757814
2026-08-10 11:15:00,283.8999938964844,283.8999938964844,283.95001220703125,283.79998779296875,283.8999938964844,144025,0.0,284.65,284.88499938964844
2026-08-10 11:30:00,283.8999938964844,283.8999938964844,283.8999938964844,283.79998779296875,283.8999938964844,140498,0.0,284.6125,284.8629992675781
2026-08-10 11:45:00,284.04998779296875,284.04998779296875,284.04998779296875,283.79998779296875,283.95001220703125,126785,0.05283335671331102,284.56499938964845,284.8339990234375
2026-08-10 12:00:00,283.5,283.5,284.04998779296875,283.1000061035156,284.04998779296875,1086314,-0.19362359324218703,284.48499908447263,284.79999877929686
2026-08-10 12:15:00,283.6499938964844,283.6499938964844,283.75,283.45001220703125,283.5,139121,0.05290789999448098,284.4074981689453,284.77099853515625
2026-08-10 12:30:00,283.0,283.0,283.70001220703125,282.8999938964844,283.70001220703125,444839,-0.229153502721946,284.31249847412107,284.72899841308595
2026-08-10 12:45:00,283.0,283.0,283.0,282.8500061035156,283.0,244277,0.0,284.2324981689453,284.69299865722655
2026-08-10 13:00:00,282.95001220703125,282.95001220703125,283.0,282.8500061035156,283.0,138022,-0.01766353108436647,284.14499816894534,284.6619989013672
2026-08-10 13:15:00,283.04998779296875,283.04998779296875,283.1000061035156,282.75,282.8500061035156,161134,0.03533330327774031,284.05249786376953,284.63099853515627
2026-08-10 13:30:00,283.0,283.0,283.25,282.8999938964844,283.04998779296875,159048,-0.017660411632069994,283.95749816894534,284.5949987792969
2026-08-10 13:45:00,282.95001220703125,282.95001220703125,283.1499938964844,282.8500061035156,283.1000061035156,157577,-0.01766353108436647,283.85499877929686,284.5529992675781
2026-08-10 14:00:00,282.95001220703125,282.95001220703125,283.0,282.6499938964844,282.95001220703125,374369,0.0,283.69749908447267,284.5089996337891
2026-08-10 14:15:00,282.8500061035156,282.8500061035156,283.0,282.6000061035156,282.95001220703125,376726,-0.03534408877934325,283.5924987792969,284.4629998779297
2026-08-10 14:30:00,282.5,282.5,283.0,282.29998779296875,282.95001220703125,533151,-0.12374265369028414,283.49999847412107,284.4170001220703
2026-08-10 14:45:00,282.75,282.75,282.75,282.3500061035156,282.5,355593,0.08849557522123686,283.4349990844727,284.38
2026-08-10 15:00:00,281.95001220703125,281.95001220703125,282.75,281.79998779296875,282.6499938964844,1396250,-0.28293113809682024,283.33000030517576,284.31800048828126
2026-08-10 15:15:00,282.6499938964844,282.6499938964844,282.6499938964844,281.95001220703125,281.95001220703125,123754,0.2482644650283472,283.25,284.25300048828126
2026-08-11 09:15:00,281.0,281.0,282.1499938964844,281.0,282.0,942560,-0.5837586881705881,283.0824996948242,284.1730004882813
2026-08-11 09:30:00,281.20001220703125,281.20001220703125,281.5,281.0,281.1499938964844,354697,0.07117872136344072,282.93500061035155,284.0910009765625
2026-08-11 09:45:00,280.8500061035156,280.8500061035156,281.20001220703125,280.5,281.20001220703125,426928,-0.12446873695650673,282.7825012207031,284.00700134277344
2026-08-11 10:00:00,280.6000061035156,280.6000061035156,280.8999938964844,280.6000061035156,280.79998779296875,188567,-0.08901548676052418,282.6175018310547,283.91700134277346
2026-08-11 10:15:00,280.95001220703125,280.95001220703125,281.04998779296875,280.6000061035156,280.8500061035156,341292,0.12473488806215016,282.47000274658205,283.84100158691405
2026-08-11 10:30:00,281.1499938964844,281.1499938964844,281.20001220703125,280.8500061035156,281.0,253003,0.07118052349674997,282.3250030517578,283.76900146484377
2026-08-11 10:45:00,281.1499938964844,281.1499938964844,281.45001220703125,281.1000061035156,281.1499938964844,207014,0.0,282.207502746582,283.6930010986328
2026-08-11 11:00:00,281.29998779296875,281.29998779296875,281.3500061035156,281.0,281.1499938964844,226000,0.05335013328848781,282.0900024414062,283.6170007324219
2026-08-11 11:15:00,281.1499938964844,281.1499938964844,281.3500061035156,281.1499938964844,281.3500061035156,148524,-0.05332168609789578,281.9975021362305,283.5380004882812
2026-08-11 11:30:00,281.04998779296875,281.04998779296875,281.20001220703125,281.0,281.1499938964844,214856,-0.03557037371035854,281.9000015258789,283.44800048828125
2026-08-11 11:45:00,281.25,281.25,281.29998779296875,281.0,281.1499938964844,119499,0.07116606145471938,281.8150009155273,283.36500061035156
2026-08-11 12:00:00,281.70001220703125,281.70001220703125,281.70001220703125,281.1000061035156,281.25,197089,0.1600043402777862,281.7475021362305,283.29700073242185
2026-08-11 12:15:00,281.45001220703125,281.45001220703125,281.70001220703125,281.20001220703125,281.70001220703125,338965,-0.08874689001300284,281.67000274658204,283.2240008544922
2026-08-11 12:30:00,280.8999938964844,280.8999938964844,281.45001220703125,280.75,281.3999938964844,343668,-0.19542308995967872,281.5675018310547,283.14800048828124
2026-08-11 12:45:00,280.54998779296875,280.54998779296875,280.8999938964844,280.5,280.8999938964844,359592,-0.12460167715225845,281.44750061035154,283.0660003662109
2026-08-11 13:00:00,280.5,280.5,280.70001220703125,280.25,280.54998779296875,877960,-0.01781778475985485,281.33000030517576,282.97600036621094
2026-08-11 13:15:00,280.5,280.5,280.6499938964844,280.3500061035156,280.45001220703125,283964,0.0,281.2300003051758,282.8840002441406
2026-08-11 13:30:00,280.54998779296875,280.54998779296875,280.6499938964844,280.3999938964844,280.54998779296875,265574,0.017820960060155322,281.11999969482423,282.7909997558594
2026-08-11 13:45:00,280.3500061035156,280.3500061035156,280.79998779296875,280.29998779296875,280.54998779296875,188197,-0.07128201680789426,281.0399993896484,282.7
2026-08-11 14:00:00,280.20001220703125,280.20001220703125,280.3999938964844,280.0,280.29998779296875,605777,-0.053502369616142964,280.9175003051758,282.6120001220703
2026-08-11 14:15:00,279.75,279.75,280.20001220703125,279.6000061035156,280.20001220703125,629308,-0.16060392127990042,280.8550003051758,282.5129998779297
2026-08-11 14:30:00,279.20001220703125,279.20001220703125,279.79998779296875,279.1499938964844,279.75,1332122,-0.19659974726318197,280.75500030517577,282.3990002441406
2026-08-11 14:45:00,279.1000061035156,279.1000061035156,279.25,278.95001220703125,279.20001220703125,1317625,-0.03581880341805288,280.6675003051758,282.28300048828123
2026-08-11 15:00:00,279.0,279.0,279.25,278.3500061035156,279.1000061035156,2556540,-0.035831637881988954,280.5875,282.1630004882812
2026-08-12 09:15:00,278.6499938964844,278.6499938964844,279.54998779296875,278.04998779296875,279.29998779296875,344532,-0.12545021631384934,280.47249908447264,282.0140002441406
2026-08-12 09:30:00,278.54998779296875,278.54998779296875,278.70001220703125,278.29998779296875,278.6499938964844,233083,-0.03588950500849064,280.3424987792969,281.88599975585936
2026-08-12 09:45:00,278.3999938964844,278.3999938964844,278.75,278.20001220703125,278.54998779296875,187325,-0.05384810736227541,280.2049987792969,281.7669995117187
2026-08-12 10:00:00,277.8999938964844,277.8999938964844,278.54998779296875,277.79998779296875,278.29998779296875,311440,-0.17959770508684247,280.03499908447264,281.64399963378906
2026-08-12 10:15:00,277.8500061035156,277.8500061035156,278.20001220703125,277.70001220703125,277.8500061035156,244246,-0.017987691279819362,279.86999969482423,281.52
2026-08-12 10:30:00,277.95001220703125,277.95001220703125,278.20001220703125,277.79998779296875,277.8500061035156,153229,0.035992838336795785,279.71500091552736,281.3940002441406
2026-08-12 10:45:00,277.29998779296875,277.29998779296875,278.0,277.25,277.95001220703125,379727,-0.23386378323967394,279.51750030517576,281.2529998779297
2026-08-12 11:00:00,276.79998779296875,276.79998779296875,277.45001220703125,276.5,277.20001220703125,581127,-0.18031014136693502,279.27249908447266,281.1059997558594
2026-08-12 11:15:00,276.8500061035156,276.8500061035156,276.95001220703125,276.6000061035156,276.79998779296875,201690,0.018070199693887012,279.04249877929686,280.965
2026-08-12 11:30:00,276.8500061035156,276.8500061035156,277.0,276.75,276.8999938964844,214101,0.0,278.8399993896484,280.8240002441406
2026-08-12 11:45:00,277.0,277.0,277.0,276.75,276.8999938964844,225957,0.05417875859763388,278.6625,280.6860003662109
2026-08-12 12:00:00,276.95001220703125,276.95001220703125,277.0,276.8500061035156,277.0,299092,-0.018046134645754996,278.48500061035156,280.5440008544922
2026-08-12 12:15:00,276.8999938964844,276.8999938964844,277.0,276.8500061035156,276.95001220703125,179727,-0.01806041102806466,278.3050003051758,280.41200073242186
2026-08-12 12:30:00,277.0,277.0,277.0,276.79998779296875,277.0,806070,0.036116325648238856,278.1275009155273,280.2790008544922
2026-08-12 12:45:00,277.0,277.0,277.0,276.8500061035156,277.0,189744,0.0,277.9600006103516,280.1590008544922
2026-08-12 13:00:00,276.8500061035156,276.8500061035156,277.0,276.79998779296875,277.0,157608,-0.05414942111349186,277.7925003051758,280.0360009765625
2026-08-12 13:15:00,276.8500061035156,276.8500061035156,277.0,276.79998779296875,276.8500061035156,543896,0.0,277.6475006103516,279.9140008544922
2026-08-12 13:30:00,278.1000061035156,278.1000061035156,278.20001220703125,276.8500061035156,276.95001220703125,978886,0.4515080268889804,277.5925003051758,279.81500122070315
2026-08-12 13:45:00,278.25,278.25,278.6499938964844,278.0,278.1499938964844,418962,0.05393523667474032,277.55,279.7200012207031
2026-08-12 14:00:00,278.0,278.0,278.25,277.6000061035156,278.25,730015,-0.08984725965858198,277.5,279.6210009765625
2026-08-12 14:15:00,275.75,275.75,278.04998779296875,275.3999938964844,277.95001220703125,1737013,-0.8093525179856065,277.3550003051758,279.47700073242186
2026-08-12 14:30:00,277.1000061035156,277.1000061035156,277.45001220703125,275.54998779296875,275.54998779296875,901494,0.48957610281619157,277.2825012207031,279.36200073242185
2026-08-12 14:45:00,277.45001220703125,277.45001220703125,277.54998779296875,276.8999938964844,277.29998779296875,897175,0.1263103918463626,277.2350021362305,279.2610009765625
2026-08-12 15:00:00,276.5,276.5,277.54998779296875,276.5,277.45001220703125,1036260,-0.3424084214212808,277.1650024414063,279.1360009765625
2026-08-12 15:15:00,276.1499938964844,276.1499938964844,276.5,276.1499938964844,276.5,260763,-0.12658448590077143,277.0800018310547,279.0200006103516
2026-08-13 09:15:00,276.75,276.75,277.1000061035156,276.3999938964844,276.6499938964844,368222,0.21727543609526556,277.02000122070314,278.90200073242187
2026-08-13 09:30:00,277.20001220703125,277.20001220703125,277.3500061035156,276.6000061035156,276.70001220703125,299111,0.16260603686766295,277.01500244140624,278.8260009765625
2026-08-13 09:45:00,276.3999938964844,276.3999938964844,277.20001220703125,276.29998779296875,277.20001220703125,591958,-0.2886068814273224,276.99500274658203,278.73000061035157
2026-08-13 10:00:00,276.5,276.5,276.6499938964844,276.20001220703125,276.45001220703125,473177,0.03618165908971793,276.9775024414063,278.64300048828125
2026-08-13 10:15:00,276.6499938964844,276.6499938964844,276.75,276.3999938964844,276.45001220703125,220734,0.054247340500679364,276.9675018310547,278.56400024414063
2026-08-13 10:30:00,276.6499938964844,276.6499938964844,276.8500061035156,276.6000061035156,276.70001220703125,156687,0.0,276.9500015258789,278.4779998779297
2026-08-13 10:45:00,276.75,276.75,276.8999938964844,276.6000061035156,276.6499938964844,201689,0.03614896284909186,276.9400009155273,278.39
2026-08-13 11:00:00,276.5,276.5,276.79998779296875,276.3999938964844,276.75,270794,-0.09033423667570428,276.9200012207031,278.2970001220703
2026-08-13 11:15:00,277.6499938964844,277.6499938964844,277.75,276.3500061035156,276.5,347588,0.41591099330358094,276.95250091552737,278.2240002441406
2026-08-13 11:30:00,278.0,278.0,278.25,277.45001220703125,277.75,456248,0.1260601877218548,277.0025009155273,278.16100036621094
2026-08-13 11:45:00,277.70001220703125,277.70001220703125,278.0,277.20001220703125,277.8999938964844,1149319,-0.10790927804631423,277.0450012207031,278.0940008544922
2026-08-13 12:00:00,277.20001220703125,277.20001220703125,277.95001220703125,277.1499938964844,277.70001220703125,848452,-0.1800504062013597,277.06250152587893,278.0130010986328
2026-08-13 12:15:00,277.20001220703125,277.20001220703125,277.5,277.1000061035156,277.1499938964844,207505,0.0,277.0175018310547,277.9230010986328
2026-08-13 12:30:00,277.25,277.25,277.5,276.8999938964844,277.20001220703125,433807,0.01803311355246251,276.9675018310547,277.8390008544922
2026-08-13 12:45:00,277.54998779296875,277.54998779296875,277.6000061035156,277.1000061035156,277.20001220703125,188978,0.10820118772543186,276.94500122070315,277.7720007324219
2026-08-13 13:00:00,277.5,277.5,277.70001220703125,277.3999938964844,277.6000061035156,156020,-0.018010374767529758,277.0325012207031,277.7110009765625
2026-08-13 13:15:00,277.25,277.25,277.5,277.04998779296875,277.5,397786,-0.09009009009008917,277.04000091552734,277.6460009765625
2026-08-13 13:30:00,277.3999938964844,277.3999938964844,277.45001220703125,276.8999938964844,277.3500061035156,413107,0.05410059386270483,277.0375,277.58400085449216
2026-08-13 13:45:00,277.45001220703125,277.45001220703125,277.6000061035156,277.25,277.3999938964844,389521,0.018031114508798574,277.0850006103516,277.5220013427734
2026-08-13 14:00:00,277.25,277.25,277.45001220703125,277.1000061035156,277.45001220703125,227554,-0.07208945692241953,277.14000091552737,277.46000122070313
2026-08-13 14:15:00,277.29998779296875,277.29998779296875,277.6000061035156,277.20001220703125,277.25,440532,0.018029862206936365,277.1675003051758,277.40200073242187
2026-08-13 14:30:00,277.3500061035156,277.3500061035156,277.6000061035156,277.29998779296875,277.29998779296875,388954,0.018037617291288832,277.175,277.3540008544922
2026-08-13 14:45:00,277.29998779296875,277.29998779296875,277.5,277.1000061035156,277.5,413795,-0.018034364321672935,277.2199996948242,277.3160003662109
2026-08-13 15:00:00,277.3500061035156,277.3500061035156,277.6000061035156,277.1000061035156,277.1000061035156,1523288,0.018037617291288832,277.2625,277.28100036621095
2026-08-13 15:15:00,278.5,278.5,278.5,277.45001220703125,277.45001220703125,415285,0.4146363335774117,277.3550003051758,277.27100036621096
2026-08-14 09:15:00,276.3999938964844,276.3999938964844,277.8999938964844,276.3999938964844,277.79998779296875,376851,-0.7540416888745516,277.3425003051758,277.22600036621094
2026-08-14 09:30:00,276.70001220703125,276.70001220703125,276.75,276.3999938964844,276.54998779296875,281116,0.1085449772691538,277.34000091552736,277.1890008544922
2026-08-14 09:45:00,277.29998779296875,277.29998779296875,277.54998779296875,276.70001220703125,276.70001220703125,321765,0.2168325115535552,277.38000030517577,277.16700073242185
2026-08-14 10:00:00,277.6000061035156,277.6000061035156,277.75,277.1000061035156,277.29998779296875,221057,0.10819268797475079,277.3775009155273,277.1610009765625
2026-08-14 10:15:00,278.1000061035156,278.1000061035156,278.1499938964844,277.3500061035156,277.6000061035156,275712,0.1801152698150732,277.38250122070315,277.1660009765625
2026-08-14 10:30:00,278.04998779296875,278.04998779296875,278.1499938964844,277.75,278.0,139260,-0.017985727957248177,277.4,277.1680004882812
2026-08-14 10:45:00,277.95001220703125,277.95001220703125,278.1000061035156,277.8999938964844,278.1000061035156,159832,-0.03595597566145026,277.4375,277.1810009765625
2026-08-14 11:00:00,278.0,278.0,278.1000061035156,277.8500061035156,277.95001220703125,129033,0.0179844543167329,277.4774993896484,277.20500122070314
2026-08-14 11:15:00,277.70001220703125,277.70001220703125,278.0,277.70001220703125,278.0,155918,-0.10790927804631423,277.5,277.2220013427734
2026-08-14 11:30:00,276.95001220703125,276.95001220703125,277.70001220703125,276.6000061035156,277.70001220703125,458656,-0.2700756093020451,277.4700012207031,277.22400146484375
2026-08-14 11:45:00,276.8999938964844,276.8999938964844,277.1000061035156,276.6499938964844,276.95001220703125,187594,-0.01806041102806466,277.4400009155273,277.2220013427734
2026-08-14 12:00:00,276.8500061035156,276.8500061035156,276.95001220703125,276.54998779296875,276.8500061035156,405266,-0.01805265224651409,277.4200012207031,277.2200012207031
2026-08-14 12:15:00,277.0,277.0,277.0,276.75,276.8999938964844,123985,0.05417875859763388,277.4000015258789,277.2220013427734
2026-08-14 12:30:00,276.8500061035156,276.8500061035156,277.04998779296875,276.79998779296875,276.8999938964844,118776,-0.05414942111349186,277.3700012207031,277.21900146484376
2026-08-14 12:45:00,276.8500061035156,276.8500061035156,277.0,276.54998779296875,277.0,777739,0.0,277.3500015258789,277.21600158691405
2026-08-14 13:00:00,276.54998779296875,276.54998779296875,276.8500061035156,276.1499938964844,276.79998779296875,384170,-0.10836854034046439,277.31250152587893,277.21000122070313
2026-08-14 13:15:00,276.3999938964844,276.3999938964844,276.54998779296875,276.20001220703125,276.5,115981,-0.05423753502266093,277.26500091552737,277.2010009765625
2026-08-14 13:30:00,276.8500061035156,276.8500061035156,276.8500061035156,276.29998779296875,276.3999938964844,126468,0.16281194535763266,277.2425018310547,277.1760009765625
2026-08-14 13:45:00,277.0,277.0,277.1499938964844,276.79998779296875,276.8500061035156,248362,0.05417875859763388,277.2250015258789,277.1510009765625
2026-08-14 14:00:00,277.54998779296875,277.54998779296875,278.0,277.0,277.04998779296875,857608,0.19855154980821244,277.17750091552733,277.1420007324219
2026-08-14 14:15:00,277.6499938964844,277.6499938964844,277.79998779296875,277.54998779296875,277.6499938964844,137718,0.036031744879849725,277.24000091552733,277.18000061035156
2026-08-14 14:30:00,277.3500061035156,277.3500061035156,277.6499938964844,277.25,277.6499938964844,148046,-0.1080453086847899,277.2725006103516,277.18500061035155
2026-08-14 14:45:00,277.54998779296875,277.54998779296875,277.70001220703125,277.25,277.3500061035156,192186,0.07210444746790223,277.2850006103516,277.1870001220703
2026-08-14 15:00:00,277.6000061035156,277.6000061035156,277.6000061035156,277.1499938964844,277.6000061035156,549205,0.01802137011233107,277.2850006103516,277.2090002441406
2026-08-14 15:15:00,278.20001220703125,278.20001220703125,278.20001220703125,277.6000061035156,277.6000061035156,212146,0.21614052245080284,277.29000091552734,277.25000061035155
2026-08-17 09:15:00,276.25,276.25,277.5,275.3999938964844,277.5,312986,-0.700938936544726,277.2000015258789,277.24000061035156
2026-08-17 09:30:00,276.3999938964844,276.3999938964844,276.5,276.0,276.25,234471,0.05429643311651855,277.12250061035155,277.2240002441406
2026-08-17 09:45:00,276.20001220703125,276.20001220703125,276.70001220703125,276.20001220703125,276.3999938964844,179992,-0.0723522770872509,277.0325012207031,277.2200006103516
2026-08-17 10:00:00,276.1000061035156,276.1000061035156,276.3500061035156,276.0,276.20001220703125,275968,-0.03620785629823153,276.95250091552737,277.21200073242187
2026-08-17 10:15:00,276.0,276.0,276.1499938964844,275.8999938964844,276.1000061035156,189627,-0.03622097113541445,276.9050003051758,277.19900085449217
2026-08-17 10:30:00,275.8999938964844,275.8999938964844,276.20001220703125,275.79998779296875,275.95001220703125,241122,-0.03623409547667267,276.8550003051758,277.1840008544922
2026-08-17 10:45:00,275.04998779296875,275.04998779296875,275.8999938964844,275.04998779296875,275.8999938964844,1080779,-0.30808485767294114,276.76499938964844,277.1500006103516
2026-08-17 11:00:00,274.45001220703125,274.45001220703125,275.45001220703125,274.25,275.0,861838,-0.21813328942559274,276.6375,277.1090008544922
2026-08-17 11:15:00,273.95001220703125,273.95001220703125,274.45001220703125,273.79998779296875,274.45001220703125,818607,-0.1821825388088616,276.4925003051758,277.0350012207031
2026-08-17 11:30:00,273.54998779296875,273.54998779296875,274.1499938964844,273.54998779296875,273.95001220703125,381696,-0.1460209513552413,276.32749938964844,276.9460009765625
2026-08-17 11:45:00,273.6499938964844,273.6499938964844,273.79998779296875,273.29998779296875,273.6000061035156,400372,0.03655862108511432,276.18249969482423,276.86500061035156
2026-08-17 12:00:00,273.45001220703125,273.45001220703125,273.75,273.1000061035156,273.75,633141,-0.0730793692357179,276.0350006103516,276.79000061035157
2026-08-17 12:15:00,273.5,273.5,273.75,273.3999938964844,273.54998779296875,326792,0.018280413507865134,275.8675003051758,276.71600036621095
2026-08-17 12:30:00,273.20001220703125,273.20001220703125,273.5,273.1499938964844,273.5,334498,-0.10968475062842487,275.67750091552733,276.63500061035154
2026-08-17 12:45:00,273.3500061035156,273.3500061035156,273.54998779296875,273.20001220703125,273.25,440202,0.05490259508873496,275.4675018310547,276.5510009765625
2026-08-17 13:00:00,273.5,273.5,273.6499938964844,273.29998779296875,273.3999938964844,453037,0.054872468679434405,275.26000213623047,276.4710009765625
2026-08-17 13:15:00,273.3999938964844,273.3999938964844,273.54998779296875,273.25,273.5,292243,-0.03656530293075777,275.06250152587893,276.39400085449216
2026-08-17 13:30:00,273.3999938964844,273.3999938964844,273.54998779296875,273.1000061035156,273.3999938964844,454372,0.0,274.85500183105466,276.3140008544922
2026-08-17 13:45:00,273.25,273.25,273.45001220703125,273.20001220703125,273.45001220703125,251294,-0.05486243593010309,274.6375015258789,276.23000061035157
2026-08-17 14:00:00,273.1499938964844,273.1499938964844,273.29998779296875,273.04998779296875,273.25,437108,-0.036598757004802085,274.38500061035154,276.14800048828124
2026-08-17 14:15:00,273.20001220703125,273.20001220703125,273.29998779296875,273.0,273.1000061035156,588378,0.01831166453030164,274.2325012207031,276.0660009765625
2026-08-17 14:30:00,273.25,273.25,273.3999938964844,273.1000061035156,273.20001220703125,292525,0.018297141557543917,274.0750015258789,275.9840008544922
2026-08-17 14:45:00,273.3999938964844,273.3999938964844,273.75,273.25,273.29998779296875,890298,0.05489255132089532,273.93500061035155,275.9060009765625
2026-08-17 15:00:00,273.3999938964844,273.3999938964844,273.6000061035156,273.1499938964844,273.45001220703125,1488466,0.0,273.8,275.8270007324219
2026-08-17 15:15:00,273.04998779296875,273.04998779296875,273.3999938964844,273.04998779296875,273.3999938964844,374090,-0.12801979200048885,273.6524993896484,275.71800048828123
2026-08-18 09:15:00,273.1499938964844,273.1499938964844,273.54998779296875,273.0,273.0,479565,0.03662556600860789,273.51499938964844,275.65300048828124
2026-08-18 09:30:00,272.29998779296875,272.29998779296875,273.29998779296875,272.29998779296875,273.04998779296875,776451,-0.3111865723993912,273.37749938964845,275.565
2026-08-18 09:45:00,272.54998779296875,272.54998779296875,272.6499938964844,272.04998779296875,272.3999938964844,624505,0.0918105072373665,273.2824981689453,275.47
2026-08-18 10:00:00,272.45001220703125,272.45001220703125,272.54998779296875,272.20001220703125,272.54998779296875,341839,-0.036681559499263106,273.20749816894534,275.3670001220703
2026-08-18 10:15:00,272.3999938964844,272.3999938964844,272.5,272.1000061035156,272.45001220703125,387331,-0.018358711068389155,273.1499984741211,275.2529998779297
2026-08-18 10:30:00,272.29998779296875,272.29998779296875,272.5,272.29998779296875,272.3999938964844,272037,-0.03671296099720944,273.08249816894534,275.1379998779297
2026-08-18 10:45:00,272.1499938964844,272.1499938964844,272.3500061035156,272.04998779296875,272.3500061035156,411492,-0.05508406287495493,273.01749725341796,275.0219995117188
2026-08-18 11:00:00,272.1499938964844,272.1499938964844,272.29998779296875,272.04998779296875,272.1499938964844,273315,0.0,272.9499969482422,274.9049993896484
2026-08-18 11:15:00,271.75,271.75,272.20001220703125,271.6000061035156,272.1499938964844,412209,-0.14697553020578402,272.87749633789065,274.7859991455078
2026-08-18 11:30:00,271.54998779296875,271.54998779296875,271.75,271.45001220703125,271.70001220703125,259538,-0.07360154812557917,272.7874954223633,274.67799865722657
2026-08-18 11:45:00,271.3999938964844,271.3999938964844,271.70001220703125,271.3999938964844,271.54998779296875,306676,-0.055236200783304046,272.6824951171875,274.56799865722655
2026-08-18 12:00:00,271.3999938964844,271.3999938964844,271.54998779296875,271.29998779296875,271.3999938964844,225918,0.0,272.5824951171875,274.45899841308596
2026-08-18 12:15:00,271.1499938964844,271.1499938964844,271.3999938964844,270.79998779296875,271.3999938964844,685315,-0.09211496154098997,272.4699951171875,274.3419982910156
2026-08-18 12:30:00,270.6499938964844,270.6499938964844,271.29998779296875,270.6499938964844,271.25,484460,-0.18439978287105863,272.3399948120117,274.217998046875
2026-08-18 12:45:00,270.8999938964844,270.8999938964844,271.0,270.6499938964844,270.70001220703125,247238,0.09237022192418731,272.22749481201174,274.0989978027344
2026-08-18 13:00:00,270.6000061035156,270.6000061035156,270.8999938964844,270.6000061035156,270.8999938964844,263435,-0.1107374675997197,272.0974945068359,273.9799981689453
2026-08-18 13:15:00,270.3500061035156,270.3500061035156,270.79998779296875,270.20001220703125,270.6499938964844,497765,-0.09238728542539931,271.9524948120117,273.85899841308594
2026-08-18 13:30:00,270.1000061035156,270.1000061035156,270.45001220703125,270.0,270.3500061035156,1154848,-0.09247271845974625,271.7874954223633,273.72399841308595
2026-08-18 13:45:00,269.8999938964844,269.8999938964844,270.29998779296875,269.79998779296875,270.1000061035156,413484,-0.07405116716457938,271.6124954223633,273.5819982910156
2026-08-18 14:00:00,269.5,269.5,269.8999938964844,269.3999938964844,269.8999938964844,480524,-0.14820078011479332,271.4349960327148,273.42099853515623
2026-08-18 14:15:00,270.1499938964844,270.1499938964844,270.20001220703125,269.20001220703125,269.6000061035156,1399322,0.24118511928918895,271.28499603271484,273.27099853515625
2026-08-18 14:30:00,270.29998779296875,270.29998779296875,270.5,270.04998779296875,270.1000061035156,559197,0.055522450443534765,271.1849960327148,273.1299981689453
2026-08-18 14:45:00,270.70001220703125,270.70001220703125,270.75,270.20001220703125,270.25,847409,0.1479927606836906,271.09249725341795,272.99299865722656
2026-08-18 15:00:00,270.25,270.25,270.8500061035156,270.20001220703125,270.79998779296875,1066018,-0.16624018719550993,270.9824966430664,272.84599853515624
2026-08-18 15:15:00,270.0,270.0,270.20001220703125,270.0,270.20001220703125,893393,-0.09250693802035359,270.8624969482422,272.68199829101565
2026-08-19 09:15:00,270.0,270.0,270.95001220703125,269.6000061035156,270.1499938964844,303412,0.0,270.74749755859375,272.55699829101565
2026-08-19 09:30:00,270.3500061035156,270.3500061035156,270.5,269.8500061035156,270.1000061035156,370239,0.1296318901909732,270.6574981689453,272.4359985351563
2026-08-19 09:45:00,270.1000061035156,270.1000061035156,270.79998779296875,270.1000061035156,270.29998779296875,395273,-0.09247271845974625,270.55499877929685,272.3139984130859
2026-08-19 10:00:00,269.70001220703125,269.70001220703125,270.20001220703125,269.70001220703125,270.20001220703125,211666,-0.14809103570737614,270.45249938964844,272.1859985351563
2026-08-19 10:15:00,268.6000061035156,268.6000061035156,269.79998779296875,268.5,269.79998779296875,701476,-0.40786283045149974,270.3050003051758,272.0379986572266
2026-08-19 10:30:00,268.6499938964844,268.6499938964844,268.70001220703125,268.29998779296875,268.6499938964844,362125,0.01861049584246377,270.1675003051758,271.89299865722654
2026-08-19 10:45:00,268.3999938964844,268.3999938964844,268.6499938964844,268.29998779296875,268.6499938964844,345641,-0.09305788411680949,270.01750030517576,271.7599987792969
2026-08-19 11:00:00,267.95001220703125,267.95001220703125,268.3999938964844,267.79998779296875,268.3999938964844,852279,-0.1676533903449573,269.8575012207031,271.6299987792969
2026-08-19 11:15:00,268.25,268.25,268.45001220703125,267.8500061035156,267.8999938964844,251115,0.11195662597580647,269.7375015258789,271.51599853515626
2026-08-19 11:30:00,268.45001220703125,268.45001220703125,268.6000061035156,268.1000061035156,268.1499938964844,222929,0.07456186655405705,269.61500244140626,271.4139990234375
2026-08-19 11:45:00,268.75,268.75,268.8500061035156,268.3999938964844,268.3999938964844,192632,0.11174810181695527,269.52250213623046,271.3159991455078
2026-08-19 12:00:00,268.6000061035156,268.6000061035156,268.8500061035156,268.5,268.70001220703125,120568,-0.055811682412787444,269.4350021362305,271.2189990234375
2026-08-19 12:15:00,268.45001220703125,268.45001220703125,268.70001220703125,268.25,268.6000061035156,140053,-0.05584284924645688,269.3525024414063,271.1179992675781
2026-08-19 12:30:00,268.25,268.25,268.6000061035156,268.1000061035156,268.5,138590,-0.07450631325619517,269.270002746582,271.0189990234375
2026-08-19 12:45:00,267.6499938964844,267.6499938964844,268.29998779296875,267.5,268.20001220703125,512350,-0.2236742231185973,269.17750244140626,270.9049987792969
2026-08-19 13:00:00,267.45001220703125,267.45001220703125,267.70001220703125,267.20001220703125,267.6499938964844,348382,-0.07471761405325461,269.0425033569336,270.7839990234375
2026-08-19 13:15:00,267.1499938964844,267.1499938964844,267.45001220703125,267.04998779296875,267.3999938964844,255883,-0.11217734038263538,268.8850036621094,270.6589990234375
2026-08-19 13:30:00,266.6000061035156,266.6000061035156,267.25,266.5,267.20001220703125,672908,-0.20587228356137022,268.6800033569336,270.52299926757814
2026-08-19 13:45:00,266.70001220703125,266.70001220703125,266.79998779296875,266.5,266.54998779296875,411706,0.037511665876244216,268.5025039672852,270.3919995117187
2026-08-19 14:00:00,266.70001220703125,266.70001220703125,266.8999938964844,266.5,266.6499938964844,255163,0.0,268.3375045776367,270.2629998779297
2026-08-19 14:15:00,265.95001220703125,265.95001220703125,266.75,265.8500061035156,266.6499938964844,756266,-0.28121483527259183,268.13500518798827,270.11799987792966
2026-08-19 14:30:00,266.3999938964844,266.3999938964844,266.6499938964844,265.8999938964844,266.0,2384074,0.16919784500812884,267.93750457763673,269.9809997558594
2026-08-19 14:45:00,266.3500061035156,266.3500061035156,266.3999938964844,266.1499938964844,266.3999938964844,714498,-0.01876418697973614,267.75000457763673,269.84
2026-08-19 15:00:00,266.6499938964844,266.6499938964844,266.75,266.25,266.3999938964844,2109477,0.1126291669211188,267.5975036621094,269.705
2026-08-19 15:15:00,267.04998779296875,267.04998779296875,267.04998779296875,266.6000061035156,266.6000061035156,373621,0.15000709005816848,267.520002746582,269.585
2026-08-20 09:15:00,267.79998779296875,267.79998779296875,268.5,267.04998779296875,268.1000061035156,683395,0.28084629630518165,267.4775024414063,269.4779998779297
2026-08-20 09:30:00,267.75,267.75,268.0,267.5,267.79998779296875,518044,-0.018666092325358985,267.445002746582,269.38700012207033
2026-08-20 09:45:00,267.70001220703125,267.70001220703125,267.8999938964844,267.6000061035156,267.70001220703125,289313,-0.018669577205887578,267.43250274658203,269.29000061035157
2026-08-20 10:00:00,267.8999938964844,267.8999938964844,267.8999938964844,267.6000061035156,267.75,235540,0.07470365346806673,267.4150024414063,269.1990002441406
2026-08-20 10:15:00,267.6000061035156,267.6000061035156,267.8999938964844,267.5,267.8999938964844,313180,-0.11197752885528933,267.3725021362305,269.1030004882812
2026-08-20 10:30:00,266.5,266.5,267.79998779296875,266.0,267.6499938964844,2082753,-0.41106355696050034,267.26000213623047,268.98700073242185
2026-08-20 10:45:00,265.79998779296875,265.79998779296875,266.6499938964844,265.0,266.6499938964844,2290048,-0.26266874560272324,267.1200012207031,268.86000061035156
2026-08-20 11:00:00,265.8999938964844,265.8999938964844,266.6000061035156,265.75,265.8500061035156,871209,0.03762457039446776,266.9925003051758,268.73500061035156
2026-08-20 11:15:00,266.3500061035156,266.3500061035156,266.3999938964844,265.6499938964844,265.8999938964844,820806,0.16924114981606841,266.8975006103516,268.6270007324219
2026-08-20 11:30:00,266.6499938964844,266.6499938964844,267.04998779296875,266.29998779296875,266.3500061035156,564815,0.1126291669211188,266.8475006103516,268.5290008544922
2026-08-20 11:45:00,266.8999938964844,266.8999938964844,267.04998779296875,266.6000061035156,266.70001220703125,349495,0.09375586188726803,266.8199996948242,268.4390008544922
2026-08-20 12:00:00,266.8999938964844,266.8999938964844,267.04998779296875,266.79998779296875,266.95001220703125,267607,0.0,266.80749969482423,268.3490008544922
2026-08-20 12:15:00,267.5,267.5,267.54998779296875,266.8500061035156,266.95001220703125,667881,0.22480558907331805,266.8524993896484,268.2760009765625
2026-08-20 12:30:00,267.8999938964844,267.8999938964844,267.8999938964844,267.1000061035156,267.5,1638128,0.1495304285922927,266.9124984741211,268.2210009765625
2026-08-20 12:45:00,268.6000061035156,268.6000061035156,269.6000061035156,267.6499938964844,268.1499938964844,3869978,0.26129608920473224,267.0074981689453,268.1750012207031
2026-08-20 13:00:00,270.20001220703125,270.20001220703125,270.45001220703125,268.6000061035156,268.6000061035156,1743841,0.5956835693067708,267.2199981689453,268.16700134277346
2026-08-20 13:15:00,269.20001220703125,269.20001220703125,270.20001220703125,269.1000061035156,270.20001220703125,628112,-0.3700962082983872,267.35999908447263,268.14400146484377
2026-08-20 13:30:00,269.04998779296875,269.04998779296875,269.3999938964844,269.0,269.29998779296875,652250,-0.0557297203787388,267.4949981689453,268.1230010986328
2026-08-20 13:45:00,269.04998779296875,269.04998779296875,269.25,268.75,269.04998779296875,723746,0.0,267.61499786376953,268.1060009765625
2026-08-20 14:00:00,269.3999938964844,269.3999938964844,269.6000061035156,269.0,269.04998779296875,951016,0.130089618805318,267.7324981689453,268.1040008544922
2026-08-20 14:15:00,269.79998779296875,269.79998779296875,269.79998779296875,269.25,269.3999938964844,1000532,0.14847583724819646,267.83249816894534,268.09700073242186
2026-08-20 14:30:00,269.25,269.25,269.79998779296875,269.20001220703125,269.79998779296875,1720941,-0.20385019193951415,267.9074981689453,268.0760009765625
2026-08-20 14:45:00,270.0,270.0,270.1000061035156,269.25,269.25,2091188,0.278551532033422,268.0224975585937,268.0620007324219
2026-08-20 15:00:00,270.79998779296875,270.79998779296875,271.20001220703125,270.0,270.04998779296875,2362252,0.29629177517360716,268.167497253418,268.07300048828125
2026-08-20 15:15:00,271.6499938964844,271.6499938964844,271.6499938964844,270.79998779296875,270.79998779296875,223918,0.31388705385226867,268.36999664306643,268.10600036621094
2026-08-21 09:15:00,270.3999938964844,270.3999938964844,271.29998779296875,270.0,271.1499938964844,540550,-0.4601509398436954,268.56499633789065,268.11400024414064
2026-08-21 09:30:00,270.3999938964844,270.3999938964844,270.45001220703125,269.95001220703125,270.45001220703125,389735,0.0,268.7949966430664,268.115
2026-08-21 09:45:00,270.3500061035156,270.3500061035156,270.6499938964844,270.25,270.45001220703125,277884,-0.018486610243007018,269.01749725341796,268.12
2026-08-21 10:00:00,270.04998779296875,270.04998779296875,270.3500061035156,269.8999938964844,270.3500061035156,447181,-0.11097403505587744,269.20249633789064,268.12699951171874
2026-08-21 10:15:00,270.20001220703125,270.20001220703125,270.29998779296875,269.95001220703125,270.04998779296875,211516,0.055554312476968626,269.37999725341797,268.15899963378905
2026-08-21 10:30:00,270.20001220703125,270.20001220703125,270.25,270.04998779296875,270.20001220703125,184935,0.0,269.5449981689453,268.19
2026-08-21 10:45:00,270.20001220703125,270.20001220703125,270.29998779296875,270.1000061035156,270.25,141959,0.0,269.70999908447266,268.22600036621094
2026-08-21 11:00:00,270.1499938964844,270.1499938964844,270.3500061035156,270.04998779296875,270.29998779296875,239474,-0.01851158707888434,269.8424987792969,268.27
2026-08-21 11:15:00,270.0,270.0,270.29998779296875,269.6499938964844,270.25,360535,-0.055522450443534765,269.94749908447267,268.305
2026-08-21 11:30:00,269.6499938964844,269.6499938964844,270.0,269.45001220703125,269.8999938964844,265294,-0.1296318901909732,269.99999847412107,268.32899963378907
2026-08-21 11:45:00,269.8999938964844,269.8999938964844,270.20001220703125,269.5,269.6499938964844,531234,0.0927127779190684,269.98499755859376,268.35199951171876
2026-08-21 12:00:00,269.79998779296875,269.79998779296875,269.95001220703125,269.6499938964844,269.8500061035156,260783,-0.037053021777389006,270.01499633789064,268.3759991455078
2026-08-21 12:15:00,269.70001220703125,269.70001220703125,269.8500061035156,269.5,269.79998779296875,280106,-0.03705544494472246,270.04749755859376,268.4009991455078
2026-08-21 12:30:00,269.5,269.5,269.8999938964844,269.3999938964844,269.70001220703125,297845,-0.07416099294712541,270.0699981689453,268.42599914550783
2026-08-21 12:45:00,269.3500061035156,269.3500061035156,269.6000061035156,269.25,269.5,269913,-0.055656362331868436,270.0674987792969,268.45999938964843
2026-08-21 13:00:00,269.6499938964844,269.6499938964844,269.75,269.29998779296875,269.3500061035156,205855,0.1113747117768682,270.0599990844727,268.5039990234375
2026-08-21 13:15:00,269.6000061035156,269.6000061035156,269.6499938964844,269.3999938964844,269.6000061035156,178709,-0.018538028592707256,270.07749938964844,268.5529992675781
2026-08-21 13:30:00,269.45001220703125,269.45001220703125,269.6000061035156,269.3999938964844,269.54998779296875,172458,-0.05563571702100756,270.05,268.60999938964846
2026-08-21 13:45:00,269.5,269.5,269.54998779296875,269.3500061035156,269.3999938964844,181567,0.01855178723477735,269.98500061035156,268.66599914550784
2026-08-21 14:00:00,269.3500061035156,269.3500061035156,269.5,269.20001220703125,269.5,346407,-0.055656362331868436,269.8700012207031,268.7189990234375
2026-08-21 14:15:00,269.25,269.25,269.3999938964844,269.1000061035156,269.3500061035156,410493,-0.03712868061981345,269.81250152587893,268.78499877929687
2026-08-21 14:30:00,269.29998779296875,269.29998779296875,269.3500061035156,269.1000061035156,269.20001220703125,253603,0.018565568419215417,269.75750122070315,268.8429986572266
2026-08-21 14:45:00,269.45001220703125,269.45001220703125,269.5,269.20001220703125,269.29998779296875,340371,0.055709031141071286,269.7125015258789,268.9049987792969
2026-08-21 15:00:00,269.45001220703125,269.45001220703125,269.6000061035156,269.25,269.45001220703125,844569,0.0,269.68250274658203,268.9609991455078
2026-08-21 15:15:00,269.3999938964844,269.3999938964844,269.54998779296875,269.3999938964844,269.54998779296875,145854,-0.01856311311221326,269.6425018310547,269.0079992675781
2026-08-24 09:15:00,269.5,269.5,270.45001220703125,269.5,270.3999938964844,305924,0.037121791307104246,269.6075012207031,269.04199951171876
2026-08-24 09:30:00,269.45001220703125,269.45001220703125,269.6000061035156,268.8999938964844,269.6000061035156,413152,-0.018548346185065512,269.57000122070315,269.07599975585936
2026-08-24 09:45:00,269.29998779296875,269.29998779296875,269.54998779296875,269.25,269.3999938964844,154118,-0.05567801345921497,269.52750091552736,269.1079992675781
2026-08-24 10:00:00,269.6499938964844,269.6499938964844,269.6499938964844,269.20001220703125,269.45001220703125,231130,0.1299688523509035,269.51000061035154,269.14299926757815
2026-08-24 10:15:00,268.8500061035156,268.8500061035156,269.79998779296875,268.70001220703125,269.54998779296875,355633,-0.29667636234987915,269.4700012207031,269.1679992675781
2026-08-24 10:30:00,268.8500061035156,268.8500061035156,269.0,268.6499938964844,268.95001220703125,166738,0.0,269.41750183105466,269.2149993896484
2026-08-24 10:45:00,268.25,268.25,268.8999938964844,268.25,268.8500061035156,275514,-0.2231750380859543,269.3400024414062,269.26399963378907
2026-08-24 11:00:00,267.8500061035156,267.8500061035156,268.29998779296875,267.6499938964844,268.25,304203,-0.14911235656454025,269.2475021362305,269.30299987792966
2026-08-24 11:15:00,267.79998779296875,267.79998779296875,268.0,267.6000061035156,267.8999938964844,200967,-0.018674000151985837,269.1625015258789,269.3319995117188
2026-08-24 11:30:00,267.1499938964844,267.1499938964844,267.79998779296875,267.1499938964844,267.79998779296875,247577,-0.24271617853354188,269.05250091552733,269.34199951171877
2026-08-24 11:45:00,267.3500061035156,267.3500061035156,267.45001220703125,267.0,267.20001220703125,277640,0.07486887950622911,268.93750152587893,269.3509997558594
2026-08-24 12:00:00,267.45001220703125,267.45001220703125,267.8500061035156,267.1499938964844,267.3500061035156,373167,0.037406433975140096,268.8300018310547,269.3620001220703
2026-08-24 12:15:00,267.3500061035156,267.3500061035156,267.54998779296875,267.20001220703125,267.5,218129,-0.037392446794215495,268.7250015258789,269.35900024414065
2026-08-24 12:30:00,267.3500061035156,267.3500061035156,267.5,267.1499938964844,267.3999938964844,202163,0.0,268.6175018310547,269.34800048828123
2026-08-24 12:45:00,267.70001220703125,267.70001220703125,267.79998779296875,267.20001220703125,267.3500061035156,190103,0.13091681149246526,268.53500213623045,269.3300006103516
2026-08-24 13:00:00,267.3999938964844,267.3999938964844,267.79998779296875,267.20001220703125,267.70001220703125,212095,-0.11207258007700505,268.4425018310547,269.2740002441406
2026-08-24 13:15:00,268.1000061035156,268.1000061035156,268.25,267.3500061035156,267.54998779296875,127005,0.2617846757701159,268.382502746582,269.2520001220703
2026-08-24 13:30:00,267.8999938964844,267.8999938964844,268.25,267.79998779296875,268.1499938964844,165243,-0.0746035816776569,268.3050018310547,269.22900024414065
2026-08-24 13:45:00,268.54998779296875,268.54998779296875,268.54998779296875,267.75,267.8500061035156,287533,0.24262557345766655,268.26000061035154,269.2190002441406
2026-08-24 14:00:00,268.5,268.5,268.6499938964844,268.04998779296875,268.5,754565,-0.018613962107971727,268.21500091552736,269.20100036621096
2026-08-24 14:15:00,268.45001220703125,268.45001220703125,268.6499938964844,268.29998779296875,268.5,585131,-0.018617427548883736,268.1625015258789,269.1740008544922
2026-08-24 14:30:00,268.8999938964844,268.8999938964844,269.04998779296875,268.3500061035156,268.3500061035156,619704,0.1676221527254329,268.13500061035154,269.16700073242185
2026-08-24 14:45:00,268.45001220703125,268.45001220703125,269.04998779296875,268.3500061035156,268.8999938964844,483028,-0.16734165104754783,268.0925018310547,269.1360009765625
2026-08-24 15:00:00,268.45001220703125,268.45001220703125,268.6499938964844,267.79998779296875,268.6000061035156,690637,0.0,268.03250274658205,269.08900146484376
2026-08-24 15:15:00,269.70001220703125,269.70001220703125,269.70001220703125,268.45001220703125,268.45001220703125,0,0.46563603768285944,268.0750030517578,269.0500018310547
2026-08-25 09:15:00,268.75,268.75,269.25,267.75,269.25,678358,-0.3522477434305782,268.070002746582,269.017001953125
2026-08-25 09:30:00,268.8500061035156,268.8500061035156,269.04998779296875,268.6000061035156,268.75,267070,0.03721157340115244,268.1000030517578,268.98600219726563
2026-08-25 09:45:00,268.0,268.0,269.1499938964844,267.8500061035156,268.75,690583,-0.3161636913589505,268.10750274658204,268.93900207519533
2026-08-25 10:00:00,268.1499938964844,268.1499938964844,268.1499938964844,267.8500061035156,268.0,299144,0.055967871822537596,268.1250030517578,268.9010021972656
2026-08-25 10:15:00,268.8500061035156,268.8500061035156,268.8500061035156,268.0,268.1499938964844,158193,0.261052479196211,268.2100036621094,268.87400207519534
2026-08-25 10:30:00,268.6499938964844,268.6499938964844,268.95001220703125,268.6499938964844,268.8500061035156,176250,-0.07439546307997924,268.27500305175784,268.8430017089844
2026-08-25 10:45:00,268.6000061035156,268.6000061035156,268.95001220703125,268.45001220703125,268.75,249786,-0.0186070329813659,268.332502746582,268.8110015869141
2026-08-25 11:00:00,268.45001220703125,268.45001220703125,268.6499938964844,268.3999938964844,268.6000061035156,139391,-0.05584284924645688,268.3875030517578,268.777001953125
2026-08-25 11:15:00,268.25,268.25,268.54998779296875,268.20001220703125,268.45001220703125,122907,-0.07450631325619517,268.43250274658203,268.742001953125
2026-08-25 11:30:00,269.29998779296875,269.29998779296875,269.3500061035156,268.20001220703125,268.29998779296875,338647,0.39142135804985934,268.5125015258789,268.73500183105466
2026-08-25 11:45:00,269.70001220703125,269.70001220703125,269.70001220703125,269.1499938964844,269.29998779296875,205694,0.14854230679357538,268.62750244140625,268.73100219726564
2026-08-25 12:00:00,269.5,269.5,269.79998779296875,269.3500061035156,269.70001220703125,182601,-0.07416099294712541,268.69750213623047,268.7250024414063
2026-08-25 12:15:00,270.1000061035156,270.1000061035156,270.1000061035156,269.1499938964844,269.54998779296875,398041,0.22263677310412344,268.80750274658203,268.7330023193359
2026-08-25 12:30:00,269.29998779296875,269.29998779296875,270.3999938964844,269.20001220703125,270.1000061035156,348078,-0.2961933700365349,268.84500274658205,268.7290020751953
2026-08-25 12:45:00,269.6000061035156,269.6000061035156,269.6000061035156,269.1000061035156,269.3999938964844,295538,0.11140673009517599,268.90000305175784,268.7340020751953
2026-08-25 13:00:00,269.25,269.25,269.6000061035156,269.1000061035156,269.54998779296875,182696,-0.12982421943315003,268.94000244140625,268.72600219726564
2026-08-25 13:15:00,269.1499938964844,269.1499938964844,269.3999938964844,268.95001220703125,269.1499938964844,170128,-0.037142471129292254,268.95250244140624,268.717001953125
2026-08-25 13:30:00,269.1499938964844,269.1499938964844,269.3500061035156,269.0,269.1499938964844,200255,0.0,268.9875015258789,268.71100158691405
2026-08-25 13:45:00,269.0,269.0,269.3999938964844,268.8999938964844,269.1499938964844,220867,-0.055728738579152726,269.01500091552737,268.70100158691406
2026-08-25 14:00:00,269.45001220703125,269.45001220703125,269.5,268.95001220703125,269.04998779296875,323744,0.16729078328299174,269.0025009155273,268.7030017089844
2026-08-25 14:15:00,269.1499938964844,269.1499938964844,269.3999938964844,268.95001220703125,269.29998779296875,414209,-0.11134470104100513,269.0225006103516,268.70100158691406
2026-08-25 14:30:00,270.1499938964844,270.1499938964844,270.1499938964844,269.1000061035156,269.20001220703125,556178,0.3715400418640158,269.0875,268.7180017089844
2026-08-25 14:45:00,270.04998779296875,270.04998779296875,270.3500061035156,269.75,270.1000061035156,622070,-0.03701873247272669,269.18999938964845,268.7300012207031
2026-08-25 15:00:00,270.3999938964844,270.3999938964844,270.3999938964844,269.8999938964844,270.04998779296875,659633,0.12960789458873467,269.30249938964846,268.7490008544922
2026-08-25 15:15:00,271.3999938964844,271.3999938964844,271.3999938964844,270.3500061035156,270.3500061035156,514658,0.36982249355479446,269.42999877929685,268.7890008544922
2026-08-26 09:15:00,271.8999938964844,271.8999938964844,272.5,271.0,271.79998779296875,1164106,0.18422992308197994,269.5924987792969,268.83700073242187
2026-08-26 09:30:00,273.04998779296875,273.04998779296875,273.5,271.6499938964844,271.8999938964844,1218931,0.4229473785579474,269.8149978637695,268.9090002441406
2026-08-26 09:45:00,273.3500061035156,273.3500061035156,273.95001220703125,272.8999938964844,273.04998779296875,1239714,0.10987669802584588,270.05999755859375,268.99000061035156
2026-08-26 10:00:00,272.45001220703125,272.45001220703125,273.8500061035156,272.45001220703125,273.3500061035156,549856,-0.32924597636319053,270.26999816894534,269.0460009765625
2026-08-26 10:15:00,272.0,272.0,272.5,271.6499938964844,272.5,629045,-0.16517239378550652,270.4049987792969,269.1090008544922
2026-08-26 10:30:00,272.20001220703125,272.20001220703125,272.20001220703125,271.95001220703125,272.04998779296875,212695,0.0735338996438406,270.5299987792969,269.1760009765625
2026-08-26 10:45:00,272.1000061035156,272.1000061035156,272.20001220703125,271.95001220703125,272.20001220703125,249809,-0.0367399335160834,270.65999908447264,269.2530010986328
2026-08-26 11:00:00,272.20001220703125,272.20001220703125,272.20001220703125,272.0,272.1000061035156,274001,0.036753436704284326,270.76499938964844,269.34000122070313
2026-08-26 11:15:00,271.75,271.75,272.20001220703125,271.54998779296875,272.1499938964844,434699,-0.16532409509555368,270.8875,269.41900146484375
2026-08-26 11:30:00,271.95001220703125,271.95001220703125,272.04998779296875,271.6499938964844,271.75,194529,0.07360154812556807,271.00500030517577,269.5150018310547
2026-08-26 11:45:00,271.70001220703125,271.70001220703125,272.0,271.6499938964844,272.0,231088,-0.09192865923083327,271.1275009155273,269.602001953125
2026-08-26 12:00:00,271.1499938964844,271.1499938964844,271.70001220703125,271.04998779296875,271.6499938964844,476000,-0.2024358799541659,271.22750091552734,269.6760015869141
2026-08-26 12:15:00,271.29998779296875,271.29998779296875,271.29998779296875,271.04998779296875,271.20001220703125,264163,0.055317683887401436,271.3350006103516,269.75500122070315
2026-08-26 12:30:00,271.6000061035156,271.6000061035156,271.70001220703125,271.1499938964844,271.29998779296875,321959,0.11058544933508774,271.46500091552736,269.84000122070313
2026-08-26 12:45:00,271.5,271.5,271.75,271.45001220703125,271.54998779296875,124233,-0.03682109766871555,271.56750030517577,269.9160009765625
2026-08-26 13:00:00,271.45001220703125,271.45001220703125,271.54998779296875,271.3999938964844,271.5,142536,-0.018411710117405278,271.6825012207031,269.99700134277344
2026-08-26 13:15:00,271.04998779296875,271.04998779296875,271.45001220703125,271.04998779296875,271.45001220703125,363680,-0.14736577493958958,271.72750091552734,270.0560009765625
2026-08-26 13:30:00,271.3500061035156,271.3500061035156,271.45001220703125,271.04998779296875,271.1000061035156,356717,0.11068744661815177,271.79250183105466,270.1250012207031
2026-08-26 13:45:00,271.1000061035156,271.1000061035156,271.3999938964844,271.0,271.3999938964844,171665,-0.09213193085562121,271.82750244140624,270.1760015869141
2026-08-26 14:00:00,271.3999938964844,271.3999938964844,271.45001220703125,270.95001220703125,271.1000061035156,463492,0.11065576769269114,271.82750244140624,270.23400146484374
2026-08-26 14:15:00,271.3500061035156,271.3500061035156,271.45001220703125,271.20001220703125,271.3999938964844,470707,-0.018418494507344008,271.8000030517578,270.29200134277346
2026-08-26 14:30:00,270.8999938964844,270.8999938964844,271.3500061035156,270.6000061035156,271.3500061035156,231018,-0.16584197416954494,271.69250335693357,270.3320013427734
2026-08-26 14:45:00,271.1499938964844,271.1499938964844,271.25,270.79998779296875,270.8999938964844,615390,0.09228497808513314,271.582502746582,270.3860009765625
2026-08-26 15:00:00,271.1499938964844,271.1499938964844,271.45001220703125,270.95001220703125,271.45001220703125,864725,0.0,271.5175018310547,270.44000061035155
2026-08-26 15:15:00,270.25,270.25,271.1499938964844,270.25,271.1499938964844,158634,-0.3319173581939894,271.4300018310547,270.45100036621096
2026-08-27 09:15:00,270.29998779296875,270.29998779296875,271.1000061035156,270.1499938964844,270.20001220703125,554352,0.01849687066373118,271.3350006103516,270.4820001220703
2026-08-27 09:30:00,270.1000061035156,270.1000061035156,270.5,269.8500061035156,270.3500061035156,309828,-0.07398509007935372,271.23500061035156,270.50700012207034
2026-08-27 09:45:00,269.6499938964844,269.6499938964844,270.20001220703125,269.6499938964844,270.1000061035156,344520,-0.16660947680940952,271.10749969482424,270.54
2026-08-27 10:00:00,269.8999938964844,269.8999938964844,269.8999938964844,269.54998779296875,269.6000061035156,195275,0.0927127779190684,271.01499938964844,270.575
2026-08-27 10:15:00,269.1000061035156,269.1000061035156,269.8999938964844,268.8500061035156,269.8999938964844,353751,-0.29640156022958664,270.8724990844727,270.58
2026-08-27 10:30:00,268.70001220703125,268.70001220703125,269.25,268.70001220703125,269.25,208836,-0.148641355411383,270.72249908447264,270.58100036621096
2026-08-27 10:45:00,269.0,269.0,269.1000061035156,268.6499938964844,268.75,140659,0.11164413075561708,270.61499938964846,270.5890002441406
2026-08-27 11:00:00,269.20001220703125,269.20001220703125,269.3500061035156,268.8999938964844,269.0,304745,0.07435398030901652,270.51000061035154,270.60400024414065
2026-08-27 11:15:00,269.04998779296875,269.04998779296875,269.25,268.8500061035156,269.20001220703125,162583,-0.0557297203787388,270.3824996948242,270.62
2026-08-27 11:30:00,269.20001220703125,269.20001220703125,269.45001220703125,268.8999938964844,269.04998779296875,570463,0.055760795714276945,270.26750030517576,270.61800048828127
2026-08-27 11:45:00,269.3999938964844,269.3999938964844,269.45001220703125,268.95001220703125,269.20001220703125,271853,0.07428739984578492,270.1649993896484,270.6120001220703
2026-08-27 12:00:00,269.1000061035156,269.1000061035156,269.3999938964844,268.8999938964844,269.3999938964844,286650,-0.11135404594108111,270.06750030517577,270.60400024414065
2026-08-27 12:15:00,269.1000061035156,269.1000061035156,269.29998779296875,268.8999938964844,269.1499938964844,252252,0.0,269.95500030517576,270.5840002441406
2026-08-27 12:30:00,269.04998779296875,269.04998779296875,269.3999938964844,269.0,269.1000061035156,240173,-0.018587257306723615,269.8524993896484,270.5790002441406
2026-08-27 12:45:00,269.1499938964844,269.1499938964844,269.45001220703125,268.8500061035156,269.1499938964844,521427,0.03717008290391455,269.73999938964846,270.57
2026-08-27 13:00:00,269.3999938964844,269.3999938964844,269.3999938964844,268.95001220703125,269.1499938964844,237264,0.09288501046600395,269.6424987792969,270.5729998779297
2026-08-27 13:15:00,269.04998779296875,269.04998779296875,269.6000061035156,268.8999938964844,269.3999938964844,720528,-0.1299206055847657,269.5499984741211,270.57099975585936
2026-08-27 13:30:00,268.8999938964844,268.8999938964844,269.20001220703125,268.79998779296875,269.1000061035156,269711,-0.0557494529974778,269.43749847412107,270.56599975585937
2026-08-27 13:45:00,268.6000061035156,268.6000061035156,269.1000061035156,268.29998779296875,269.0,227109,-0.11156110069836522,269.3099990844727,270.55799987792966
2026-08-27 14:00:00,268.6000061035156,268.6000061035156,268.8999938964844,268.54998779296875,268.6000061035156,198434,0.0,269.2274993896484,270.5409997558594
2026-08-27 14:15:00,268.79998779296875,268.79998779296875,268.8999938964844,268.3999938964844,268.6000061035156,258426,0.07445334508893175,269.1524993896484,270.53399963378905
2026-08-27 14:30:00,268.70001220703125,268.70001220703125,269.0,268.5,268.8500061035156,368131,-0.03719330002890375,269.0824996948242,270.505
2026-08-27 14:45:00,268.8500061035156,268.8500061035156,269.04998779296875,268.6499938964844,268.70001220703125,400184,0.055822065377797436,269.0425003051758,270.48100036621094
2026-08-27 15:00:00,268.25,268.25,268.95001220703125,268.04998779296875,268.8500061035156,911839,-0.2231750380859543,268.9600006103516,270.43800048828126
2026-08-27 15:15:00,269.0,269.0,269.0,268.25,268.25,188080,0.2795899347623587,268.95500030517576,270.39000061035154
2026-08-28 09:15:00,268.29998779296875,268.29998779296875,268.3999938964844,267.5,267.95001220703125,311867,-0.26022758625696696,268.9349990844727,270.31800048828126
2026-08-28 09:30:00,268.29998779296875,268.29998779296875,268.3999938964844,268.0,268.25,245144,0.0,268.8999984741211,270.22300048828123
2026-08-28 09:45:00,268.1000061035156,268.1000061035156,268.25,267.8500061035156,268.25,186161,-0.07453660028021725,268.8449981689453,270.11800048828127
2026-08-28 10:00:00,268.1000061035156,268.1000061035156,268.1499938964844,267.8999938964844,268.1000061035156,222054,0.0,268.79749908447263,270.03100036621095
2026-08-28 10:15:00,268.45001220703125,268.45001220703125,268.5,267.95001220703125,268.1000061035156,227253,0.13055057648170276,268.75999908447267,269.9600006103516
2026-08-28 10:30:00,268.3500061035156,268.3500061035156,268.5,268.29998779296875,268.5,122231,-0.03725315662809203,268.7074996948242,269.88300048828125
2026-08-28 10:45:00,268.20001220703125,268.20001220703125,268.3999938964844,267.8999938964844,268.3500061035156,192239,-0.0558948735132514,268.6625,269.80500061035156
2026-08-28 11:00:00,268.0,268.0,268.29998779296875,267.75,268.20001220703125,162115,-0.07457576358230744,268.60749969482424,269.72100036621094
2026-08-28 11:15:00,267.79998779296875,267.79998779296875,268.20001220703125,267.6499938964844,268.1499938964844,226409,-0.0746314205340437,268.54499969482424,269.6420001220703
2026-08-28 11:30:00,266.70001220703125,266.70001220703125,267.79998779296875,266.6000061035156,267.79998779296875,621591,-0.4107451964440956,268.42250061035156,269.5370001220703
2026-08-28 11:45:00,266.6499938964844,266.6499938964844,267.04998779296875,266.5,266.70001220703125,362622,-0.018754521281405534,268.2850006103516,269.43599975585937
2026-08-28 12:00:00,266.25,266.25,266.75,266.20001220703125,266.6499938964844,242679,-0.15000709005815738,268.14500122070314,269.3379998779297
2026-08-28 12:15:00,266.54998779296875,266.54998779296875,266.79998779296875,266.1499938964844,266.3500061035156,757746,0.11267147153755097,268.02750091552736,269.24299987792966
2026-08-28 12:30:00,266.54998779296875,266.54998779296875,266.6499938964844,265.8999938964844,266.54998779296875,857549,0.0,267.925,269.1419995117187
2026-08-28 12:45:00,266.25,266.25,266.6000061035156,265.95001220703125,266.54998779296875,845422,-0.11254466580645772,267.80749969482423,269.03699951171876
2026-08-28 13:00:00,265.8999938964844,265.8999938964844,266.54998779296875,265.79998779296875,266.25,779257,-0.1314576914612675,267.6625,268.92599914550783
2026-08-28 13:15:00,265.79998779296875,265.79998779296875,266.0,265.20001220703125,265.8999938964844,1086582,-0.037610419635647485,267.5174987792969,268.8209991455078
2026-08-28 13:30:00,265.75,265.75,266.1000061035156,265.20001220703125,265.79998779296875,443974,-0.018806544493776833,267.3624984741211,268.7089990234375
2026-08-28 13:45:00,265.70001220703125,265.70001220703125,265.8999938964844,264.95001220703125,265.75,1769861,-0.018810082020226382,267.23499908447263,268.6009991455078
2026-08-28 14:00:00,265.3500061035156,265.3500061035156,265.70001220703125,264.8500061035156,265.70001220703125,532323,-0.13172980332529782,267.05249938964846,268.4799993896484
2026-08-28 14:15:00,265.1499938964844,265.1499938964844,265.5,265.0,265.45001220703125,535519,-0.07537674860773613,266.8949996948242,268.35599914550784
2026-08-28 14:30:00,265.1499938964844,265.1499938964844,265.5,265.04998779296875,265.20001220703125,542751,0.0,266.7375,268.2409991455078
2026-08-28 14:45:00,265.1000061035156,265.1000061035156,265.3500061035156,264.95001220703125,265.1000061035156,1062946,-0.018852647225886532,266.5875,268.11999938964846
2026-08-28 15:00:00,265.5,265.5,265.6000061035156,264.8500061035156,264.8500061035156,2351037,0.15088415212189954,266.4574996948242,268.00699951171873
2026-08-28 15:15:00,266.0,266.0,266.0,265.5,265.5,202344,0.18832391713747842,266.33499908447266,267.92199951171875
